-- phpMyAdmin SQL Dump
-- version 5.2.1
-- https://www.phpmyadmin.net/
--
-- Host: 127.0.0.1
-- Generation Time: Dec 05, 2024 at 02:51 PM
-- Server version: 10.4.32-MariaDB
-- PHP Version: 8.0.30

SET SQL_MODE = "NO_AUTO_VALUE_ON_ZERO";
START TRANSACTION;
SET time_zone = "+00:00";


/*!40101 SET @OLD_CHARACTER_SET_CLIENT=@@CHARACTER_SET_CLIENT */;
/*!40101 SET @OLD_CHARACTER_SET_RESULTS=@@CHARACTER_SET_RESULTS */;
/*!40101 SET @OLD_COLLATION_CONNECTION=@@COLLATION_CONNECTION */;
/*!40101 SET NAMES utf8mb4 */;

--
-- Database: `ebms`
--

DELIMITER $$
--
-- Procedures
--
CREATE DEFINER=`root`@`localhost` PROCEDURE `GenerateRandomBookReviews` ()   BEGIN
    DECLARE v_book_id INT DEFAULT 251;
    DECLARE v_review_id INT;
    DECLARE v_num_reviews INT;
    DECLARE v_i INT DEFAULT 1;
    DECLARE v_j INT;

    -- Loop through books 1 to 250
    WHILE v_book_id <= 500 DO
        -- Randomly choose the number of reviews (between 1 and 10)
        SET v_num_reviews = FLOOR(1 + (RAND() * 10));
        
        -- Loop to insert random reviews for the current book
        SET v_j = 1;
        WHILE v_j <= v_num_reviews DO
            -- Generate a random review_id for each review
            SET v_review_id = FLOOR(1 + (RAND() * 2000)); -- Random review_id between 1 and 2500
            
            -- Insert the book-review mapping into the Book_Reviews table
            INSERT INTO Book_Reviews (book_id, review_id)
            VALUES (v_book_id, v_review_id);
            
            -- Increment the counter for review insertion
            SET v_j = v_j + 1;
        END WHILE;

        -- Increment the counter for books
        SET v_book_id = v_book_id + 1;
    END WHILE;

    COMMIT;
END$$

CREATE DEFINER=`root`@`localhost` PROCEDURE `GenerateRandomReviews` ()   BEGIN
    DECLARE v_review_id INT DEFAULT 1;
    DECLARE v_rating INT;
    DECLARE v_comment VARCHAR(500);
    DECLARE v_date DATE;
    DECLARE i INT DEFAULT 1;
    DECLARE j INT;

    -- Loop through books 1 to 500
    WHILE i <= 500 DO
        -- Each book gets at least 2 reviews (loop 1 to 4 for 4 reviews)
        SET j = 1;
        WHILE j <= 4 DO
            SET v_rating = FLOOR(1 + (RAND() * 5)); -- Random rating 1 to 5
            SET v_comment = CASE FLOOR(1 + (RAND() * 5))
                            WHEN 1 THEN 'Excellent read!'
                            WHEN 2 THEN 'Very informative.'
                            WHEN 3 THEN 'Could be better.'
                            WHEN 4 THEN 'Enjoyed every page.'
                            WHEN 5 THEN 'Not my taste.'
                            END;
            SET v_date = CURDATE() - INTERVAL FLOOR(RAND() * 1460) DAY; -- Random date within 4 years

            -- Insert the generated review into the Reviews table
            INSERT INTO Reviews (review_id, rating, comment, created_at)
            VALUES (v_review_id, v_rating, v_comment, v_date);

            -- Increment review_id for next review
            SET v_review_id = v_review_id + 1;

            SET j = j + 1;
        END WHILE;

        SET i = i + 1;
    END WHILE;

    COMMIT;
END$$

DELIMITER ;

-- --------------------------------------------------------

--
-- Table structure for table `authorbooks`
--

CREATE TABLE `authorbooks` (
  `book_id` int(11) NOT NULL,
  `author_id` int(11) NOT NULL
) ENGINE=InnoDB DEFAULT CHARSET=utf8 COLLATE=utf8_general_ci;

--
-- Dumping data for table `authorbooks`
--

INSERT INTO `authorbooks` (`book_id`, `author_id`) VALUES
(1, 1),
(1, 2),
(3, 5),
(4, 6),
(4, 7),
(5, 8),
(5, 9),
(5, 10),
(6, 11),
(6, 12),
(6, 13),
(6, 14),
(7, 15),
(8, 16),
(8, 17),
(8, 18),
(9, 19),
(9, 20),
(10, 21),
(10, 22),
(11, 23),
(12, 24),
(12, 25),
(12, 26),
(12, 27),
(13, 28),
(13, 29),
(13, 30),
(14, 31),
(14, 32),
(15, 6),
(15, 7),
(16, 33),
(17, 34),
(18, 35),
(19, 36),
(19, 37),
(19, 38),
(20, 36),
(20, 37),
(20, 38),
(21, 36),
(21, 37),
(21, 38),
(22, 36),
(22, 37),
(22, 38),
(23, 36),
(23, 37),
(23, 38),
(24, 36),
(24, 37),
(24, 38),
(25, 36),
(25, 37),
(25, 38),
(26, 6),
(26, 7),
(27, 36),
(27, 37),
(27, 38),
(28, 39),
(28, 40),
(29, 41),
(30, 42),
(30, 43),
(30, 44),
(31, 45),
(31, 46),
(32, 47),
(32, 48),
(33, 36),
(33, 37),
(33, 38),
(34, 49),
(36, 50),
(36, 51),
(37, 6),
(37, 7),
(38, 52),
(38, 53),
(38, 54),
(38, 55),
(38, 56),
(39, 57),
(39, 58),
(40, 36),
(40, 37),
(40, 38),
(41, 36),
(41, 37),
(41, 38),
(42, 36),
(42, 37),
(42, 38),
(43, 36),
(43, 37),
(43, 38),
(44, 36),
(44, 37),
(44, 38),
(45, 59),
(46, 60),
(46, 61),
(46, 62),
(46, 63),
(46, 64),
(47, 65),
(47, 66),
(47, 67),
(47, 68),
(47, 69),
(47, 70),
(47, 71),
(47, 72),
(48, 6),
(48, 7),
(49, 73),
(50, 74),
(50, 75),
(51, 76),
(51, 77),
(51, 78),
(52, 79),
(52, 80),
(52, 81),
(53, 82),
(53, 83),
(54, 84),
(54, 85),
(55, 86),
(55, 87),
(56, 36),
(56, 37),
(56, 38),
(57, 88),
(58, 89),
(58, 90),
(58, 91),
(58, 92),
(58, 93),
(58, 94),
(58, 95),
(58, 96),
(59, 6),
(59, 7),
(60, 89),
(60, 90),
(60, 91),
(60, 92),
(60, 93),
(60, 94),
(60, 95),
(60, 96),
(61, 89),
(61, 90),
(61, 91),
(61, 92),
(61, 93),
(61, 94),
(61, 95),
(61, 96),
(62, 89),
(62, 90),
(62, 91),
(62, 92),
(62, 93),
(62, 94),
(62, 95),
(62, 96),
(63, 97),
(63, 98),
(63, 99),
(64, 100),
(64, 101),
(64, 102),
(65, 103),
(65, 104),
(66, 105),
(66, 106),
(66, 107),
(66, 108),
(66, 109),
(66, 110),
(66, 111),
(66, 112),
(67, 113),
(67, 114),
(68, 115),
(69, 116),
(69, 117),
(69, 118),
(69, 119),
(69, 120),
(69, 121),
(69, 122),
(69, 123),
(69, 124),
(69, 125),
(70, 6),
(70, 7),
(71, 126),
(71, 127),
(72, 128),
(72, 129),
(73, 130),
(73, 131),
(74, 132),
(74, 133),
(75, 134),
(75, 135),
(75, 136),
(75, 137),
(76, 138),
(76, 139),
(77, 140),
(77, 141),
(77, 142),
(78, 143),
(78, 144),
(79, 145),
(79, 146),
(79, 147),
(80, 148),
(80, 149),
(81, 6),
(81, 7),
(82, 150),
(83, 151),
(83, 152),
(84, 153),
(85, 154),
(85, 155),
(85, 156),
(85, 157),
(86, 36),
(86, 37),
(86, 38),
(87, 158),
(87, 159),
(87, 160),
(87, 161),
(88, 162),
(89, 36),
(89, 37),
(89, 38),
(90, 163),
(91, 36),
(91, 37),
(91, 38),
(92, 6),
(92, 7),
(93, 164),
(94, 165),
(94, 166),
(94, 167),
(95, 168),
(95, 169),
(96, 170),
(96, 171),
(96, 172),
(97, 173),
(97, 174),
(99, 175),
(99, 176),
(99, 177),
(100, 178),
(100, 179),
(100, 180),
(101, 181),
(102, 182),
(102, 183),
(103, 6),
(103, 7),
(104, 184),
(105, 36),
(105, 37),
(105, 38),
(106, 36),
(106, 37),
(106, 38),
(107, 185),
(108, 143),
(108, 144),
(109, 186),
(109, 187),
(110, 188),
(110, 189),
(110, 190),
(111, 191),
(112, 192),
(112, 193),
(113, 194),
(113, 195),
(113, 196),
(113, 197),
(114, 198),
(115, 6),
(115, 7),
(116, 199),
(117, 200),
(117, 201),
(117, 202),
(118, 203),
(118, 204),
(118, 205),
(118, 206),
(120, 36),
(120, 37),
(120, 38),
(121, 36),
(121, 37),
(121, 38),
(122, 36),
(122, 37),
(122, 38),
(123, 207),
(123, 208),
(124, 8),
(124, 9),
(124, 10),
(125, 209),
(125, 210),
(126, 6),
(126, 7),
(127, 211),
(127, 212),
(128, 213),
(129, 214),
(129, 215),
(129, 216),
(130, 217),
(130, 218),
(132, 219),
(132, 220),
(133, 221),
(133, 222),
(133, 223),
(134, 224),
(134, 225),
(134, 226),
(134, 227),
(135, 228),
(135, 229),
(135, 230),
(135, 231),
(136, 232),
(136, 233),
(137, 6),
(137, 7),
(138, 234),
(140, 235),
(140, 236),
(140, 237),
(140, 238),
(141, 116),
(141, 117),
(141, 118),
(141, 119),
(141, 120),
(141, 121),
(141, 122),
(141, 123),
(141, 124),
(141, 125),
(142, 116),
(142, 117),
(142, 118),
(142, 119),
(142, 120),
(142, 121),
(142, 122),
(142, 123),
(142, 124),
(142, 125),
(143, 239),
(144, 240),
(145, 241),
(145, 242),
(145, 243),
(147, 36),
(147, 37),
(147, 38),
(148, 244),
(148, 245),
(149, 246),
(149, 239),
(149, 247),
(150, 8),
(150, 9),
(150, 10),
(151, 248),
(151, 249),
(151, 250),
(152, 251),
(152, 252),
(152, 253),
(152, 254),
(152, 255),
(153, 256),
(153, 257),
(155, 258),
(155, 259),
(155, 260),
(156, 261),
(156, 262),
(157, 36),
(157, 37),
(157, 38),
(158, 263),
(159, 264),
(159, 265),
(159, 266),
(160, 267),
(161, 268),
(161, 269),
(162, 270),
(162, 271),
(162, 272),
(163, 36),
(163, 37),
(163, 38),
(164, 36),
(164, 37),
(164, 38),
(165, 273),
(165, 274),
(165, 275),
(166, 276),
(167, 277),
(167, 278),
(167, 279),
(167, 280),
(168, 281),
(169, 282),
(169, 283),
(169, 284),
(169, 285),
(170, 286),
(170, 287),
(171, 288),
(171, 289),
(173, 290),
(174, 291),
(175, 292),
(175, 293),
(176, 294),
(176, 295),
(176, 296),
(179, 297),
(180, 298),
(180, 299),
(181, 300),
(181, 301),
(181, 302),
(181, 303),
(181, 304),
(182, 305),
(182, 306),
(182, 307),
(182, 308),
(184, 309),
(184, 310),
(184, 311),
(184, 312),
(184, 313),
(184, 314),
(185, 315),
(185, 316),
(185, 317),
(186, 318),
(186, 319),
(186, 320),
(187, 321),
(187, 322),
(188, 323),
(189, 324),
(189, 325),
(192, 326),
(192, 327),
(196, 324),
(196, 325),
(202, 328),
(203, 221),
(203, 222),
(203, 223),
(206, 329),
(209, 330),
(210, 331),
(211, 332),
(211, 333),
(211, 334),
(213, 335),
(214, 336),
(214, 337),
(214, 338),
(214, 339),
(214, 340),
(214, 341),
(214, 342),
(214, 343),
(214, 344),
(214, 345),
(214, 346),
(215, 347),
(216, 348),
(216, 349),
(217, 350),
(220, 351),
(221, 352),
(221, 353),
(225, 354),
(225, 355),
(225, 356),
(226, 357),
(228, 358),
(228, 359),
(228, 360),
(229, 361),
(231, 362),
(231, 363),
(232, 364),
(232, 365),
(233, 261),
(233, 262),
(234, 366),
(235, 367),
(235, 368),
(235, 369),
(235, 370),
(236, 261),
(236, 262),
(237, 371),
(237, 372),
(238, 373),
(239, 374),
(240, 375),
(240, 376),
(241, 377),
(242, 378),
(243, 379),
(244, 380),
(244, 381),
(244, 382),
(245, 383),
(245, 384),
(246, 385),
(246, 386),
(247, 387),
(248, 388),
(248, 389),
(249, 390),
(249, 391),
(249, 392),
(250, 318),
(250, 319),
(250, 320),
(251, 393),
(251, 394),
(251, 395),
(251, 396),
(251, 397),
(251, 398),
(251, 399),
(251, 400),
(252, 36),
(252, 37),
(252, 38),
(253, 401),
(255, 402),
(255, 403),
(257, 404),
(257, 405),
(257, 406),
(258, 407),
(258, 408),
(259, 409),
(259, 410),
(259, 411),
(260, 412),
(261, 413),
(261, 414),
(261, 415),
(261, 416),
(262, 417),
(262, 418),
(262, 419),
(262, 420),
(263, 421),
(264, 422),
(264, 423),
(265, 424),
(265, 425),
(269, 426),
(270, 427),
(270, 428),
(270, 429),
(270, 430),
(1, 1),
(1, 2),
(3, 3),
(3, 4),
(3, 5),
(4, 6),
(4, 7),
(5, 8),
(5, 9),
(5, 10),
(6, 11),
(6, 12),
(6, 13),
(6, 14),
(7, 15),
(8, 16),
(8, 17),
(8, 18),
(9, 19),
(9, 20),
(10, 21),
(10, 22),
(11, 23),
(12, 24),
(12, 25),
(12, 26),
(12, 27),
(13, 28),
(13, 29),
(13, 30),
(14, 31),
(14, 32),
(15, 6),
(15, 7),
(16, 33),
(17, 34),
(18, 35),
(19, 36),
(19, 37),
(19, 38),
(20, 36),
(20, 37),
(20, 38),
(21, 36),
(21, 37),
(21, 38),
(22, 36),
(22, 37),
(22, 38),
(23, 36),
(23, 37),
(23, 38),
(24, 36),
(24, 37),
(24, 38),
(25, 36),
(25, 37),
(25, 38),
(26, 6),
(26, 7),
(27, 36),
(27, 37),
(27, 38),
(28, 39),
(28, 40),
(29, 41),
(30, 42),
(30, 43),
(30, 44),
(31, 45),
(31, 46),
(32, 47),
(32, 48),
(33, 36),
(33, 37),
(33, 38),
(34, 49),
(36, 50),
(36, 51),
(37, 6),
(37, 7),
(38, 52),
(38, 53),
(38, 54),
(38, 55),
(38, 56),
(39, 57),
(39, 58),
(40, 36),
(40, 37),
(40, 38),
(41, 36),
(41, 37),
(41, 38),
(42, 36),
(42, 37),
(42, 38),
(43, 36),
(43, 37),
(43, 38),
(44, 36),
(44, 37),
(44, 38),
(45, 59),
(46, 60),
(46, 61),
(46, 62),
(46, 63),
(46, 64),
(47, 65),
(47, 66),
(47, 67),
(47, 68),
(47, 69),
(47, 70),
(47, 71),
(47, 72),
(48, 6),
(48, 7),
(49, 73),
(50, 74),
(50, 75),
(51, 76),
(51, 77),
(51, 78),
(52, 79),
(52, 80),
(52, 81),
(53, 82),
(53, 83),
(54, 84),
(54, 85),
(55, 86),
(55, 87),
(56, 36),
(56, 37),
(56, 38),
(57, 88),
(58, 89),
(58, 90),
(58, 91),
(58, 92),
(58, 93),
(58, 94),
(58, 95),
(58, 96),
(59, 6),
(59, 7),
(60, 89),
(60, 90),
(60, 91),
(60, 92),
(60, 93),
(60, 94),
(60, 95),
(60, 96),
(61, 89),
(61, 90),
(61, 91),
(61, 92),
(61, 93),
(61, 94),
(61, 95),
(61, 96),
(62, 89),
(62, 90),
(62, 91),
(62, 92),
(62, 93),
(62, 94),
(62, 95),
(62, 96),
(63, 97),
(63, 98),
(63, 99),
(64, 100),
(64, 101),
(64, 102),
(65, 103),
(65, 104),
(66, 105),
(66, 106),
(66, 107),
(66, 108),
(66, 109),
(66, 110),
(66, 111),
(66, 112),
(67, 113),
(67, 114),
(68, 115),
(69, 116),
(69, 117),
(69, 118),
(69, 119),
(69, 120),
(69, 121),
(69, 122),
(69, 123),
(69, 124),
(69, 125),
(70, 6),
(70, 7),
(71, 126),
(71, 127),
(72, 128),
(72, 129),
(73, 130),
(73, 131),
(74, 132),
(74, 133),
(75, 134),
(75, 135),
(75, 136),
(75, 137),
(76, 138),
(76, 139),
(77, 140),
(77, 141),
(77, 142),
(78, 143),
(78, 144),
(79, 145),
(79, 146),
(79, 147),
(80, 148),
(80, 149),
(81, 6),
(81, 7),
(82, 150),
(83, 151),
(83, 152),
(84, 153),
(85, 154),
(85, 155),
(85, 156),
(85, 157),
(86, 36),
(86, 37),
(86, 38),
(87, 158),
(87, 159),
(87, 160),
(87, 161),
(88, 162),
(89, 36),
(89, 37),
(89, 38),
(90, 163),
(91, 36),
(91, 37),
(91, 38),
(92, 6),
(92, 7),
(93, 164),
(94, 165),
(94, 166),
(94, 167),
(95, 168),
(95, 169),
(96, 170),
(96, 171),
(96, 172),
(97, 173),
(97, 174),
(99, 175),
(99, 176),
(99, 177),
(100, 178),
(100, 179),
(100, 180),
(101, 181),
(102, 182),
(102, 183),
(103, 6),
(103, 7),
(104, 184),
(105, 36),
(105, 37),
(105, 38),
(106, 36),
(106, 37),
(106, 38),
(107, 185),
(108, 143),
(108, 144),
(109, 186),
(109, 187),
(110, 188),
(110, 189),
(110, 190),
(111, 191),
(112, 192),
(112, 193),
(113, 194),
(113, 195),
(113, 196),
(113, 197),
(114, 198),
(115, 6),
(115, 7),
(116, 199),
(117, 200),
(117, 201),
(117, 202),
(118, 203),
(118, 204),
(118, 205),
(118, 206),
(120, 36),
(120, 37),
(120, 38),
(121, 36),
(121, 37),
(121, 38),
(122, 36),
(122, 37),
(122, 38),
(123, 207),
(123, 208),
(124, 8),
(124, 9),
(124, 10),
(125, 209),
(125, 210),
(126, 6),
(126, 7),
(127, 211),
(127, 212),
(128, 213),
(129, 214),
(129, 215),
(129, 216),
(130, 217),
(130, 218),
(132, 219),
(132, 220),
(133, 221),
(133, 222),
(133, 223),
(134, 224),
(134, 225),
(134, 226),
(134, 227),
(135, 228),
(135, 229),
(135, 230),
(135, 231),
(136, 232),
(136, 233),
(137, 6),
(137, 7),
(138, 234),
(140, 235),
(140, 236),
(140, 237),
(140, 238),
(141, 116),
(141, 117),
(141, 118),
(141, 119),
(141, 120),
(141, 121),
(141, 122),
(141, 123),
(141, 124),
(141, 125),
(142, 116),
(142, 117),
(142, 118),
(142, 119),
(142, 120),
(142, 121),
(142, 122),
(142, 123),
(142, 124),
(142, 125),
(143, 239),
(144, 240),
(145, 241),
(145, 242),
(145, 243),
(147, 36),
(147, 37),
(147, 38),
(148, 244),
(148, 245),
(149, 246),
(149, 239),
(149, 247),
(150, 8),
(150, 9),
(150, 10),
(151, 248),
(151, 249),
(151, 250),
(152, 251),
(152, 252),
(152, 253),
(152, 254),
(152, 255),
(153, 256),
(153, 257),
(155, 258),
(155, 259),
(155, 260),
(156, 261),
(156, 262),
(157, 36),
(157, 37),
(157, 38),
(158, 263),
(159, 264),
(159, 265),
(159, 266),
(160, 267),
(161, 268),
(161, 269),
(162, 270),
(162, 271),
(162, 272),
(163, 36),
(163, 37),
(163, 38),
(164, 36),
(164, 37),
(164, 38),
(165, 273),
(165, 274),
(165, 275),
(166, 276),
(167, 277),
(167, 278),
(167, 279),
(167, 280),
(168, 281),
(169, 282),
(169, 283),
(169, 284),
(169, 285),
(170, 286),
(170, 287),
(171, 288),
(171, 289),
(173, 290),
(174, 291),
(175, 292),
(175, 293),
(176, 294),
(176, 295),
(176, 296),
(179, 297),
(180, 298),
(180, 299),
(181, 300),
(181, 301),
(181, 302),
(181, 303),
(181, 304),
(182, 305),
(182, 306),
(182, 307),
(182, 308),
(184, 309),
(184, 310),
(184, 311),
(184, 312),
(184, 313),
(184, 314),
(185, 315),
(185, 316),
(185, 317),
(186, 318),
(186, 319),
(186, 320),
(187, 321),
(187, 322),
(188, 323),
(189, 324),
(189, 325),
(192, 326),
(192, 327),
(196, 324),
(196, 325),
(202, 328),
(203, 221),
(203, 222),
(203, 223),
(206, 329),
(209, 330),
(210, 331),
(211, 332),
(211, 333),
(211, 334),
(213, 335),
(214, 336),
(214, 337),
(214, 338),
(214, 339),
(214, 340),
(214, 341),
(214, 342),
(214, 343),
(214, 344),
(214, 345),
(214, 346),
(215, 347),
(216, 348),
(216, 349),
(217, 350),
(220, 351),
(221, 352),
(221, 353),
(225, 354),
(225, 355),
(225, 356),
(226, 357),
(228, 358),
(228, 359),
(228, 360),
(229, 361),
(231, 362),
(231, 363),
(232, 364),
(232, 365),
(233, 261),
(233, 262),
(234, 366),
(235, 367),
(235, 368),
(235, 369),
(235, 370),
(236, 261),
(236, 262),
(237, 371),
(237, 372),
(238, 373),
(239, 374),
(240, 375),
(240, 376),
(241, 377),
(242, 378),
(243, 379),
(244, 380),
(244, 381),
(244, 382),
(245, 383),
(245, 384),
(246, 385),
(246, 386),
(247, 387),
(248, 388),
(248, 389),
(249, 390),
(249, 391),
(249, 392),
(250, 318),
(250, 319),
(250, 320),
(251, 393),
(251, 394),
(251, 395),
(251, 396),
(251, 397),
(251, 398),
(251, 399),
(251, 400),
(252, 36),
(252, 37),
(252, 38),
(253, 401),
(255, 402),
(255, 403),
(257, 404),
(257, 405),
(257, 406),
(258, 407),
(258, 408),
(259, 409),
(259, 410),
(259, 411),
(260, 412),
(261, 413),
(261, 414),
(261, 415),
(261, 416),
(262, 417),
(262, 418),
(262, 419),
(262, 420),
(263, 421),
(264, 422),
(264, 423),
(265, 424),
(265, 425),
(269, 426),
(270, 427),
(270, 428),
(270, 429),
(270, 430),
(270, 431),
(271, 426),
(272, 426),
(273, 426),
(278, 432),
(279, 433),
(279, 434),
(281, 435),
(281, 436),
(281, 437),
(283, 221),
(283, 222),
(283, 223),
(285, 438),
(286, 439),
(286, 440),
(288, 441),
(289, 442),
(290, 443),
(290, 444),
(291, 445),
(292, 446),
(292, 447),
(299, 448),
(300, 449),
(300, 450),
(301, 451),
(301, 452),
(302, 453),
(303, 358),
(303, 359),
(303, 360),
(304, 454),
(308, 455),
(313, 332),
(313, 333),
(313, 456),
(313, 457),
(313, 458),
(313, 334),
(313, 459),
(314, 336),
(314, 337),
(314, 338),
(314, 344),
(315, 460),
(316, 3),
(316, 4),
(316, 5),
(320, 461),
(324, 462),
(324, 463),
(324, 464),
(325, 465),
(325, 466),
(326, 467),
(326, 468),
(326, 469),
(327, 244),
(327, 245),
(328, 36),
(328, 37),
(328, 38),
(329, 8),
(329, 9),
(329, 10),
(331, 470),
(331, 471),
(331, 472),
(331, 473),
(331, 474),
(332, 470),
(332, 471),
(332, 472),
(332, 473),
(332, 474),
(336, 475),
(336, 476),
(336, 477),
(336, 478),
(336, 479),
(342, 480),
(342, 481),
(342, 482),
(342, 483),
(348, 326),
(348, 327),
(349, 484),
(349, 485),
(349, 486),
(350, 261),
(350, 262),
(353, 487),
(353, 488),
(353, 489),
(354, 490),
(354, 491),
(354, 492),
(354, 493),
(354, 494),
(354, 495),
(354, 496),
(354, 497),
(354, 498),
(354, 499),
(354, 500),
(354, 501),
(354, 502),
(354, 503),
(355, 504),
(355, 505),
(355, 506),
(355, 507),
(356, 508),
(357, 509),
(357, 510),
(358, 84),
(358, 85),
(359, 511),
(360, 512),
(360, 513),
(361, 514),
(361, 515),
(362, 516),
(362, 517),
(362, 518),
(362, 519),
(362, 520),
(363, 521),
(363, 522),
(363, 523),
(363, 524),
(363, 525),
(364, 140),
(364, 141),
(364, 142),
(365, 221),
(365, 222),
(365, 223),
(366, 221),
(366, 222),
(366, 223),
(367, 526),
(368, 527),
(368, 528),
(369, 529),
(370, 530),
(370, 531),
(370, 532),
(370, 533),
(370, 534),
(371, 535),
(371, 536),
(371, 537),
(372, 36),
(372, 37),
(372, 38),
(373, 36),
(373, 37),
(373, 38),
(374, 538),
(374, 539),
(374, 540),
(375, 541),
(375, 542),
(375, 543),
(376, 530),
(376, 531),
(376, 532),
(376, 533),
(376, 534),
(378, 544),
(378, 545),
(379, 546),
(379, 547),
(379, 548),
(379, 549),
(380, 475),
(380, 476),
(380, 477),
(380, 478),
(380, 479),
(381, 550),
(382, 551),
(382, 552),
(382, 553),
(384, 248),
(384, 249),
(384, 250),
(385, 246),
(385, 239),
(385, 247),
(386, 554),
(386, 555),
(387, 556),
(387, 557),
(387, 558),
(387, 559),
(388, 560),
(388, 561),
(388, 562),
(389, 563),
(390, 564),
(390, 565),
(390, 566),
(391, 475),
(391, 476),
(391, 477),
(391, 478),
(391, 479),
(392, 567),
(392, 568),
(392, 569),
(393, 570),
(394, 570),
(395, 570),
(396, 571),
(396, 572),
(396, 573),
(396, 574),
(397, 571),
(397, 572),
(397, 573),
(397, 574),
(398, 575),
(399, 575),
(400, 576),
(401, 577),
(402, 116),
(402, 117),
(402, 118),
(402, 119),
(402, 120),
(402, 121),
(402, 122),
(402, 123),
(402, 124),
(402, 125),
(403, 578),
(403, 579),
(404, 580),
(404, 581),
(404, 582),
(404, 583),
(405, 584),
(405, 585),
(406, 586),
(406, 587),
(407, 282),
(407, 283),
(407, 284),
(407, 285),
(408, 221),
(408, 222),
(408, 223),
(409, 282),
(409, 283),
(409, 284),
(409, 285),
(410, 588),
(410, 589),
(410, 590),
(411, 591),
(412, 592),
(412, 593),
(412, 594),
(413, 595),
(414, 596),
(415, 597),
(415, 598),
(415, 599),
(416, 600),
(416, 601),
(416, 602),
(417, 603),
(418, 604),
(418, 605),
(419, 606),
(419, 607),
(420, 185),
(421, 608),
(421, 609),
(421, 610),
(422, 24),
(422, 25),
(422, 26),
(422, 27),
(423, 611),
(423, 612),
(424, 613),
(425, 298),
(425, 299),
(426, 614),
(426, 615),
(426, 616),
(427, 617),
(427, 618),
(427, 619),
(428, 620),
(429, 621),
(430, 622),
(430, 623),
(430, 624),
(431, 625),
(431, 626),
(431, 627),
(432, 628),
(432, 629),
(433, 597),
(433, 598),
(433, 599),
(435, 630),
(435, 631),
(436, 632),
(436, 633),
(437, 584),
(437, 585),
(438, 634),
(439, 635),
(439, 636),
(439, 637),
(440, 638),
(440, 639),
(440, 640),
(441, 281),
(442, 641),
(442, 642),
(442, 643),
(442, 644),
(443, 645),
(444, 143),
(444, 144),
(445, 646),
(445, 647),
(445, 648),
(446, 649),
(446, 650),
(447, 651),
(447, 652),
(447, 653),
(448, 567),
(448, 568),
(448, 569),
(449, 654),
(449, 655),
(449, 656),
(449, 657),
(449, 658),
(449, 659),
(450, 660),
(451, 661),
(451, 662),
(451, 663),
(451, 664),
(452, 665),
(453, 666),
(453, 667),
(457, 668),
(457, 669),
(458, 670),
(458, 671),
(459, 3),
(459, 4),
(459, 5),
(460, 672),
(460, 673),
(460, 674),
(460, 675),
(460, 676),
(465, 677),
(465, 678),
(467, 679),
(467, 680),
(467, 681),
(468, 134),
(468, 135),
(468, 136),
(468, 137),
(469, 241),
(469, 242),
(469, 243),
(470, 682),
(471, 683),
(471, 684),
(471, 685),
(472, 686),
(472, 687),
(472, 688),
(472, 689),
(472, 690),
(473, 691),
(473, 692),
(476, 571),
(476, 572),
(476, 573),
(476, 574),
(477, 571),
(477, 572),
(477, 573),
(477, 574),
(478, 221),
(478, 222),
(478, 223),
(479, 571),
(479, 572),
(479, 573),
(479, 574),
(480, 693),
(480, 694),
(480, 695),
(481, 696),
(481, 697),
(481, 698),
(481, 699),
(482, 700),
(482, 701),
(482, 702),
(482, 703),
(482, 704),
(482, 705),
(483, 706),
(483, 707),
(484, 116),
(484, 117),
(484, 118),
(484, 119),
(484, 120),
(484, 121),
(484, 122),
(484, 123),
(484, 124),
(484, 125),
(485, 708),
(486, 282),
(486, 283),
(486, 284),
(486, 285),
(487, 36),
(487, 37),
(487, 38),
(488, 270),
(488, 271),
(488, 272),
(489, 709),
(489, 710),
(490, 711),
(491, 712),
(492, 354),
(492, 355),
(492, 356),
(493, 713),
(494, 714),
(494, 715),
(495, 716),
(495, 717),
(495, 718),
(495, 719),
(496, 604),
(496, 605),
(497, 720),
(499, 721),
(499, 722),
(499, 723),
(499, 724),
(500, 725),
(500, 726),
(500, 727),
(502, 728),
(503, 3),
(503, 4),
(503, 5),
(504, 36),
(504, 37),
(504, 38),
(505, 576),
(506, 729),
(506, 730),
(506, 731),
(506, 732),
(506, 733),
(507, 734),
(507, 735),
(508, 36),
(508, 37),
(508, 38),
(509, 736),
(509, 737),
(509, 738),
(510, 36),
(510, 37),
(510, 38),
(511, 725),
(511, 726),
(511, 727),
(512, 739),
(513, 740),
(513, 741),
(514, 244),
(514, 245),
(515, 638),
(515, 639),
(515, 640),
(516, 742),
(516, 743),
(517, 744),
(518, 745),
(519, 36),
(519, 37),
(519, 38),
(520, 746),
(521, 747),
(521, 748),
(521, 749),
(523, 116),
(523, 117),
(523, 118),
(523, 119),
(523, 120),
(523, 121),
(523, 122),
(523, 123),
(523, 124),
(523, 125),
(524, 750),
(524, 751),
(524, 752),
(525, 244),
(525, 245),
(526, 564),
(526, 565),
(526, 566),
(528, 753),
(528, 754),
(528, 755),
(528, 756),
(528, 757),
(529, 758),
(529, 759),
(530, 760),
(530, 761),
(531, 36),
(531, 37),
(531, 38),
(532, 762),
(532, 763),
(533, 764),
(534, 764),
(535, 765),
(535, 766),
(535, 767),
(536, 641),
(536, 642),
(536, 643),
(536, 644),
(537, 768),
(537, 769),
(537, 770),
(537, 771),
(538, 772),
(538, 773),
(538, 774),
(539, 775),
(539, 776),
(541, 764),
(542, 777),
(543, 564),
(543, 565),
(543, 566),
(544, 564),
(544, 565),
(544, 566),
(545, 564),
(545, 565),
(545, 566),
(547, 778),
(548, 779),
(548, 780),
(549, 781),
(549, 782),
(550, 768),
(550, 769),
(550, 770),
(550, 771),
(552, 783),
(552, 784),
(552, 785),
(552, 786),
(553, 787),
(553, 788),
(554, 526),
(555, 564),
(555, 565),
(555, 566),
(556, 564),
(556, 565),
(556, 566),
(557, 564),
(557, 565),
(557, 566),
(558, 789),
(559, 790),
(559, 791),
(559, 792),
(559, 793),
(559, 794),
(559, 795),
(560, 564),
(560, 565),
(560, 566),
(561, 564),
(561, 565),
(561, 566),
(562, 796),
(562, 797),
(562, 798),
(562, 799),
(563, 564),
(563, 565),
(563, 566),
(564, 564),
(564, 565),
(564, 566),
(565, 564),
(565, 565),
(565, 566),
(566, 800),
(566, 801),
(566, 802),
(566, 803),
(566, 804),
(566, 805),
(566, 806),
(567, 807),
(567, 808),
(567, 809),
(568, 810),
(569, 811),
(569, 812),
(569, 813),
(570, 814),
(570, 815),
(571, 816),
(571, 817),
(571, 818),
(572, 819),
(573, 326),
(573, 327),
(574, 820),
(575, 217),
(575, 218),
(576, 821),
(576, 822),
(577, 823),
(577, 824),
(577, 825),
(577, 826),
(577, 827),
(578, 828),
(578, 829),
(579, 830),
(579, 831),
(580, 823),
(580, 824),
(580, 825),
(580, 826),
(580, 827),
(581, 832),
(581, 833),
(582, 834),
(582, 835),
(583, 836),
(583, 837),
(584, 764),
(585, 188),
(585, 189),
(585, 190),
(586, 564),
(586, 565),
(586, 566),
(587, 564),
(587, 565),
(587, 566),
(588, 564),
(588, 565),
(588, 566),
(589, 564),
(589, 565),
(589, 566),
(590, 564),
(590, 565),
(590, 566),
(591, 564),
(591, 565),
(591, 566),
(592, 838),
(592, 839),
(592, 840),
(592, 841),
(593, 564),
(593, 565);

-- --------------------------------------------------------

--
-- Table structure for table `authors`
--

CREATE TABLE `authors` (
  `Author_id` int(3) NOT NULL,
  `Name` varchar(255) NOT NULL,
  `Nationality` varchar(100) DEFAULT NULL
) ENGINE=InnoDB DEFAULT CHARSET=utf8 COLLATE=utf8_general_ci;

--
-- Dumping data for table `authors`
--

INSERT INTO `authors` (`Author_id`, `Name`, `Nationality`) VALUES
(1, 'United States President (1801-1809)', 'en'),
(2, 'Jefferson, Thomas', 'en'),
(3, 'Shakspeare, William', 'ca'),
(4, 'Shakspere, William', 'ca'),
(5, 'Shakespeare, William', 'ca'),
(6, 'Alighieri, Dante', 'de'),
(7, 'Dante Alighieri', 'de'),
(8, 'Anonyme', 'cy'),
(9, 'Anonymous, Anonymous', 'cy'),
(10, 'Anonymous', 'cy'),
(11, 'Seneca, L. A. (Lucius Annaeus)', 'en'),
(12, 'Seneca, Annaeus', 'en'),
(13, 'Annaeus Seneca, Lucius', 'en'),
(14, 'Seneca, Lucius Annaeus', 'en'),
(15, 'Hodgson, William Hope', 'en'),
(16, 'King, Mary Alsop', 'en'),
(17, 'Waddington, Mary Alsop King', 'en'),
(18, 'Waddington, Mary King', 'en'),
(19, 'Brown, Anna Robertson', 'en'),
(20, 'Lindsay, Anna Robertson Brown', 'en'),
(21, 'Atterley, Joseph', 'en'),
(22, 'Tucker, George', 'en'),
(23, 'Boccaccio, Giovanni', 'en'),
(24, 'LeFanu, J. S. (Joseph Sheridan)', 'en'),
(25, 'Fanu, Joseph Sheridan Le', 'en'),
(26, 'Fanu, J. Sheridan Le', 'en'),
(27, 'Le Fanu, Joseph Sheridan', 'en'),
(28, 'Fabian, Warner', 'en'),
(29, 'White, Stewart Edward', 'en'),
(30, 'Adams, Samuel Hopkins', 'en'),
(31, 'Hammond, Samuel H.', 'en'),
(32, 'Hammond, S. H. (Samuel H.)', 'en'),
(33, 'Hayley, William', 'en'),
(34, 'Unknown', 'de'),
(35, 'Muir, John', 'en'),
(36, 'Verschillende', 'de'),
(37, 'Various, Various', 'de'),
(38, 'Various', 'de'),
(39, 'Beddington, Ada Esther', 'en'),
(40, 'Leverson, Ada', 'en'),
(41, 'Bueltmann, A. J.', 'en'),
(42, 'Brooks, Charles Stephen', 'en'),
(43, 'Brooks, C. S. (Charles Stephen)', 'en'),
(44, 'Brooks, Charles S. (Charles Stephen)', 'en'),
(45, 'Cross, Frederick J.', 'en'),
(46, 'Cross, F. J. (Frederick J.)', 'en'),
(47, 'Danielson, Fannie Hurst', 'en'),
(48, 'Hurst, Fannie', 'en'),
(49, 'Avery, Harold', 'en'),
(50, 'Magnay, Sir William', 'en'),
(51, 'Magnay, William, Sir', 'en'),
(52, 'Cody, William F. (William Frederick)', 'en'),
(53, 'Cody, William Frederick', 'en'),
(54, 'Bill, Buffalo', 'en'),
(55, 'Cody, Buffalo Bill', 'en'),
(56, 'Buffalo Bill', 'en'),
(57, 'Poe, Edgar Allen', 'de'),
(58, 'Poe, Edgar Allan', 'de'),
(59, 'Black, Edith Ferguson', 'en'),
(60, 'Raimond, C. E.', 'en'),
(61, 'Parks, Mrs. George Richmond', 'en'),
(62, 'Parks, Elizabeth Robins', 'en'),
(63, 'Parkes, Elizabeth Robins', 'en'),
(64, 'Robins, Elizabeth', 'en'),
(65, 'Behn, Aphra Amis', 'en'),
(66, 'Behn, Anne', 'en'),
(67, 'Bhen, A. (Aphra)', 'en'),
(68, 'Behn, Afra', 'en'),
(69, 'Behn, Aphara', 'en'),
(70, 'Behn, Ayfara', 'en'),
(71, 'Johnson, Aphra', 'en'),
(72, 'Behn, Aphra', 'en'),
(73, 'Lee, Charles A.', 'en'),
(74, 'Cabell, Branch', 'en'),
(75, 'Cabell, James Branch', 'en'),
(76, 'Murray, Elsie Riach', 'en'),
(77, 'Murray, E. R. (Elsie Riach)', 'en'),
(78, 'Smith, Henrietta Brown', 'en'),
(79, 'Ladue, Joseph Francis', 'en'),
(80, 'Ladue, Joe', 'en'),
(81, 'Ladue, Joseph', 'en'),
(82, 'Wood, William Charles Henry', 'en'),
(83, 'Wood, William', 'en'),
(84, 'Hancock, Harrie Irving', 'en'),
(85, 'Hancock, H. Irving (Harrie Irving)', 'en'),
(86, 'Tweedsmuir, John Buchan, Baron', 'en'),
(87, 'Buchan, John', 'en'),
(88, 'Wheeler, Janet D.', 'en'),
(89, 'Oliphant, Margaret Oliphant Wilson', 'en'),
(90, 'Mrs. (Margaret) Oliphant', 'en'),
(91, 'Olyphant, Mrs.', 'en'),
(92, 'Oliphant, M. O. W. (Margaret Oliphant Wilson)', 'en'),
(93, 'Oliphant, Mrs. Margaret', 'en'),
(94, 'Oliphant, Mrs.', 'en'),
(95, 'Wilson, Margaret', 'en'),
(96, 'Oliphant, Mrs. (Margaret)', 'en'),
(97, 'Féval, Paul Henri Corentin', 'fr'),
(98, 'Feval, Paul', 'fr'),
(99, 'Féval, Paul', 'fr'),
(100, 'Berzelius, Jons Jakob, friherre', 'la'),
(101, 'Berzelius, J. Jacob (Jöns Jacob), friherre', 'la'),
(102, 'Berzelius, Jöns Jakob, friherre', 'la'),
(103, 'Lessing, G. E.', 'de'),
(104, 'Lessing, Gotthold Ephraim', 'de'),
(105, '孔子', 'en'),
(106, 'Fa-hsien', 'en'),
(107, '法顯', 'en'),
(108, '孟子', 'en'),
(109, 'Mengzi', 'en'),
(110, 'Confucius', 'en'),
(111, 'Faxian', 'en'),
(112, 'Mencius', 'en'),
(113, 'Hawkins, Anthony Hope', 'en'),
(114, 'Hope, Anthony', 'en'),
(115, 'Quigley, Edward J.', 'en'),
(116, 'Van Dyne, Edith', 'en'),
(117, 'Bancroft, Laura', 'en'),
(118, 'Baum, Lyman Frank', 'en'),
(119, 'Metcalf, Suzanne', 'en'),
(120, 'Akers, Floyd', 'en'),
(121, 'Cooke, John Estes', 'en'),
(122, 'Fitzgerald, Capt. Hugh', 'en'),
(123, 'Fitzgerald, Hugh', 'en'),
(124, 'Staunton, Schuyler', 'en'),
(125, 'Baum, L. Frank (Lyman Frank)', 'en'),
(126, 'Huxley, T. H. (Thomas Henry)', 'de'),
(127, 'Huxley, Thomas Henry', 'de'),
(128, 'Verhaeren, Émile', 'de'),
(129, 'Verhaeren, Emile', 'de'),
(130, 'Keenan, Henry Francis', 'en'),
(131, 'Keenan, Henry F. (Henry Francis)', 'en'),
(132, 'Towne, Elizabeth (Jones), Mrs.', 'en'),
(133, 'Towne, Elizabeth', 'en'),
(134, 'Farnol, John Jeffery', 'en'),
(135, 'Farnol, Jeffrey', 'en'),
(136, 'Farnol, Jack', 'en'),
(137, 'Farnol, Jeffery', 'en'),
(138, 'Beck, James Montgomery', 'en'),
(139, 'Beck, James M. (James Montgomery)', 'en'),
(140, 'Faust, Frederick Schiller', 'en'),
(141, 'Frederick, John', 'en'),
(142, 'Brand, Max', 'en'),
(143, 'Stevenson, Burton E.', 'en'),
(144, 'Stevenson, Burton Egbert', 'en'),
(145, 'MacGowan, Grace', 'en'),
(146, 'Cooke, Mrs. William', 'en'),
(147, 'Cooke, Grace MacGowan', 'en'),
(148, 'Planta, J. (Joseph)', 'en'),
(149, 'Planta, Joseph', 'en'),
(150, 'Eggleston, Edward', 'en'),
(151, 'Edwardes, Stephen Meredyth', 'en'),
(152, 'Edwardes, S. M. (Stephen Meredyth)', 'en'),
(153, 'Moxon, Elizabeth', 'en'),
(154, 'Greever, Gustavus Garland', 'en'),
(155, 'Bachelor, Joseph Morris', 'en'),
(156, 'Greever, Garland', 'en'),
(157, 'Bachelor, Joseph M. (Joseph Morris)', 'en'),
(158, 'Venture', 'en'),
(159, 'Furro, Broteer', 'en'),
(160, 'Broteer', 'en'),
(161, 'Smith, Venture', 'en'),
(162, 'Bindloss, Harold', 'en'),
(163, 'Johnson, Douglas Wilson', 'en'),
(164, 'Blatch, Harriot Stanton', 'en'),
(165, 'Drake, Robert L.', 'en'),
(166, 'Hayes, Clair Wallace', 'en'),
(167, 'Hayes, Clair W. (Clair Wallace)', 'en'),
(168, 'Watson, John R. (John Reay)', 'en'),
(169, 'Rees, Arthur J. (Arthur John)', 'en'),
(170, 'Rohlfs, Mrs. Charles', 'en'),
(171, 'Rohlfs, Anna Katharine Green', 'en'),
(172, 'Green, Anna Katharine', 'en'),
(173, 'Curwood, James-Oliver', 'en'),
(174, 'Curwood, James Oliver', 'en'),
(175, 'Kaler, James Otis', 'en'),
(176, 'Orton, James K.', 'en'),
(177, 'Otis, James', 'en'),
(178, 'Foster, Mary Louise', 'en'),
(179, 'Foster, May Louise', 'en'),
(180, 'Forsslund, Louise', 'en'),
(181, 'Oxonian', 'en'),
(182, 'Mackenzie, Donald Alexander', 'en'),
(183, 'Mackenzie, Donald A. (Donald Alexander)', 'en'),
(184, 'Nitti, Francesco Saverio', 'en'),
(185, 'MacDonald, George', 'en'),
(186, 'Trent, A. G.', 'en'),
(187, 'Garnett, Richard', 'en'),
(188, 'Ευριπίδης', 'el'),
(189, 'Eurípides', 'el'),
(190, 'Euripides', 'el'),
(191, 'Carpenter, Edward', 'en'),
(192, 'Massey, William Thomas', 'en'),
(193, 'Massey, W. T. (William Thomas)', 'en'),
(194, 'Ward, Mary Augusta Arnold', 'en'),
(195, 'Ward, Mrs. Humphry', 'en'),
(196, 'Arnold, Mary Augusta', 'en'),
(197, 'Ward, Humphry, Mrs.', 'en'),
(198, 'Sterling, Bruce', 'en'),
(199, 'Nichol, John', 'en'),
(200, 'Hudson, William Henry', 'en'),
(201, 'Harford, Henry', 'en'),
(202, 'Hudson, W. H. (William Henry)', 'en'),
(203, 'Queux, William Le', 'en'),
(204, 'Queux, William Tufnell Le', 'en'),
(205, 'Queux, William le', 'en'),
(206, 'Le Queux, William', 'en'),
(207, 'Dalton, Edward Hugh John Neal Dalton, Baron', 'en'),
(208, 'Dalton, Hugh Dalton, Baron', 'en'),
(209, 'Marquand, John Phillips', 'en'),
(210, 'Marquand, John P. (John Phillips)', 'en'),
(211, 'Holmes, Gordon', 'en'),
(212, 'Tracy, Louis', 'en'),
(213, 'Sweetser, Kate Dickinson', 'en'),
(214, 'Fisk, John', 'en'),
(215, 'Green, Edmund Fisk', 'en'),
(216, 'Fiske, John', 'en'),
(217, 'D\'Oliveira, Abraham Elias Jessurun', 'nl'),
(218, 'D\'Oliveira, E. (Elias)', 'nl'),
(219, 'Earle, Mary Alice Morse', 'en'),
(220, 'Earle, Alice Morse', 'en'),
(221, 'Kingley, Charles', 'en'),
(222, 'Kingsley, C. (Charles)', 'en'),
(223, 'Kingsley, Charles', 'en'),
(224, 'Rydberg, Abraham Viktor', 'en'),
(225, 'Rydberg, Victor', 'en'),
(226, 'Rydberg, V. (Viktor)', 'en'),
(227, 'Rydberg, Viktor', 'en'),
(228, 'Dyer, Thomas Firminger Thiselton', 'en'),
(229, 'Thiselton-Dyer, Thomas Firminger', 'en'),
(230, 'Dyer, T. F. Thiselton (Thomas Firminger Thiselton)', 'en'),
(231, 'Thiselton-Dyer, T. F. (Thomas Firminger)', 'en'),
(232, 'Shelley, P. B. (Percy Bysshe)', 'en'),
(233, 'Shelley, Percy Bysshe', 'en'),
(234, 'Hutton, Edward', 'en'),
(235, 'Ranke-Graves, Robert von', 'en'),
(236, 'Doyle, John', 'en'),
(237, 'Graves, Robert von Ranke', 'en'),
(238, 'Graves, Robert', 'en'),
(239, 'Lamb, Charles', 'en'),
(240, 'Waugh, Edwin', 'en'),
(241, 'Evans, Bob', 'en'),
(242, 'Evans, Robert J.', 'en'),
(243, 'Dulabone, Chris', 'en'),
(244, 'Wells, Herbert George', 'en'),
(245, 'Wells, H. G. (Herbert George)', 'en'),
(246, 'Lamb, Mary Ann', 'en'),
(247, 'Lamb, Mary', 'en'),
(248, 'Scott, Hugh Stowell', 'en'),
(249, 'Merriman, H. Seton (Henry Seton)', 'en'),
(250, 'Merriman, Henry Seton', 'en'),
(251, 'Q', 'en'),
(252, 'Quiller-Couch, Sir Arthur Thomas', 'en'),
(253, 'Quiller-Couch, A. T. (Arthur Thomas)', 'en'),
(254, 'Quiller-Couch, Arthur Thomas', 'en'),
(255, 'Quiller-Couch, Arthur', 'en'),
(256, 'Brummit, Dan B. (Dan Brearley)', 'en'),
(257, 'Brummitt, Dan B. (Dan Brearley)', 'en'),
(258, 'Beeton, Isabella Mary Mayson', 'en'),
(259, 'Mayson, Isabella Mary', 'en'),
(260, 'Beeton, Mrs. (Isabella Mary)', 'en'),
(261, 'Edison, Thomas Alva', 'en'),
(262, 'Edison, Thomas A. (Thomas Alva)', 'en'),
(263, 'Tyrrell, George', 'en'),
(264, 'Sinclair, B. M. (Bertha Muzzy)', 'en'),
(265, 'Sinclair, Bertha Muzzy', 'en'),
(266, 'Bower, B. M.', 'en'),
(267, 'Clark, Donald Lemen', 'en'),
(268, 'Bryant, W. C. (William Cullen)', 'en'),
(269, 'Bryant, William Cullen', 'en'),
(270, 'Heusser, Johanna Louise', 'de'),
(271, 'Spyri, Johanna Heusser', 'de'),
(272, 'Spyri, Johanna', 'de'),
(273, 'Toynbee, Arnold Joseph', 'en'),
(274, 'Toynbee, Arnold J.', 'en'),
(275, 'Toynbee, Arnold', 'en'),
(276, 'Moore, Frank', 'en'),
(277, 'Russell, T. H. (Thomas Herbert)', 'en'),
(278, 'Russel, Thomas H. (Thomas Herbert)', 'en'),
(279, 'Herbert, Thomas', 'en'),
(280, 'Russell, Thomas Herbert', 'en'),
(281, 'Pyle, Howard', 'en'),
(282, 'Morgan, Jane', 'de'),
(283, 'Cooper, Fenimore', 'de'),
(284, 'Cooper, J. Fenimore (James Fenimore)', 'de'),
(285, 'Cooper, James Fenimore', 'de'),
(286, 'Parkman, F. (Francis)', 'en'),
(287, 'Parkman, Francis', 'en'),
(288, 'Stoker, Abraham', 'en'),
(289, 'Stoker, Bram', 'en'),
(290, 'Lett, Bob', 'en'),
(291, 'Lenord, Frank', 'en'),
(292, 'Von Schultz, Siegfried', 'en'),
(293, 'Schultz, Siegfried Von', 'en'),
(294, 'United States President (1901-1909)', 'en'),
(295, 'Roosevelt, Teddy', 'en'),
(296, 'Roosevelt, Theodore', 'en'),
(297, 'Girard, Gilbert', 'en'),
(298, 'Raleigh, Sir Walter Alexander', 'en'),
(299, 'Raleigh, Walter Alexander, Sir', 'en'),
(300, 'Spinoza, Benedict of', 'en'),
(301, 'Spinoza, Baruch', 'en'),
(302, 'Espinosa, Baruch de', 'en'),
(303, 'De Spinoza, Benedictus', 'en'),
(304, 'Spinoza, Benedictus de', 'en'),
(305, 'Thibault, Jacques-Anatole-François', 'en'),
(306, 'Thibault, Jacques-Anatole-Francois', 'en'),
(307, 'Thibault, Anatole', 'en'),
(308, 'France, Anatole', 'en'),
(309, 'Dio Cassius Cocceianus', 'en'),
(310, 'Dion Cassius Cocceianus', 'en'),
(311, 'Cassio Dione', 'en'),
(312, 'Dio, Cassius', 'en'),
(313, 'Lucio Cassio Dione', 'en'),
(314, 'Cassius Dio Cocceianus', 'en'),
(315, 'Hurgronje, C. Snouck (Christiaan Snouck)', 'en'),
(316, 'Hurgronje, Christiaan Snouck', 'en'),
(317, 'Snouck Hurgronje, C. (Christiaan)', 'en'),
(318, 'McClung, Nellie Letitia Mooney', 'en'),
(319, 'Mooney, Nellie Letitia', 'en'),
(320, 'McClung, Nellie L.', 'en'),
(321, 'Holdreth, Lionel H.', 'en'),
(322, 'Greg, Percy', 'en'),
(323, 'Smith, Thomas F. A.', 'en'),
(324, 'Edison Grand Concert Band', 'en'),
(325, 'Edison Concert Band', 'en'),
(326, 'Wilde, Oscar Fingal O\'Flahertie Wills', 'de'),
(327, 'Wilde, Oscar', 'de'),
(328, 'American Concert Orchestra', 'en'),
(329, 'New York Trio', 'en'),
(330, 'Edison Minstrels', 'en'),
(331, 'Kennedy, Frank', 'en'),
(332, 'Spencer, Leonard G. (Leonard Garfield)', 'en'),
(333, 'Allen, Gary', 'en'),
(334, 'Spencer, Len', 'en'),
(335, 'Edison Vaudeville Company', 'en'),
(336, 'Bell, Currer', 'en'),
(337, 'Bronte, Charlotte', 'en'),
(338, 'Charlotte Brontë', 'en'),
(339, 'Bronte, Anne', 'en'),
(340, 'Bell, Acton', 'en'),
(341, 'Bronte, Emily', 'en'),
(342, 'Bell, Ellis', 'en'),
(343, 'Brontë, Emily Jane', 'en'),
(344, 'Brontë, Charlotte', 'en'),
(345, 'Brontë, Anne', 'en'),
(346, 'Brontë, Emily', 'en'),
(347, 'Hill, Murry K.', 'en'),
(348, 'Stewart, Calvin Edward', 'en'),
(349, 'Stewart, Cal', 'en'),
(350, 'Woottwell, Tom', 'en'),
(351, 'Blue Ridge Duo', 'en'),
(352, 'Fiddling Powers and Family', 'en'),
(353, 'Fiddlin\' Powers & Family', 'en'),
(354, 'Clemens, Samuel Langhorne', 'ca'),
(355, 'Twain, Mark (Samuel Clemens)', 'ca'),
(356, 'Twain, Mark', 'ca'),
(357, 'Lowell, Amy', 'en'),
(358, 'Gray, Zane', 'en'),
(359, 'Gray, Pearl Zane', 'en'),
(360, 'Grey, Zane', 'en'),
(361, 'Mitchell, Maria', 'en'),
(362, 'Landfrey, trumpeter', 'en'),
(363, 'Landfrey, Kenneth', 'en'),
(364, 'Hobart, Garret Augustus', 'en'),
(365, 'Hobart, Garret A. (Garret Augustus)', 'en'),
(366, 'Bryan, William Jennings', 'en'),
(367, 'United States President (1909-1913)', 'en'),
(368, 'Taft, William Howard', 'en'),
(369, 'Taft, W. H. (William Howard)', 'en'),
(370, 'Taft, William H. (William Howard)', 'en'),
(371, 'Lindsay, Nicholas Vachel', 'en'),
(372, 'Lindsay, Vachel', 'en'),
(373, 'Parrish, Randall', 'en'),
(374, 'Leslie, Lawrence J.', 'en'),
(375, 'Peck, George Wilbur', 'en'),
(376, 'Peck, George W. (George Wilbur)', 'en'),
(377, 'Gregory, Jackson', 'en'),
(378, 'Taylor, Thomas', 'en'),
(379, 'Rovani, Giuseppe', 'it'),
(380, 'Josiah Allen\'s wife', 'en'),
(381, 'Holley, Mariettta', 'en'),
(382, 'Holley, Marietta', 'en'),
(383, 'Austin, Mary Hunter', 'en'),
(384, 'Austin, Mary', 'en'),
(385, 'Brandt, Gudmund Nyeland', 'da'),
(386, 'Brandt, G. N. (Gudmund Nyeland)', 'da'),
(387, 'Wordsworth, William', 'en'),
(388, 'Thoreau, Henry D. (Henry David)', 'en'),
(389, 'Thoreau, Henry David', 'en'),
(390, 'Davidson, Marion', 'en'),
(391, 'Garis, Howard R.', 'en'),
(392, 'Garis, Howard Roger', 'en'),
(393, 'Webb, Mrs. J. B.', 'en'),
(394, 'Molyneaux, Annie', 'en'),
(395, 'Peploe, J. B., Mrs. (Annie)', 'en'),
(396, 'Webb, Annie Molyneaux', 'en'),
(397, 'Webb-Peploe, Annie', 'en'),
(398, 'Webb-Peploe, Mrs. (Annie)', 'en'),
(399, 'Peploe, Annie Molyneaux', 'en'),
(400, 'Webb, J. B., Mrs. (Annie)', 'en'),
(401, 'Nixon-Roulet, Mary F.', 'en'),
(402, 'Saunders, Margaret Marshall', 'en'),
(403, 'Saunders, Marshall', 'en'),
(404, 'Diaz, Porfirio', 'es'),
(405, 'Mori, Porfirio Díaz', 'es'),
(406, 'Díaz, Porfirio', 'es'),
(407, 'Shackleton, E. H. (Ernest Henry), Sir', 'en'),
(408, 'Shackleton, Ernest Henry, Sir', 'en'),
(409, 'Boz', 'de'),
(410, 'Dickens, Charles John Huffam', 'de'),
(411, 'Dickens, Charles', 'de'),
(412, 'Daniels, Josephus', 'en'),
(413, 'Bagley, Addie Worth', 'en'),
(414, 'Daniels, Mrs. Josephus', 'en'),
(415, 'Daniels, Adelaide Worth Bagley', 'en'),
(416, 'Daniels, Addie Worth Bagley', 'en'),
(417, 'Miles, General (Nelson Appleton)', 'en'),
(418, 'Miles, N. A. (Nelson Appleton)', 'en'),
(419, 'Miles, Nelson A. (Nelson Appleton)', 'en'),
(420, 'Miles, Nelson Appleton', 'en'),
(421, 'Hutchinson, Miller Reese', 'en'),
(422, 'Cable, G. W. (George Washington)', 'en'),
(423, 'Cable, George Washington', 'en'),
(424, 'Edison, Theodore Miller', 'en'),
(425, 'Edison, Theodore M.', 'en'),
(426, 'Losey\'s Orchestra', 'en'),
(427, 'Stevenson, R. L. (Robert Louis)', 'de'),
(428, 'Osbourne, Samuel Lloyd', 'en'),
(429, 'Osborne, Lloyd', 'en'),
(430, 'Stevenson, Robert Louis', 'de'),
(431, 'Osbourne, Lloyd', 'en'),
(432, 'Lopez and Hamilton\'s Kings of Harmony', 'en'),
(433, 'Raderman\'s Jazz Orchestra', 'en'),
(434, 'Harry Raderman\'s Jazz Orchestra', 'en'),
(435, 'Rumford, Benjamin Thompson, Count', 'en'),
(436, 'Thompson, Benjamin, Sir', 'en'),
(437, 'Rumford, Benjamin, Graf von', 'en'),
(438, 'Carnegie, Andrew', 'en'),
(439, 'Watson, Thomas A.', 'en'),
(440, 'Watson, Thomas Augustus', 'en'),
(441, 'Nebe-Quartett', 'de'),
(442, 'I. J. Hochman\'s Yiddisher Orchester', 'yi'),
(443, 'Jugo-Slav Tamburitza Orchestra', 'en'),
(444, 'Jugoslavensko Tamburasko Drustvo', 'en'),
(445, 'Lusk, Milan', 'en'),
(446, 'Grossmith, George', 'en'),
(447, 'Grossmith, Weedon', 'en'),
(448, 'Berman, Louis', 'en'),
(449, 'Allen, Captain Quincy', 'en'),
(450, 'Allen, Quincy', 'en'),
(451, 'Houghton, Carolyn Wells', 'en'),
(452, 'Wells, Carolyn', 'en'),
(453, '\'Colored Quartet\' (name unknown)', 'en'),
(454, 'Hann\'s Emperors of Song', 'en'),
(455, 'Barrow, Isaac', 'en'),
(456, 'Stowe, Harriet Elizabeth Beecher', 'de'),
(457, 'Crowfield, Christopher', 'de'),
(458, 'Stowe, H. B. (Harriet Beecher)', 'de'),
(459, 'Stowe, Harriet Beecher', 'de'),
(460, 'Dunbar, Paul Laurence', 'en'),
(461, 'Peerless Orchestra (Edison studio ensemble)', 'en'),
(462, 'D\'Hervilly, Ernest', 'fr'),
(463, 'D\'Hervilly, Marie Ernest', 'fr'),
(464, 'Hervilly, Ernest d\'', 'fr'),
(465, 'Chaney, John Griffith', 'en'),
(466, 'London, Jack', 'en'),
(467, 'Thévenin, Denis', 'en'),
(468, 'Thevenin, Denis', 'en'),
(469, 'Duhamel, Georges', 'en'),
(470, 'Fisk Jubilee Singers', 'en'),
(471, 'Fisk University. Jubilee Quartet', 'en'),
(472, 'Jubilee Quartet', 'en'),
(473, 'Fisk Quartette Singers', 'en'),
(474, 'Jubilee Singers', 'en'),
(475, 'Verne, Júlio', 'da'),
(476, 'Verne, Jules Gabriël', 'da'),
(477, 'Verne, Jules Gabriel', 'da'),
(478, 'Verne, Gyula', 'da'),
(479, 'Verne, Jules', 'da'),
(480, 'Kalish, Sonia', 'en'),
(481, 'Kalish-Abuza, Sophie', 'en'),
(482, 'Abuza, Sonya Kalish', 'en'),
(483, 'Tucker, Sophie', 'en'),
(484, 'Sullivan, Arthur Seymour, Sir', 'en'),
(485, 'Sulivan, Arthur', 'en'),
(486, 'Sullivan, Arthur', 'en'),
(487, 'Buonarroti, Michelangelo', 'de'),
(488, 'Michelangelo Buonarroti', 'de'),
(489, 'Campanella, Tommaso', 'en'),
(490, 'Pheradausi', 'en'),
(491, 'Firdousi', 'en'),
(492, 'Firdusi', 'en'),
(493, 'Ferdousi', 'en'),
(494, 'Fardusi', 'en'),
(495, 'Ferdowsi, Abol-Qasem', 'en'),
(496, 'Hafez', 'en'),
(497, 'Hafis', 'en'),
(498, 'Shams-ud-Din Mohammed', 'en'),
(499, 'Khorezmi, Khafiz', 'en'),
(500, 'Khayyam, Omar', 'en'),
(501, 'Firdawsi', 'en'),
(502, 'Hafiz, active 14th century', 'en'),
(503, 'Omar Khayyam', 'en'),
(504, 'Fitzhugh, P. K. (Percy Keese)', 'en'),
(505, 'Fitzhugh, Percy K.', 'en'),
(506, 'Lloyd, Hugh', 'en'),
(507, 'Fitzhugh, Percy Keese', 'en'),
(508, 'Emerson, Alice B.', 'en'),
(509, 'Baldwin, Edward', 'en'),
(510, 'Godwin, William', 'en'),
(511, 'James, Henry', 'en'),
(512, 'Clarke, Rebecca Sophia', 'en'),
(513, 'May, Sophie', 'en'),
(514, 'Rideout, H. M. (Henry Milner)', 'en'),
(515, 'Rideout, Henry Milner', 'en'),
(516, 'Conklin, Mrs. Nathaniel', 'en'),
(517, 'Conklin, Jennie Maria Drinkwater', 'en'),
(518, 'Conklin, Jennie M. D. (Jennie Maria Drinkwater)', 'en'),
(519, 'Drinkwater, Jennie M.', 'en'),
(520, 'Conklin, Nathaniel, Mrs.', 'en'),
(521, 'Winfield, Arthur M.', 'en'),
(522, 'Steward, Ray M.', 'en'),
(523, 'Bonehill, Ralph', 'en'),
(524, 'Bonehill, Captain Ralph', 'en'),
(525, 'Stratemeyer, Edward', 'en'),
(526, 'Vance, Louis Joseph', 'en'),
(527, 'Cassels, Walter R.', 'en'),
(528, 'Cassels, Walter Richard', 'en'),
(529, 'Smith, Laura Rountree', 'en'),
(530, 'Riggs, Kate Douglas Smith Wiggin', 'en'),
(531, 'Smith, Kate Douglas', 'en'),
(532, 'Riggs, George Christopher, Mrs.', 'en'),
(533, 'Wiggin, Samuel Bradley, Mrs.', 'en'),
(534, 'Wiggin, Kate Douglas Smith', 'en'),
(535, 'Zola, Émile Édouard Charles Antoine', 'en'),
(536, 'Zola, Emile', 'en'),
(537, 'Zola, Émile', 'en'),
(538, 'Dickinson, Goldsworthy Lowes', 'en'),
(539, 'Dickinson, Lowes', 'en'),
(540, 'Dickinson, G. Lowes (Goldsworthy Lowes)', 'en'),
(541, 'Metz-Koning, Marie Catherine', 'nl'),
(542, 'Metz-Koning, Marie‏ (Maria Catherina)', 'nl'),
(543, 'Marx-Koning, Marie', 'nl'),
(544, 'Burke, Leda', 'en'),
(545, 'Garnett, David', 'en'),
(546, 'Aharonson, Aleks', 'en'),
(547, 'Aharonson, Aleksander', 'en'),
(548, 'אהרנסון, אלכסנדר', 'en'),
(549, 'Aaronsohn, Alexander', 'en'),
(550, 'Owen, Wilfred', 'en'),
(551, 'Stoddard, W. O.', 'en'),
(552, 'Stoddard, William Osborn', 'en'),
(553, 'Stoddard, William O.', 'en'),
(554, 'Erickson, Joel A.', 'en'),
(555, 'Erickson, Joel Amos', 'en'),
(556, 'Trollope, Mrs.', 'en'),
(557, 'Trollope, Fanny', 'en'),
(558, 'Milton, Frances', 'en'),
(559, 'Trollope, Frances Milton', 'en'),
(560, 'Buysse, Cyriël', 'fr'),
(561, 'Buysse, Cyrillus Gustave Emile', 'fr'),
(562, 'Buysse, Cyriel', 'fr'),
(563, 'Alvares, Rahul', 'en'),
(564, 'McGuinn, Jim', 'en'),
(565, 'McGuinn, James Joseph', 'en'),
(566, 'McGuinn, Roger', 'en'),
(567, 'Robinson, E. A. (Edwin Arlington)', 'en'),
(568, 'Robinson, Edward A.', 'en'),
(569, 'Robinson, Edwin Arlington', 'en'),
(570, 'Johnson, Samuel', 'en'),
(571, 'Von Goethe, Johann Wolfgang', 'de'),
(572, 'Goethe, J. W. (Johann Wolfgang)', 'de'),
(573, 'Goethe, Juan Wolfgango', 'de'),
(574, 'Goethe, Johann Wolfgang von', 'de'),
(575, 'Richardson, James', 'en'),
(576, 'Boswell, James', 'en'),
(577, 'Wilson, Harry Leon', 'en'),
(578, 'Lawson, Henry Archibald Hertzberg', 'en'),
(579, 'Lawson, Henry', 'en'),
(580, 'Barnard, A. M.', 'en'),
(581, 'Alcott, Louisa M. (Louisa May)', 'en'),
(582, 'Alcott, L. M. (Louisa May)', 'en'),
(583, 'Alcott, Louisa May', 'en'),
(584, 'Troward, Thomas', 'en'),
(585, 'Troward, T. (Thomas)', 'en'),
(586, 'Dolbey, Robert V. (Robert Valentine)', 'en'),
(587, 'Dolbey, Robert Valentine', 'en'),
(588, 'Gandhi, Mohandas Karamchand', 'en'),
(589, 'Gandhi, M. K.', 'en'),
(590, 'Gandhi, Mahatma', 'en'),
(591, 'Carr, John, Sir', 'en'),
(592, 'Stockton, Francis Richard', 'en'),
(593, 'Stockton, Frank Richard', 'en'),
(594, 'Stockton, Frank R.', 'en'),
(595, 'Yeardley, John', 'en'),
(596, 'Venables, Edmund', 'en'),
(597, 'Musick, John Roy', 'en'),
(598, 'Musick, J. R. (John Roy)', 'en'),
(599, 'Musick, John R. (John Roy)', 'en'),
(600, 'Partridge, Anthony', 'en'),
(601, 'Oppenheim, Edward Phillips', 'en'),
(602, 'Oppenheim, E. Phillips (Edward Phillips)', 'en'),
(603, 'Vachell, Horace Annesley', 'en'),
(604, 'Fletcher, Joseph Smith', 'en'),
(605, 'Fletcher, J. S. (Joseph Smith)', 'en'),
(606, 'Bowman, E. W. (Earl Wayland)', 'en'),
(607, 'Bowman, Earl Wayland', 'en'),
(608, 'Bonnin, Gertrude', 'en'),
(609, 'Simmons, Gertrude', 'en'),
(610, 'Zitkala-Sa', 'en'),
(611, 'Mill, J. S. (John Stuart)', 'en'),
(612, 'Mill, John Stuart', 'en'),
(613, 'Garvice, Charles', 'en'),
(614, 'Wells, Philip Patterson', 'en'),
(615, 'Wells, P. P. (Philip Patterson)', 'en'),
(616, 'Wells, Philip P. (Philip Patterson)', 'en'),
(617, 'Hugo, Victor Marie, comte', 'en'),
(618, 'Hugo, Víctor', 'en'),
(619, 'Hugo, Victor', 'en'),
(620, 'Howard, J. E.', 'en'),
(621, 'Bull, Thomas', 'en'),
(622, 'Conscience, Henryk', 'de'),
(623, 'Conscience, Henri', 'de'),
(624, 'Conscience, Hendrik', 'de'),
(625, 'Thiers, Marie-Joseph-Louis-Adolphe', 'fr'),
(626, 'Thiers, A. (Adolphe)', 'fr'),
(627, 'Thiers, Adolphe', 'fr'),
(628, 'Clarkson, T. (Thomas)', 'en'),
(629, 'Clarkson, Thomas', 'en'),
(630, 'Long, William Joseph', 'en'),
(631, 'Long, William J. (William Joseph)', 'en'),
(632, 'Livingston, David', 'en'),
(633, 'Livingstone, David', 'en'),
(634, 'Waterloo, Stanley', 'en'),
(635, 'Hawkins, Henry, Baron Brampton', 'en'),
(636, 'Brampton, Lord', 'en'),
(637, 'Brampton, Henry Hawkins, Baron', 'en'),
(638, 'Guest, Edgar Albert', 'en'),
(639, 'Guest, Eddie', 'en'),
(640, 'Guest, Edgar A. (Edgar Albert)', 'en'),
(641, 'Dyke, Henry Van', 'en'),
(642, 'Dyke, Henry Jackson Van', 'en'),
(643, 'Dyke, Henry I. Van', 'en'),
(644, 'Van Dyke, Henry', 'en'),
(645, 'Harkness, Peter T.', 'en'),
(646, 'Priestley, L. A. M.', 'en'),
(647, 'McCracken, Mrs. George', 'en'),
(648, 'McCracken, Elizabeth', 'en'),
(649, 'Collins, Joseph Edmund', 'en'),
(650, 'Collins, J. E. (Joseph Edmund)', 'en'),
(651, 'United States President (1933-1945)', 'en'),
(652, 'Roosevelt, Franklin Delano', 'en'),
(653, 'Roosevelt, Franklin D. (Franklin Delano)', 'en'),
(654, 'Wolff, Betje', 'nl'),
(655, 'Wolff-Bekker, Elizabeth', 'nl'),
(656, 'Bekker, E.', 'nl'),
(657, 'Deken, Aagje', 'nl'),
(658, 'Wolff, Elizabeth Bekker', 'nl'),
(659, 'Deken, Agatha', 'nl'),
(660, 'Drayton, Daniel', 'en'),
(661, 'Isham, Frederic S. (Frederic Stewart)', 'en'),
(662, 'Isham, F. S. (Frederic Stewart)', 'en'),
(663, 'Isham, Frederick S. (Frederick Stewart)', 'en'),
(664, 'Isham, Frederic Stewart', 'en'),
(665, 'Bilbrough, E. Ernest', 'en'),
(666, 'Raine, William McLeod', 'en'),
(667, 'Raine, William MacLeod', 'en'),
(668, 'Orchestra, Broadway Dance', 'en'),
(669, 'Broadway Dance Orchestra', 'en'),
(670, 'Jellicoe, John Rushworth Jellicoe, Earl', 'en'),
(671, 'Jellicoe, John Rushworth', 'en'),
(672, 'Williamson, Charles Norris', 'en'),
(673, 'Williamson, Alice Muriel', 'en'),
(674, 'Williamson, Mrs. C. N.', 'en'),
(675, 'Williamson, C. N. (Charles Norris)', 'en'),
(676, 'Williamson, A. M. (Alice Muriel)', 'en'),
(677, 'Band, National Promenade', 'en'),
(678, 'National Promenade Band', 'en'),
(679, 'Ali Baba', 'en'),
(680, 'Elbertus, Fra', 'en'),
(681, 'Hubbard, Elbert', 'en'),
(682, 'Meredith, George', 'en'),
(683, 'Lewes, G. H. (George Henry)', 'en'),
(684, 'Lawrence, Slingsby', 'en'),
(685, 'Lewes, George Henry', 'en'),
(686, 'Goodfellow, Robin', 'en'),
(687, 'Balwhidder, Micah', 'en'),
(688, 'Prior, Samuel, Capt.', 'en'),
(689, 'Duffle, Thomas', 'en'),
(690, 'Galt, John', 'en'),
(691, 'Gribbon, William Lancaster', 'en'),
(692, 'Mundy, Talbot', 'en'),
(693, 'Breese, William Llywelyn, Mrs.', 'en'),
(694, 'Breese, William Lleywelyn, Mrs.', 'en'),
(695, 'Gale, Zona', 'en'),
(696, 'McCabe, Antony', 'en'),
(697, 'Antony, Father', 'en'),
(698, 'Macabe, Joseph', 'en'),
(699, 'McCabe, Joseph', 'en'),
(700, 'Λουκιανός, ὁ Σαμοσατεύς', 'el'),
(701, 'Λουκιανος, ο Σαμοσατευς', 'el'),
(702, 'Λουκιανός, ο Σαμοσατεύς', 'el'),
(703, 'Samosata, Lucian of', 'el'),
(704, 'Lukianos', 'el'),
(705, 'Lucian, of Samosata', 'el'),
(706, 'Hughes, Louis B.', 'en'),
(707, 'Hughes, Louis', 'en'),
(708, 'Perry, Nora', 'en'),
(709, 'Glover, Mary Baker', 'en'),
(710, 'Eddy, Mary Baker', 'en'),
(711, 'Mackay, Isabel Ecclestone', 'en'),
(712, 'Herrman, Karl Stephen', 'en'),
(713, 'Train, Arthur Cheney', 'en'),
(714, 'Chambers, Robert William', 'en'),
(715, 'Chambers, Robert W. (Robert William)', 'en'),
(716, 'Gaultier, Theophile', 'en'),
(717, 'Gautier, Theophile', 'en'),
(718, 'Gautier, Pierre-Jules-Théophile', 'en'),
(719, 'Gautier, Théophile', 'en'),
(720, 'Lansing, Robert', 'en'),
(721, 'Conan Doyle, Arthur, Sir', 'da'),
(722, 'Doyle, Sir Arthur Conan', 'da'),
(723, 'Doyle, A. Conan', 'da'),
(724, 'Doyle, Arthur Conan', 'da'),
(725, 'Gallienne, Richard Le', 'en'),
(726, 'LeGallienne, Richard', 'en'),
(727, 'Le Gallienne, Richard', 'en'),
(728, 'Greene, Homer', 'en'),
(729, 'Pasture, Elizabeth Bonham De La', 'en'),
(730, 'Pasture, Henry De La, Mrs.', 'en'),
(731, 'La Pasture, Henry De, Mrs.', 'en'),
(732, 'Pasture, Mrs. Henry De La', 'en'),
(733, 'De La Pasture, Henry, Mrs.', 'en'),
(734, 'Blaisdell, Albert Franklin', 'en'),
(735, 'Blaisdell, Albert F. (Albert Franklin)', 'en'),
(736, 'Turnbull, Francese Litchfield', 'en'),
(737, 'Turnbull, Mrs. Lawrence', 'en'),
(738, 'Turnbull, Lawrence, Mrs.', 'en'),
(739, 'Flaubert, Gustave', 'de'),
(740, 'Yeats, William Butler', 'en'),
(741, 'Yeats, W. B. (William Butler)', 'en'),
(742, 'Gregory, Augustus Charles', 'en'),
(743, 'Gregory, Francis Thomas', 'en'),
(744, 'Richardson, Samuel', 'en'),
(745, 'Eliot, Ethel Cook', 'en'),
(746, 'Hope, Laura Lee', 'en'),
(747, 'Townesend, Frances Eliza Hodgson Burnett', 'en'),
(748, 'Hodgson, Frances Eliza', 'en'),
(749, 'Burnett, Frances Hodgson', 'en'),
(750, 'Brooke, Leonard Leslie', 'en'),
(751, 'Brooke, Leslie', 'en'),
(752, 'Brooke, L. Leslie (Leonard Leslie)', 'en'),
(753, 'Wace, Maistre', 'en'),
(754, 'Wace, Master', 'en'),
(755, 'Wace, Robert', 'en'),
(756, 'Wacius, Robert', 'en'),
(757, 'Wace', 'en'),
(758, 'White, W. P. (William Patterson)', 'en'),
(759, 'White, William Patterson', 'en'),
(760, 'Kitchin, Frederick Harcourt', 'en'),
(761, 'Copplestone, Bennet', 'en'),
(762, 'Freeman, Richard Austin', 'en'),
(763, 'Freeman, R. Austin (Richard Austin)', 'en'),
(764, 'Lord, John', 'en'),
(765, 'Hewitson, A. (Anthony)', 'en'),
(766, 'Hewitson, Anthony', 'en'),
(767, 'Atticus', 'en'),
(768, 'Canth, Ulrika Vilhelmina Johnsson', 'fi'),
(769, 'Johnsson, Ulrika Vilhelmina', 'fi'),
(770, 'Wilja', 'fi'),
(771, 'Canth, Minna', 'fi'),
(772, 'Brofeldt, Juhani', 'fi'),
(773, 'Aho, Johani', 'fi'),
(774, 'Aho, Juhani', 'fi'),
(775, 'Alcott, William Andrus', 'en'),
(776, 'Alcott, William A. (William Andrus)', 'en'),
(777, 'Root, Elihu', 'en'),
(778, 'Summerhayes, Martha', 'en'),
(779, 'Longfellow, Henry W.', 'en'),
(780, 'Longfellow, Henry Wadsworth', 'en'),
(781, 'Powers, Leland T. (Leland Todd)', 'en'),
(782, 'Powers, Leland Todd', 'en'),
(783, 'Green, Mrs. J. R.', 'en'),
(784, 'Stopford, Alice Sophia Amelia', 'en'),
(785, 'Green, A. S. (Alice Stopford)', 'en'),
(786, 'Green, Alice Stopford', 'en'),
(787, 'Trask, Kate Nichols', 'en'),
(788, 'Trask, Katrina', 'en'),
(789, 'Austen, Jane', 'en'),
(790, 'Shaw, George Bernard', 'de'),
(791, 'Shaw, Bernhard', 'de'),
(792, 'Shaw, G. Bernard (George Bernard)', 'de'),
(793, 'Bassetto, Corno di', 'de'),
(794, 'Shaw, G. B. (George Bernard)', 'de'),
(795, 'Shaw, Bernard', 'de'),
(796, 'Marchi, Emilio de', 'it'),
(797, 'D\'Olona, Marco', 'it'),
(798, 'Olona, Marco d\'', 'it'),
(799, 'De Marchi, Emilio', 'it'),
(800, 'Valle-Inclan, Ramon del', 'es'),
(801, 'Inclán, Ramón del Valle', 'es'),
(802, 'Del Valle-Inclán, Ramón', 'es'),
(803, 'Montenegro, Ramón María del Valle Inclán y', 'es'),
(804, 'Montenegro, Ramon Maria del Valle Inclan y', 'es'),
(805, 'Del, Valle-Inclán Ramón', 'es'),
(806, 'Valle-Inclán, Ramón del', 'es'),
(807, 'Björnson, Björnstjerne', 'de'),
(808, 'Bjornson, Bjornstjerne', 'de'),
(809, 'Bjørnson, Bjørnstjerne', 'de'),
(810, 'McGaffey, Kenneth', 'en'),
(811, 'Dell, Ethel May', 'en'),
(812, 'Savage, Ethel Mary Dell', 'en'),
(813, 'Dell, Ethel M. (Ethel May)', 'en'),
(814, 'Carlyle, T. (Thomas)', 'de'),
(815, 'Carlyle, Thomas', 'de'),
(816, 'Clinton, William J. (William Jefferson)', 'en'),
(817, 'Blythe, William Jefferson', 'en'),
(818, 'Clinton, Bill', 'en'),
(819, 'Bridges, Victor', 'en'),
(820, 'Smith, R. Cadwallader', 'en'),
(821, 'O\'Cotter, Pat', 'en'),
(822, 'Cotter, Frank J.', 'en'),
(823, 'Hunt, Helen Maria Fiske', 'en'),
(824, 'Holm, Saxe', 'en'),
(825, 'Jackson, H. H. (Helen Hunt)', 'en'),
(826, 'Jackson, Helen Maria Fiske Hunt', 'en'),
(827, 'Jackson, Helen Hunt', 'en'),
(828, 'Adams, Ezra Eastman', 'en'),
(829, 'Adams, E. E. (Ezra Eastman)', 'en'),
(830, 'Hay, John Milton', 'en'),
(831, 'Hay, John', 'en'),
(832, 'Society, American Tract', 'en'),
(833, 'American Tract Society', 'en'),
(834, 'M., W.', 'en'),
(835, 'W. M.', 'en'),
(836, 'Crawford, Francis Marion', 'en'),
(837, 'Crawford, F. Marion (Francis Marion)', 'en'),
(838, 'Korzeniowski, Joseph Conrad Theodore', 'en'),
(839, 'Korzeniowski, Józef Konrad Teodor', 'en'),
(840, 'Korzeniowski, Jozef Konrad Teodor', 'en'),
(841, 'Conrad, Joseph', 'en'),
(842, 'Pierpont, James', 'en'),
(843, 'Hannay, James Owen', 'en'),
(844, 'Birmingham, G. A. (George A.)', 'en'),
(845, 'Hannay, James O. (James Owen)', 'en'),
(846, 'Birmingham, George A.', 'en'),
(847, 'Browne, Theo. Stephenson', 'en'),
(848, 'Hamlin, Miss G.', 'en'),
(849, 'Hamlin, G., Miss', 'en'),
(850, 'Lang, Walter Andrew', 'en'),
(851, 'Lang, Andrew', 'en'),
(852, 'Stevenson, Augusta', 'en'),
(853, 'Sienkiewicz, Henryk', 'de'),
(854, 'Child, Lydia Maria Francis', 'en'),
(855, 'Francis, Lydia Maria', 'en'),
(856, 'Child, L. Maria (Lydia Maria)', 'en'),
(857, 'Child, D. L., Mrs.', 'en'),
(858, 'Child, Mrs. D. L.', 'en'),
(859, 'Child, Mrs. David Lee', 'en'),
(860, 'Child, David Lee, Mrs.', 'en'),
(861, 'Child, Lydia Maria', 'en'),
(862, 'Wodehouse, Pelham Grenville', 'en'),
(863, 'Windham, Basil', 'en'),
(864, 'Wodehouse, P.G.', 'en'),
(865, 'Wodehouse, P. G. (Pelham Grenville)', 'en'),
(866, 'Yonge, C. D. (Charles Duke)', 'en'),
(867, 'Yonge, Charles Duke', 'en'),
(868, 'Orczy, Baroness Emmuska', 'en'),
(869, 'Barstow, Montagu, Mrs.', 'en'),
(870, 'Orczy, Emmuska Orczy, Baroness', 'en'),
(871, 'Titmarsh, Michael Angelo', 'en'),
(872, 'Thackeray, W. M.', 'en'),
(873, 'Titmarsh, M. A.', 'en'),
(874, 'Thackeray, William M.', 'en'),
(875, 'Thackeray, William Makepeace', 'en'),
(876, 'Effingham, C.', 'en'),
(877, 'Todkill, Anas', 'en'),
(878, 'Cooke, John Esten', 'en'),
(879, 'Jacobs, William Wymark', 'en'),
(880, 'Jacobs, W. W. (William Wymark)', 'en'),
(881, 'Hume, David', 'en'),
(882, 'Langworthy, John Luther', 'en'),
(883, 'Barnum, Vance', 'en'),
(884, 'Ferri, Enrique', 'en'),
(885, 'Ferri, Enrico', 'en'),
(886, 'Bradley, Alice', 'en'),
(887, 'Grattan, T. C. (Thomas Colley)', 'en'),
(888, 'Grattan, Thomas Colley', 'en'),
(889, 'Beach, Charles Amory', 'en'),
(890, 'Boothby, Guy Newell', 'da'),
(891, 'Boothby, Guy', 'da'),
(892, 'Bickerstaff, Isaac', 'en'),
(893, 'Somervile, William', 'en'),
(894, 'Addison, Joseph', 'en'),
(895, 'Gay, John', 'en'),
(896, 'Somerville, William', 'en'),
(897, 'International Committee of the Red Cross', 'en'),
(898, 'Montagu, Mary Pierrepont Wortley, Lady', 'en'),
(899, 'Montague, Mary Wortley, Lady', 'en'),
(900, 'Montagute, Mary Wortlay, Lady', 'en'),
(901, 'Melville, Lewis', 'en'),
(902, 'Montagu, Mary Wortley, Lady', 'en'),
(903, 'Trumbull, Henry Clay', 'en'),
(904, 'Trumbull, H. Clay (Henry Clay)', 'en'),
(905, 'Grayson, David', 'en'),
(906, 'Cibber, Theophilus', 'en'),
(907, 'Snell, Roy Judson', 'en'),
(908, 'Snell, Roy J. (Roy Judson)', 'en'),
(909, 'Burroughs, Edgar Rice', 'en'),
(910, 'Kerr, Robert', 'en'),
(911, 'Spencer, Edmund', 'en'),
(912, 'Immerito', 'en'),
(913, 'Spenser, Edmond', 'en'),
(914, 'Spenser, Edmund', 'en'),
(915, 'Beynon, William G. L.', 'en'),
(916, 'Beynon, William George Laurence, Sir', 'en'),
(917, 'Smith, Arthur Cosslett', 'en'),
(918, 'Bruce, James, Earl of Elgin', 'en'),
(919, 'Kincardine, James Bruce, Earl of', 'en'),
(920, 'Elgin, James Bruce, 8th Earl of', 'en'),
(921, 'Elgin, James Bruce, Earl of', 'en'),
(922, 'Henderson, H. D. (Hubert Douglas), Sir', 'en'),
(923, 'Henderson, Hubert Douglas, Sir', 'en'),
(924, 'Adams, Brooks', 'en'),
(925, 'Lock, John', 'en'),
(926, 'Locke, John', 'en'),
(927, 'Benwell, J. (John)', 'en'),
(928, 'Benwell, John', 'en'),
(929, 'Beamont, Francis', 'en'),
(930, 'Fletcher, Iohn', 'en'),
(931, 'Flecher, John', 'en'),
(932, 'Beaumont, Francis', 'en'),
(933, 'Fletcher, John', 'en'),
(934, 'Stribling, Thomas Sigismund', 'en'),
(935, 'Stribling, T. S. (Thomas Sigismund)', 'en'),
(936, 'Cook, Susan', 'en'),
(937, 'Cook, Mrs. George Cram', 'en'),
(938, 'Glaspel, Susan', 'en'),
(939, 'Glaspell, Susan', 'en'),
(940, 'Blackwood, Algernon', 'en'),
(941, 'Mayhew, Anthony Lawson', 'en'),
(942, 'Skeat, Walter William', 'en'),
(943, 'Mayhew, A. L. (Anthony Lawson)', 'en'),
(944, 'Skeat, Walter W. (Walter William)', 'en'),
(945, 'Keeling, Annie E‏.', 'en'),
(946, 'Keeling, Anne E.', 'en'),
(947, 'Wilkinson, Henry Spenser', 'en'),
(948, 'Wilkinson, Spenser', 'en'),
(949, 'Havergal, F. R. (Frances Ridley)', 'en'),
(950, 'Havergal, Frances Ridley', 'en'),
(951, 'Halleck, Reuben Post', 'en'),
(952, 'Daniel, Florence', 'en'),
(953, 'Caldecott, R. (Randolph)', 'en'),
(954, 'Caldecott, Randolph', 'en'),
(955, 'Hunt, James Henry Leigh', 'en'),
(956, 'Hunt, Leigh', 'en'),
(957, 'Da Pisa, Rusticiano', 'en'),
(958, 'Pisa, Rusticiano da', 'en'),
(959, 'Rustichello, da Pisa', 'en'),
(960, 'Rusticien, de Pise', 'en'),
(961, 'Rustico, da Pisa', 'en'),
(962, 'Polo, Marco', 'en'),
(963, 'Rusticiano, da Pisa', 'en'),
(964, 'Gasparin, Agenor, comte de', 'en'),
(965, 'De Gasparin, Agénor, comte', 'en'),
(966, 'Gasparin, Agénor Étienne, comte de', 'en'),
(967, 'Gasparin, Agenor Etienne, comte de', 'en'),
(968, 'Gasparin, Agénor, comte de', 'en'),
(969, 'Heffner, George H.', 'en'),
(970, 'Cram, R. A. (Ralph Adams)', 'en'),
(971, 'Cram, Ralph Adams', 'en'),
(972, 'Airy, G. B. (George Biddell)', 'en'),
(973, 'Airy, George Biddell', 'en'),
(974, 'Caesar, Caius Julius', 'en'),
(975, 'Cesare, Caio Giulio', 'en'),
(976, 'Cesare, C. Julio (Caio Julio)', 'en'),
(977, 'Caesar, Gaius Julius', 'en'),
(978, 'Cesare, C. Iulio (Caio Iulio)', 'en'),
(979, 'Cesare, Gaio Giulio', 'en'),
(980, 'Caesar, Julius', 'en'),
(981, 'Bennett, Enoch Arnold', 'en'),
(982, 'Bennett, E. Arnold', 'en'),
(983, 'Bennett, Arnold', 'en'),
(984, 'Freeman, E. A. (Edward Augustus)', 'en'),
(985, 'Freeman, Edward Augustus', 'en'),
(986, 'Freeman, Edward A. (Edward Augustus)', 'en'),
(987, 'Cary, H. F. (Henry Francis)', 'en'),
(988, 'Cary, Henry Francis', 'en'),
(989, 'Epiktit', 'en'),
(990, 'Epicteto', 'en'),
(991, 'Epitteto', 'en'),
(992, 'Epictetus', 'en'),
(993, 'Dekker, Eduard Douwes', 'de'),
(994, 'Multatuli', 'de'),
(995, 'L\'Enclos, Ninon de', 'en'),
(996, 'Lenclos, Anne de', 'en'),
(997, 'De Lenclos, Ninon', 'en'),
(998, 'Lenclos, Ninon de', 'en'),
(999, 'Wren, P. C.', 'en'),
(1000, 'Wren, Percival Christopher', 'en');

-- --------------------------------------------------------

--
-- Table structure for table `bookformat`
--

CREATE TABLE `bookformat` (
  `id` int(2) NOT NULL,
  `Format` varchar(32) DEFAULT NULL
) ENGINE=InnoDB DEFAULT CHARSET=utf8 COLLATE=utf8_general_ci;

--
-- Dumping data for table `bookformat`
--

INSERT INTO `bookformat` (`id`, `Format`) VALUES
(1, 'text/html'),
(2, 'application/epub+zip'),
(3, 'application/x-mobipocket-ebook'),
(4, 'text/plain; charset=us-ascii'),
(5, 'application/rdf+xml'),
(6, 'image/jpeg'),
(7, 'application/octet-stream'),
(8, 'text/plain; charset=utf-8'),
(9, 'text/html; charset=iso-8859-1'),
(10, 'text/plain; charset=iso-8859-1'),
(11, 'text/html; charset=us-ascii'),
(12, 'text/html; charset=utf-8'),
(13, 'audio/mpeg'),
(14, 'text/xml'),
(15, 'application/pdf'),
(16, 'text/rtf'),
(17, 'text/plain'),
(18, 'application/postscript'),
(19, 'audio/midi'),
(20, 'application/prs.tex'),
(21, 'application/x-iso9660-image'),
(22, 'image/tiff'),
(23, 'text/plain; charset=big5'),
(24, 'text/plain; charset=windows-1251'),
(25, 'video/x-msvideo'),
(26, 'video/mpeg'),
(27, 'text/xml; charset=iso-8859-1'),
(28, 'text/html; charset=windows-1252'),
(29, 'text/plain; charset=windows-1252'),
(30, 'video/quicktime'),
(31, 'text/plain; charset=windows-1250'),
(32, 'text/plain; charset=utf-16'),
(33, 'application/msword'),
(34, 'text/html; charset=windows-1251'),
(35, 'application/prs.tei'),
(36, 'text/plain; charset=iso-8859-2'),
(37, 'text/html; charset=windows-1253'),
(38, 'text/plain; charset=windows-1253'),
(39, 'image/png'),
(40, 'text/x-rst'),
(41, 'text/html; charset=iso-8859-2'),
(42, 'audio/ogg'),
(43, 'audio/mp4'),
(44, 'text/plain; charset=iso-8859-3'),
(45, 'image/gif'),
(46, 'text/html; charset=iso-8859-15'),
(47, 'text/plain; charset=iso-8859-7'),
(48, 'audio/x-wav'),
(49, 'text/plain; charset=iso-8859-15'),
(50, 'audio/x-ms-wma'),
(51, 'application/x-musescore');

-- --------------------------------------------------------

--
-- Table structure for table `booklinks`
--

CREATE TABLE `booklinks` (
  `Link_id` int(4) NOT NULL,
  `Book_id` int(2) DEFAULT NULL,
  `Link` varchar(2083) NOT NULL,
  `type_id` int(11) NOT NULL
) ENGINE=InnoDB DEFAULT CHARSET=utf8 COLLATE=utf8_general_ci;

--
-- Dumping data for table `booklinks`
--

INSERT INTO `booklinks` (`Link_id`, `Book_id`, `Link`, `type_id`) VALUES
(1, 1, 'https://www.gutenberg.org/ebooks/1.html.images', 1),
(2, 1, 'https://www.gutenberg.org/files/1/1-h/1-h.htm', 1),
(3, 1, 'https://www.gutenberg.org/files/1/1-h.zip', 1),
(4, 1, 'https://www.gutenberg.org/ebooks/1.epub3.images', 2),
(5, 1, 'https://www.gutenberg.org/ebooks/1.epub.images', 2),
(6, 1, 'https://www.gutenberg.org/ebooks/1.epub.noimages', 2),
(7, 1, 'https://www.gutenberg.org/ebooks/1.kf8.images', 3),
(8, 1, 'https://www.gutenberg.org/ebooks/1.kindle.images', 3),
(9, 1, 'https://www.gutenberg.org/ebooks/1.kindle.noimages', 3),
(10, 1, 'https://www.gutenberg.org/ebooks/1.txt.utf-8', 4),
(11, 1, 'https://www.gutenberg.org/files/1/1-0.txt', 4),
(12, 1, 'https://www.gutenberg.org/files/1/1-0.zip', 4),
(13, 1, 'https://www.gutenberg.org/ebooks/1.rdf', 5),
(14, 1, 'https://www.gutenberg.org/cache/epub/1/pg1.cover.medium.jpg', 6),
(15, 1, 'https://www.gutenberg.org/cache/epub/1/pg1.cover.small.jpg', 6),
(16, 1, 'https://www.gutenberg.org/cache/epub/1/pg1-h.zip', 7),
(17, 2, 'https://www.gutenberg.org/ebooks/10.html.images', 1),
(18, 2, 'https://www.gutenberg.org/files/10/10-h/10-h.htm', 1),
(19, 2, 'https://www.gutenberg.org/ebooks/10.epub3.images', 2),
(20, 2, 'https://www.gutenberg.org/ebooks/10.epub.images', 2),
(21, 2, 'https://www.gutenberg.org/ebooks/10.epub.noimages', 2),
(22, 2, 'https://www.gutenberg.org/ebooks/10.kf8.images', 3),
(23, 2, 'https://www.gutenberg.org/ebooks/10.kindle.images', 3),
(24, 2, 'https://www.gutenberg.org/ebooks/10.kindle.noimages', 3),
(25, 2, 'https://www.gutenberg.org/ebooks/10.txt.utf-8', 4),
(26, 2, 'https://www.gutenberg.org/files/10/10-0.txt', 4),
(27, 2, 'https://www.gutenberg.org/ebooks/10.rdf', 5),
(28, 2, 'https://www.gutenberg.org/cache/epub/10/pg10.cover.medium.jpg', 6),
(29, 2, 'https://www.gutenberg.org/cache/epub/10/pg10.cover.small.jpg', 6),
(30, 2, 'https://www.gutenberg.org/cache/epub/10/pg10-h.zip', 7),
(31, 3, 'https://www.gutenberg.org/ebooks/100.html.images', 1),
(32, 3, 'https://www.gutenberg.org/files/100/100-h/100-h.htm', 1),
(33, 3, 'https://www.gutenberg.org/ebooks/100.epub3.images', 2),
(34, 3, 'https://www.gutenberg.org/ebooks/100.epub.images', 2),
(35, 3, 'https://www.gutenberg.org/ebooks/100.epub.noimages', 2),
(36, 3, 'https://www.gutenberg.org/ebooks/100.kf8.images', 3),
(37, 3, 'https://www.gutenberg.org/ebooks/100.kindle.images', 3),
(38, 3, 'https://www.gutenberg.org/ebooks/100.kindle.noimages', 3),
(39, 3, 'https://www.gutenberg.org/ebooks/100.txt.utf-8', 4),
(40, 3, 'https://www.gutenberg.org/files/100/100-0.txt', 4),
(41, 3, 'https://www.gutenberg.org/ebooks/100.rdf', 5),
(42, 3, 'https://www.gutenberg.org/cache/epub/100/pg100.cover.medium.jpg', 6),
(43, 3, 'https://www.gutenberg.org/cache/epub/100/pg100.cover.small.jpg', 6),
(44, 3, 'https://www.gutenberg.org/cache/epub/100/pg100-h.zip', 7),
(45, 4, 'https://www.gutenberg.org/ebooks/1000.html.images', 1),
(46, 4, 'https://www.gutenberg.org/files/1000/1000-h/1000-h.htm', 1),
(47, 4, 'https://www.gutenberg.org/files/1000/1000-h.zip', 1),
(48, 4, 'https://www.gutenberg.org/ebooks/1000.epub3.images', 2),
(49, 4, 'https://www.gutenberg.org/ebooks/1000.epub.images', 2),
(50, 4, 'https://www.gutenberg.org/ebooks/1000.epub.noimages', 2),
(51, 4, 'https://www.gutenberg.org/ebooks/1000.kf8.images', 3),
(52, 4, 'https://www.gutenberg.org/ebooks/1000.kindle.images', 3),
(53, 4, 'https://www.gutenberg.org/ebooks/1000.kindle.noimages', 3),
(54, 4, 'https://www.gutenberg.org/ebooks/1000.txt.utf-8', 4),
(55, 4, 'https://www.gutenberg.org/files/1000/1000-0.txt', 8),
(56, 4, 'https://www.gutenberg.org/files/1000/1000-0.zip', 8),
(57, 4, 'https://www.gutenberg.org/ebooks/1000.rdf', 5),
(58, 4, 'https://www.gutenberg.org/cache/epub/1000/pg1000.cover.medium.jpg', 6),
(59, 4, 'https://www.gutenberg.org/cache/epub/1000/pg1000.cover.small.jpg', 6),
(60, 4, 'https://www.gutenberg.org/cache/epub/1000/pg1000-h.zip', 7),
(61, 5, 'https://www.gutenberg.org/ebooks/10000.html.images', 1),
(62, 5, 'https://www.gutenberg.org/files/10000/10000-h/10000-h.htm', 1),
(63, 5, 'https://www.gutenberg.org/ebooks/10000.epub3.images', 2),
(64, 5, 'https://www.gutenberg.org/ebooks/10000.epub.images', 2),
(65, 5, 'https://www.gutenberg.org/ebooks/10000.epub.noimages', 2),
(66, 5, 'https://www.gutenberg.org/ebooks/10000.kf8.images', 3),
(67, 5, 'https://www.gutenberg.org/ebooks/10000.kindle.images', 3),
(68, 5, 'https://www.gutenberg.org/ebooks/10000.kindle.noimages', 3),
(69, 5, 'https://www.gutenberg.org/ebooks/10000.txt.utf-8', 4),
(70, 5, 'https://www.gutenberg.org/files/10000/10000-0.txt', 4),
(71, 5, 'https://www.gutenberg.org/ebooks/10000.rdf', 5),
(72, 5, 'https://www.gutenberg.org/cache/epub/10000/pg10000.cover.medium.jpg', 6),
(73, 5, 'https://www.gutenberg.org/cache/epub/10000/pg10000.cover.small.jpg', 6),
(74, 5, 'https://www.gutenberg.org/files/10000/10000-0.zip', 7),
(75, 5, 'https://www.gutenberg.org/files/10000/10000-h.zip', 7),
(76, 5, 'https://www.gutenberg.org/cache/epub/10000/pg10000-h.zip', 7),
(77, 6, 'https://www.gutenberg.org/ebooks/10001.html.images', 1),
(78, 6, 'https://www.gutenberg.org/files/10001/10001-h/10001-h.htm', 1),
(79, 6, 'https://www.gutenberg.org/ebooks/10001.epub3.images', 2),
(80, 6, 'https://www.gutenberg.org/ebooks/10001.epub.images', 2),
(81, 6, 'https://www.gutenberg.org/ebooks/10001.epub.noimages', 2),
(82, 6, 'https://www.gutenberg.org/ebooks/10001.kf8.images', 3),
(83, 6, 'https://www.gutenberg.org/ebooks/10001.kindle.images', 3),
(84, 6, 'https://www.gutenberg.org/ebooks/10001.kindle.noimages', 3),
(85, 6, 'https://www.gutenberg.org/ebooks/10001.txt.utf-8', 4),
(86, 6, 'https://www.gutenberg.org/files/10001/10001-0.txt', 4),
(87, 6, 'https://www.gutenberg.org/ebooks/10001.rdf', 5),
(88, 6, 'https://www.gutenberg.org/cache/epub/10001/pg10001.cover.medium.jpg', 6),
(89, 6, 'https://www.gutenberg.org/cache/epub/10001/pg10001.cover.small.jpg', 6),
(90, 6, 'https://www.gutenberg.org/cache/epub/10001/pg10001-h.zip', 7),
(91, 7, 'https://www.gutenberg.org/ebooks/10002.html.images', 1),
(92, 7, 'https://www.gutenberg.org/files/10002/10002-h/10002-h.htm', 9),
(93, 7, 'https://www.gutenberg.org/files/10002/10002-h.zip', 9),
(94, 7, 'https://www.gutenberg.org/ebooks/10002.epub3.images', 2),
(95, 7, 'https://www.gutenberg.org/ebooks/10002.epub.images', 2),
(96, 7, 'https://www.gutenberg.org/ebooks/10002.epub.noimages', 2),
(97, 7, 'https://www.gutenberg.org/ebooks/10002.kf8.images', 3),
(98, 7, 'https://www.gutenberg.org/ebooks/10002.kindle.images', 3),
(99, 7, 'https://www.gutenberg.org/ebooks/10002.kindle.noimages', 3),
(100, 7, 'https://www.gutenberg.org/ebooks/10002.txt.utf-8', 4),
(101, 7, 'https://www.gutenberg.org/files/10002/10002-8.txt', 10),
(102, 7, 'https://www.gutenberg.org/files/10002/10002-8.zip', 10),
(103, 7, 'https://www.gutenberg.org/files/10002/10002.txt', 4),
(104, 7, 'https://www.gutenberg.org/files/10002/10002.zip', 4),
(105, 7, 'https://www.gutenberg.org/ebooks/10002.rdf', 5),
(106, 7, 'https://www.gutenberg.org/cache/epub/10002/pg10002.cover.medium.jpg', 6),
(107, 7, 'https://www.gutenberg.org/cache/epub/10002/pg10002.cover.small.jpg', 6),
(108, 7, 'https://www.gutenberg.org/cache/epub/10002/pg10002-h.zip', 7),
(109, 8, 'https://www.gutenberg.org/ebooks/10003.html.images', 1),
(110, 8, 'https://www.gutenberg.org/ebooks/10003.html.noimages', 1),
(111, 8, 'https://www.gutenberg.org/ebooks/10003.epub3.images', 2),
(112, 8, 'https://www.gutenberg.org/ebooks/10003.epub.images', 2),
(113, 8, 'https://www.gutenberg.org/ebooks/10003.epub.noimages', 2),
(114, 8, 'https://www.gutenberg.org/ebooks/10003.kf8.images', 3),
(115, 8, 'https://www.gutenberg.org/ebooks/10003.kindle.images', 3),
(116, 8, 'https://www.gutenberg.org/ebooks/10003.kindle.noimages', 3),
(117, 8, 'https://www.gutenberg.org/ebooks/10003.txt.utf-8', 4),
(118, 8, 'https://www.gutenberg.org/files/10003/10003-8.txt', 10),
(119, 8, 'https://www.gutenberg.org/files/10003/10003-8.zip', 10),
(120, 8, 'https://www.gutenberg.org/files/10003/10003.txt', 4),
(121, 8, 'https://www.gutenberg.org/files/10003/10003.zip', 4),
(122, 8, 'https://www.gutenberg.org/ebooks/10003.rdf', 5),
(123, 8, 'https://www.gutenberg.org/cache/epub/10003/pg10003.cover.medium.jpg', 6),
(124, 8, 'https://www.gutenberg.org/cache/epub/10003/pg10003.cover.small.jpg', 6),
(125, 8, 'https://www.gutenberg.org/cache/epub/10003/pg10003-h.zip', 7),
(126, 9, 'https://www.gutenberg.org/ebooks/10004.html.images', 1),
(127, 9, 'https://www.gutenberg.org/ebooks/10004.html.noimages', 1),
(128, 9, 'https://www.gutenberg.org/ebooks/10004.epub3.images', 2),
(129, 9, 'https://www.gutenberg.org/ebooks/10004.epub.images', 2),
(130, 9, 'https://www.gutenberg.org/ebooks/10004.epub.noimages', 2),
(131, 9, 'https://www.gutenberg.org/ebooks/10004.kf8.images', 3),
(132, 9, 'https://www.gutenberg.org/ebooks/10004.kindle.images', 3),
(133, 9, 'https://www.gutenberg.org/ebooks/10004.kindle.noimages', 3),
(134, 9, 'https://www.gutenberg.org/ebooks/10004.txt.utf-8', 4),
(135, 9, 'https://www.gutenberg.org/files/10004/10004-8.txt', 10),
(136, 9, 'https://www.gutenberg.org/files/10004/10004-8.zip', 10),
(137, 9, 'https://www.gutenberg.org/files/10004/10004.txt', 4),
(138, 9, 'https://www.gutenberg.org/files/10004/10004.zip', 4),
(139, 9, 'https://www.gutenberg.org/ebooks/10004.rdf', 5),
(140, 9, 'https://www.gutenberg.org/cache/epub/10004/pg10004.cover.medium.jpg', 6),
(141, 9, 'https://www.gutenberg.org/cache/epub/10004/pg10004.cover.small.jpg', 6),
(142, 9, 'https://www.gutenberg.org/cache/epub/10004/pg10004-h.zip', 7),
(143, 10, 'https://www.gutenberg.org/ebooks/10005.html.images', 1),
(144, 10, 'https://www.gutenberg.org/ebooks/10005.html.noimages', 1),
(145, 10, 'https://www.gutenberg.org/ebooks/10005.epub3.images', 2),
(146, 10, 'https://www.gutenberg.org/ebooks/10005.epub.images', 2),
(147, 10, 'https://www.gutenberg.org/ebooks/10005.epub.noimages', 2),
(148, 10, 'https://www.gutenberg.org/ebooks/10005.kf8.images', 3),
(149, 10, 'https://www.gutenberg.org/ebooks/10005.kindle.images', 3),
(150, 10, 'https://www.gutenberg.org/ebooks/10005.kindle.noimages', 3),
(151, 10, 'https://www.gutenberg.org/ebooks/10005.txt.utf-8', 4),
(152, 10, 'https://www.gutenberg.org/files/10005/10005-8.txt', 10),
(153, 10, 'https://www.gutenberg.org/files/10005/10005-8.zip', 10),
(154, 10, 'https://www.gutenberg.org/files/10005/10005.txt', 4),
(155, 10, 'https://www.gutenberg.org/files/10005/10005.zip', 4),
(156, 10, 'https://www.gutenberg.org/ebooks/10005.rdf', 5),
(157, 10, 'https://www.gutenberg.org/cache/epub/10005/pg10005.cover.medium.jpg', 6),
(158, 10, 'https://www.gutenberg.org/cache/epub/10005/pg10005.cover.small.jpg', 6),
(159, 10, 'https://www.gutenberg.org/cache/epub/10005/pg10005-h.zip', 7),
(160, 11, 'https://www.gutenberg.org/ebooks/10006.html.images', 1),
(161, 11, 'https://www.gutenberg.org/files/10006/10006-h/10006-h.htm', 9),
(162, 11, 'https://www.gutenberg.org/files/10006/10006-h.zip', 9),
(163, 11, 'https://www.gutenberg.org/ebooks/10006.epub3.images', 2),
(164, 11, 'https://www.gutenberg.org/ebooks/10006.epub.images', 2),
(165, 11, 'https://www.gutenberg.org/ebooks/10006.epub.noimages', 2),
(166, 11, 'https://www.gutenberg.org/ebooks/10006.kf8.images', 3),
(167, 11, 'https://www.gutenberg.org/ebooks/10006.kindle.images', 3),
(168, 11, 'https://www.gutenberg.org/ebooks/10006.kindle.noimages', 3),
(169, 11, 'https://www.gutenberg.org/ebooks/10006.txt.utf-8', 4),
(170, 11, 'https://www.gutenberg.org/files/10006/10006-8.txt', 10),
(171, 11, 'https://www.gutenberg.org/files/10006/10006-8.zip', 10),
(172, 11, 'https://www.gutenberg.org/files/10006/10006.txt', 4),
(173, 11, 'https://www.gutenberg.org/files/10006/10006.zip', 4),
(174, 11, 'https://www.gutenberg.org/ebooks/10006.rdf', 5),
(175, 11, 'https://www.gutenberg.org/cache/epub/10006/pg10006.cover.medium.jpg', 6),
(176, 11, 'https://www.gutenberg.org/cache/epub/10006/pg10006.cover.small.jpg', 6),
(177, 11, 'https://www.gutenberg.org/cache/epub/10006/pg10006-h.zip', 7),
(178, 12, 'https://www.gutenberg.org/ebooks/10007.html.images', 1),
(179, 12, 'https://www.gutenberg.org/files/10007/10007-h/10007-h.htm', 1),
(180, 12, 'https://www.gutenberg.org/ebooks/10007.epub3.images', 2),
(181, 12, 'https://www.gutenberg.org/ebooks/10007.epub.images', 2),
(182, 12, 'https://www.gutenberg.org/ebooks/10007.epub.noimages', 2),
(183, 12, 'https://www.gutenberg.org/ebooks/10007.kf8.images', 3),
(184, 12, 'https://www.gutenberg.org/ebooks/10007.kindle.images', 3),
(185, 12, 'https://www.gutenberg.org/ebooks/10007.kindle.noimages', 3),
(186, 12, 'https://www.gutenberg.org/ebooks/10007.txt.utf-8', 4),
(187, 12, 'https://www.gutenberg.org/files/10007/10007-0.txt', 4),
(188, 12, 'https://www.gutenberg.org/ebooks/10007.rdf', 5),
(189, 12, 'https://www.gutenberg.org/cache/epub/10007/pg10007.cover.medium.jpg', 6),
(190, 12, 'https://www.gutenberg.org/cache/epub/10007/pg10007.cover.small.jpg', 6),
(191, 12, 'https://www.gutenberg.org/cache/epub/10007/pg10007-h.zip', 7),
(192, 13, 'https://www.gutenberg.org/ebooks/10008.html.images', 1),
(193, 13, 'https://www.gutenberg.org/files/10008/10008-h/10008-h.htm', 9),
(194, 13, 'https://www.gutenberg.org/files/10008/10008-h.zip', 9),
(195, 13, 'https://www.gutenberg.org/ebooks/10008.epub3.images', 2),
(196, 13, 'https://www.gutenberg.org/ebooks/10008.epub.images', 2),
(197, 13, 'https://www.gutenberg.org/ebooks/10008.epub.noimages', 2),
(198, 13, 'https://www.gutenberg.org/ebooks/10008.kf8.images', 3),
(199, 13, 'https://www.gutenberg.org/ebooks/10008.kindle.images', 3),
(200, 13, 'https://www.gutenberg.org/ebooks/10008.kindle.noimages', 3),
(201, 13, 'https://www.gutenberg.org/ebooks/10008.txt.utf-8', 4),
(202, 13, 'https://www.gutenberg.org/files/10008/10008-8.txt', 10),
(203, 13, 'https://www.gutenberg.org/files/10008/10008-8.zip', 10),
(204, 13, 'https://www.gutenberg.org/files/10008/10008.txt', 4),
(205, 13, 'https://www.gutenberg.org/files/10008/10008.zip', 4),
(206, 13, 'https://www.gutenberg.org/ebooks/10008.rdf', 5),
(207, 13, 'https://www.gutenberg.org/cache/epub/10008/pg10008.cover.medium.jpg', 6),
(208, 13, 'https://www.gutenberg.org/cache/epub/10008/pg10008.cover.small.jpg', 6),
(209, 13, 'https://www.gutenberg.org/cache/epub/10008/pg10008-h.zip', 7),
(210, 14, 'https://www.gutenberg.org/ebooks/10009.html.images', 1),
(211, 14, 'https://www.gutenberg.org/ebooks/10009.html.noimages', 1),
(212, 14, 'https://www.gutenberg.org/ebooks/10009.epub3.images', 2),
(213, 14, 'https://www.gutenberg.org/ebooks/10009.epub.images', 2),
(214, 14, 'https://www.gutenberg.org/ebooks/10009.epub.noimages', 2),
(215, 14, 'https://www.gutenberg.org/ebooks/10009.kf8.images', 3),
(216, 14, 'https://www.gutenberg.org/ebooks/10009.kindle.images', 3),
(217, 14, 'https://www.gutenberg.org/ebooks/10009.kindle.noimages', 3),
(218, 14, 'https://www.gutenberg.org/ebooks/10009.txt.utf-8', 4),
(219, 14, 'https://www.gutenberg.org/files/10009/10009.txt', 4),
(220, 14, 'https://www.gutenberg.org/files/10009/10009.zip', 4),
(221, 14, 'https://www.gutenberg.org/ebooks/10009.rdf', 5),
(222, 14, 'https://www.gutenberg.org/cache/epub/10009/pg10009.cover.medium.jpg', 6),
(223, 14, 'https://www.gutenberg.org/cache/epub/10009/pg10009.cover.small.jpg', 6),
(224, 14, 'https://www.gutenberg.org/cache/epub/10009/pg10009-h.zip', 7),
(225, 15, 'https://www.gutenberg.org/ebooks/1001.html.images', 1),
(226, 15, 'https://www.gutenberg.org/files/1001/1001-h/1001-h.htm', 9),
(227, 15, 'https://www.gutenberg.org/files/1001/1001-h.zip', 9),
(228, 15, 'https://www.gutenberg.org/ebooks/1001.epub3.images', 2),
(229, 15, 'https://www.gutenberg.org/ebooks/1001.epub.images', 2),
(230, 15, 'https://www.gutenberg.org/ebooks/1001.epub.noimages', 2),
(231, 15, 'https://www.gutenberg.org/ebooks/1001.kf8.images', 3),
(232, 15, 'https://www.gutenberg.org/ebooks/1001.kindle.images', 3),
(233, 15, 'https://www.gutenberg.org/ebooks/1001.kindle.noimages', 3),
(234, 15, 'https://www.gutenberg.org/ebooks/1001.txt.utf-8', 4),
(235, 15, 'https://www.gutenberg.org/files/1001/1001-0.txt', 8),
(236, 15, 'https://www.gutenberg.org/files/1001/1001-0.zip', 8),
(237, 15, 'https://www.gutenberg.org/ebooks/1001.rdf', 5),
(238, 15, 'https://www.gutenberg.org/cache/epub/1001/pg1001.cover.medium.jpg', 6),
(239, 15, 'https://www.gutenberg.org/cache/epub/1001/pg1001.cover.small.jpg', 6),
(240, 15, 'https://www.gutenberg.org/cache/epub/1001/pg1001-h.zip', 7),
(241, 16, 'https://www.gutenberg.org/ebooks/10010.html.images', 1),
(242, 16, 'https://www.gutenberg.org/files/10010/10010-h/10010-h.htm', 11),
(243, 16, 'https://www.gutenberg.org/files/10010/10010-h.zip', 1),
(244, 16, 'https://www.gutenberg.org/ebooks/10010.epub3.images', 2),
(245, 16, 'https://www.gutenberg.org/ebooks/10010.epub.images', 2),
(246, 16, 'https://www.gutenberg.org/ebooks/10010.epub.noimages', 2),
(247, 16, 'https://www.gutenberg.org/ebooks/10010.kf8.images', 3),
(248, 16, 'https://www.gutenberg.org/ebooks/10010.kindle.images', 3),
(249, 16, 'https://www.gutenberg.org/ebooks/10010.kindle.noimages', 3),
(250, 16, 'https://www.gutenberg.org/ebooks/10010.txt.utf-8', 4),
(251, 16, 'https://www.gutenberg.org/files/10010/10010.txt', 4),
(252, 16, 'https://www.gutenberg.org/files/10010/10010.zip', 4),
(253, 16, 'https://www.gutenberg.org/ebooks/10010.rdf', 5),
(254, 16, 'https://www.gutenberg.org/cache/epub/10010/pg10010.cover.medium.jpg', 6),
(255, 16, 'https://www.gutenberg.org/cache/epub/10010/pg10010.cover.small.jpg', 6),
(256, 16, 'https://www.gutenberg.org/cache/epub/10010/pg10010-h.zip', 7),
(257, 17, 'https://www.gutenberg.org/ebooks/10011.html.images', 1),
(258, 17, 'https://www.gutenberg.org/files/10011/10011-h/10011-h.htm', 9),
(259, 17, 'https://www.gutenberg.org/files/10011/10011-h.zip', 9),
(260, 17, 'https://www.gutenberg.org/ebooks/10011.epub3.images', 2),
(261, 17, 'https://www.gutenberg.org/ebooks/10011.epub.images', 2),
(262, 17, 'https://www.gutenberg.org/ebooks/10011.epub.noimages', 2),
(263, 17, 'https://www.gutenberg.org/ebooks/10011.kf8.images', 3),
(264, 17, 'https://www.gutenberg.org/ebooks/10011.kindle.images', 3),
(265, 17, 'https://www.gutenberg.org/ebooks/10011.kindle.noimages', 3),
(266, 17, 'https://www.gutenberg.org/ebooks/10011.txt.utf-8', 4),
(267, 17, 'https://www.gutenberg.org/files/10011/10011-8.txt', 10),
(268, 17, 'https://www.gutenberg.org/files/10011/10011-8.zip', 10),
(269, 17, 'https://www.gutenberg.org/files/10011/10011.txt', 4),
(270, 17, 'https://www.gutenberg.org/files/10011/10011.zip', 4),
(271, 17, 'https://www.gutenberg.org/ebooks/10011.rdf', 5),
(272, 17, 'https://www.gutenberg.org/cache/epub/10011/pg10011.cover.medium.jpg', 6),
(273, 17, 'https://www.gutenberg.org/cache/epub/10011/pg10011.cover.small.jpg', 6),
(274, 17, 'https://www.gutenberg.org/cache/epub/10011/pg10011-h.zip', 7),
(275, 18, 'https://www.gutenberg.org/ebooks/10012.html.images', 1),
(276, 18, 'https://www.gutenberg.org/files/10012/10012-h/10012-h.htm', 1),
(277, 18, 'https://www.gutenberg.org/ebooks/10012.epub3.images', 2),
(278, 18, 'https://www.gutenberg.org/ebooks/10012.epub.images', 2),
(279, 18, 'https://www.gutenberg.org/ebooks/10012.epub.noimages', 2),
(280, 18, 'https://www.gutenberg.org/ebooks/10012.kf8.images', 3),
(281, 18, 'https://www.gutenberg.org/ebooks/10012.kindle.images', 3),
(282, 18, 'https://www.gutenberg.org/ebooks/10012.kindle.noimages', 3),
(283, 18, 'https://www.gutenberg.org/ebooks/10012.txt.utf-8', 4),
(284, 18, 'https://www.gutenberg.org/files/10012/10012-0.txt', 4),
(285, 18, 'https://www.gutenberg.org/ebooks/10012.rdf', 5),
(286, 18, 'https://www.gutenberg.org/cache/epub/10012/pg10012.cover.medium.jpg', 6),
(287, 18, 'https://www.gutenberg.org/cache/epub/10012/pg10012.cover.small.jpg', 6),
(288, 18, 'https://www.gutenberg.org/files/10012/10012-0.zip', 7),
(289, 18, 'https://www.gutenberg.org/files/10012/10012-h.zip', 7),
(290, 18, 'https://www.gutenberg.org/cache/epub/10012/pg10012-h.zip', 7),
(291, 19, 'https://www.gutenberg.org/ebooks/10013.html.images', 1),
(292, 19, 'https://www.gutenberg.org/files/10013/10013-h/10013-h.htm', 9),
(293, 19, 'https://www.gutenberg.org/files/10013/10013-h.zip', 9),
(294, 19, 'https://www.gutenberg.org/ebooks/10013.epub3.images', 2),
(295, 19, 'https://www.gutenberg.org/ebooks/10013.epub.images', 2),
(296, 19, 'https://www.gutenberg.org/ebooks/10013.epub.noimages', 2),
(297, 19, 'https://www.gutenberg.org/ebooks/10013.kf8.images', 3),
(298, 19, 'https://www.gutenberg.org/ebooks/10013.kindle.images', 3),
(299, 19, 'https://www.gutenberg.org/ebooks/10013.kindle.noimages', 3),
(300, 19, 'https://www.gutenberg.org/ebooks/10013.txt.utf-8', 4),
(301, 19, 'https://www.gutenberg.org/files/10013/10013-8.txt', 10),
(302, 19, 'https://www.gutenberg.org/files/10013/10013-8.zip', 10),
(303, 19, 'https://www.gutenberg.org/files/10013/10013.txt', 4),
(304, 19, 'https://www.gutenberg.org/files/10013/10013.zip', 4),
(305, 19, 'https://www.gutenberg.org/ebooks/10013.rdf', 5),
(306, 19, 'https://www.gutenberg.org/cache/epub/10013/pg10013.cover.medium.jpg', 6),
(307, 19, 'https://www.gutenberg.org/cache/epub/10013/pg10013.cover.small.jpg', 6),
(308, 19, 'https://www.gutenberg.org/cache/epub/10013/pg10013-h.zip', 7),
(309, 20, 'https://www.gutenberg.org/ebooks/10014.html.images', 1),
(310, 20, 'https://www.gutenberg.org/files/10014/10014-h/10014-h.htm', 9),
(311, 20, 'https://www.gutenberg.org/files/10014/10014-h.zip', 9),
(312, 20, 'https://www.gutenberg.org/ebooks/10014.epub3.images', 2),
(313, 20, 'https://www.gutenberg.org/ebooks/10014.epub.images', 2),
(314, 20, 'https://www.gutenberg.org/ebooks/10014.epub.noimages', 2),
(315, 20, 'https://www.gutenberg.org/ebooks/10014.kf8.images', 3),
(316, 20, 'https://www.gutenberg.org/ebooks/10014.kindle.images', 3),
(317, 20, 'https://www.gutenberg.org/ebooks/10014.kindle.noimages', 3),
(318, 20, 'https://www.gutenberg.org/ebooks/10014.txt.utf-8', 4),
(319, 20, 'https://www.gutenberg.org/files/10014/10014-8.txt', 10),
(320, 20, 'https://www.gutenberg.org/files/10014/10014-8.zip', 10),
(321, 20, 'https://www.gutenberg.org/files/10014/10014.txt', 4),
(322, 20, 'https://www.gutenberg.org/files/10014/10014.zip', 4),
(323, 20, 'https://www.gutenberg.org/ebooks/10014.rdf', 5),
(324, 20, 'https://www.gutenberg.org/cache/epub/10014/pg10014.cover.medium.jpg', 6),
(325, 20, 'https://www.gutenberg.org/cache/epub/10014/pg10014.cover.small.jpg', 6),
(326, 20, 'https://www.gutenberg.org/cache/epub/10014/pg10014-h.zip', 7),
(327, 21, 'https://www.gutenberg.org/ebooks/10015.html.images', 1),
(328, 21, 'https://www.gutenberg.org/files/10015/10015-h/10015-h.htm', 11),
(329, 21, 'https://www.gutenberg.org/files/10015/10015-h.zip', 11),
(330, 21, 'https://www.gutenberg.org/ebooks/10015.epub3.images', 2),
(331, 21, 'https://www.gutenberg.org/ebooks/10015.epub.images', 2),
(332, 21, 'https://www.gutenberg.org/ebooks/10015.epub.noimages', 2),
(333, 21, 'https://www.gutenberg.org/ebooks/10015.kf8.images', 3),
(334, 21, 'https://www.gutenberg.org/ebooks/10015.kindle.images', 3),
(335, 21, 'https://www.gutenberg.org/ebooks/10015.kindle.noimages', 3),
(336, 21, 'https://www.gutenberg.org/ebooks/10015.txt.utf-8', 4),
(337, 21, 'https://www.gutenberg.org/files/10015/10015.txt', 4),
(338, 21, 'https://www.gutenberg.org/files/10015/10015.zip', 4),
(339, 21, 'https://www.gutenberg.org/ebooks/10015.rdf', 5),
(340, 21, 'https://www.gutenberg.org/cache/epub/10015/pg10015.cover.medium.jpg', 6),
(341, 21, 'https://www.gutenberg.org/cache/epub/10015/pg10015.cover.small.jpg', 6),
(342, 21, 'https://www.gutenberg.org/cache/epub/10015/pg10015-h.zip', 7),
(343, 22, 'https://www.gutenberg.org/ebooks/10016.html.images', 1),
(344, 22, 'https://www.gutenberg.org/files/10016/10016-h/10016-h.htm', 9),
(345, 22, 'https://www.gutenberg.org/files/10016/10016-h.zip', 9),
(346, 22, 'https://www.gutenberg.org/ebooks/10016.epub3.images', 2),
(347, 22, 'https://www.gutenberg.org/ebooks/10016.epub.images', 2),
(348, 22, 'https://www.gutenberg.org/ebooks/10016.epub.noimages', 2),
(349, 22, 'https://www.gutenberg.org/ebooks/10016.kf8.images', 3),
(350, 22, 'https://www.gutenberg.org/ebooks/10016.kindle.images', 3),
(351, 22, 'https://www.gutenberg.org/ebooks/10016.kindle.noimages', 3),
(352, 22, 'https://www.gutenberg.org/ebooks/10016.txt.utf-8', 4),
(353, 22, 'https://www.gutenberg.org/files/10016/10016-8.txt', 10),
(354, 22, 'https://www.gutenberg.org/files/10016/10016-8.zip', 10),
(355, 22, 'https://www.gutenberg.org/files/10016/10016.txt', 4),
(356, 22, 'https://www.gutenberg.org/files/10016/10016.zip', 4),
(357, 22, 'https://www.gutenberg.org/ebooks/10016.rdf', 5),
(358, 22, 'https://www.gutenberg.org/cache/epub/10016/pg10016.cover.medium.jpg', 6),
(359, 22, 'https://www.gutenberg.org/cache/epub/10016/pg10016.cover.small.jpg', 6),
(360, 22, 'https://www.gutenberg.org/cache/epub/10016/pg10016-h.zip', 7),
(361, 23, 'https://www.gutenberg.org/ebooks/10017.html.images', 1),
(362, 23, 'https://www.gutenberg.org/files/10017/10017-h/10017-h.htm', 9),
(363, 23, 'https://www.gutenberg.org/files/10017/10017-h.zip', 9),
(364, 23, 'https://www.gutenberg.org/ebooks/10017.epub3.images', 2),
(365, 23, 'https://www.gutenberg.org/ebooks/10017.epub.images', 2),
(366, 23, 'https://www.gutenberg.org/ebooks/10017.epub.noimages', 2),
(367, 23, 'https://www.gutenberg.org/ebooks/10017.kf8.images', 3),
(368, 23, 'https://www.gutenberg.org/ebooks/10017.kindle.images', 3),
(369, 23, 'https://www.gutenberg.org/ebooks/10017.kindle.noimages', 3),
(370, 23, 'https://www.gutenberg.org/ebooks/10017.txt.utf-8', 4),
(371, 23, 'https://www.gutenberg.org/files/10017/10017-8.txt', 10),
(372, 23, 'https://www.gutenberg.org/files/10017/10017-8.zip', 10),
(373, 23, 'https://www.gutenberg.org/files/10017/10017.txt', 4),
(374, 23, 'https://www.gutenberg.org/files/10017/10017.zip', 4),
(375, 23, 'https://www.gutenberg.org/ebooks/10017.rdf', 5),
(376, 23, 'https://www.gutenberg.org/cache/epub/10017/pg10017.cover.medium.jpg', 6),
(377, 23, 'https://www.gutenberg.org/cache/epub/10017/pg10017.cover.small.jpg', 6),
(378, 23, 'https://www.gutenberg.org/cache/epub/10017/pg10017-h.zip', 7),
(379, 24, 'https://www.gutenberg.org/ebooks/10018.html.images', 1),
(380, 24, 'https://www.gutenberg.org/files/10018/10018-h/10018-h.htm', 9),
(381, 24, 'https://www.gutenberg.org/files/10018/10018-h/10018-h.zip', 9),
(382, 24, 'https://www.gutenberg.org/files/10018/10018-h.zip', 9),
(383, 24, 'https://www.gutenberg.org/ebooks/10018.epub3.images', 2),
(384, 24, 'https://www.gutenberg.org/ebooks/10018.epub.images', 2),
(385, 24, 'https://www.gutenberg.org/ebooks/10018.epub.noimages', 2),
(386, 24, 'https://www.gutenberg.org/ebooks/10018.kf8.images', 3),
(387, 24, 'https://www.gutenberg.org/ebooks/10018.kindle.images', 3),
(388, 24, 'https://www.gutenberg.org/ebooks/10018.kindle.noimages', 3),
(389, 24, 'https://www.gutenberg.org/ebooks/10018.txt.utf-8', 4),
(390, 24, 'https://www.gutenberg.org/files/10018/10018-8.txt', 10),
(391, 24, 'https://www.gutenberg.org/files/10018/10018-8.zip', 10),
(392, 24, 'https://www.gutenberg.org/files/10018/10018.txt', 4),
(393, 24, 'https://www.gutenberg.org/files/10018/10018.zip', 4),
(394, 24, 'https://www.gutenberg.org/ebooks/10018.rdf', 5),
(395, 24, 'https://www.gutenberg.org/cache/epub/10018/pg10018.cover.medium.jpg', 6),
(396, 24, 'https://www.gutenberg.org/cache/epub/10018/pg10018.cover.small.jpg', 6),
(397, 24, 'https://www.gutenberg.org/cache/epub/10018/pg10018-h.zip', 7),
(398, 25, 'https://www.gutenberg.org/ebooks/10019.html.images', 1),
(399, 25, 'https://www.gutenberg.org/files/10019/10019-h/10019-h.htm', 9),
(400, 25, 'https://www.gutenberg.org/files/10019/10019-h.zip', 9),
(401, 25, 'https://www.gutenberg.org/ebooks/10019.epub3.images', 2),
(402, 25, 'https://www.gutenberg.org/ebooks/10019.epub.images', 2),
(403, 25, 'https://www.gutenberg.org/ebooks/10019.epub.noimages', 2),
(404, 25, 'https://www.gutenberg.org/ebooks/10019.kf8.images', 3),
(405, 25, 'https://www.gutenberg.org/ebooks/10019.kindle.images', 3),
(406, 25, 'https://www.gutenberg.org/ebooks/10019.kindle.noimages', 3),
(407, 25, 'https://www.gutenberg.org/ebooks/10019.txt.utf-8', 4),
(408, 25, 'https://www.gutenberg.org/files/10019/10019-8.txt', 10),
(409, 25, 'https://www.gutenberg.org/files/10019/10019-8.zip', 10),
(410, 25, 'https://www.gutenberg.org/files/10019/10019.txt', 4),
(411, 25, 'https://www.gutenberg.org/files/10019/10019.zip', 4),
(412, 25, 'https://www.gutenberg.org/ebooks/10019.rdf', 5),
(413, 25, 'https://www.gutenberg.org/cache/epub/10019/pg10019.cover.medium.jpg', 6),
(414, 25, 'https://www.gutenberg.org/cache/epub/10019/pg10019.cover.small.jpg', 6),
(415, 25, 'https://www.gutenberg.org/cache/epub/10019/pg10019-h.zip', 7),
(416, 26, 'https://www.gutenberg.org/ebooks/1002.html.images', 1),
(417, 26, 'https://www.gutenberg.org/files/1002/1002-h/1002-h.htm', 1),
(418, 26, 'https://www.gutenberg.org/files/1002/1002-h.zip', 1),
(419, 26, 'https://www.gutenberg.org/ebooks/1002.epub3.images', 2),
(420, 26, 'https://www.gutenberg.org/ebooks/1002.epub.images', 2),
(421, 26, 'https://www.gutenberg.org/ebooks/1002.epub.noimages', 2),
(422, 26, 'https://www.gutenberg.org/ebooks/1002.kf8.images', 3),
(423, 26, 'https://www.gutenberg.org/ebooks/1002.kindle.images', 3),
(424, 26, 'https://www.gutenberg.org/ebooks/1002.kindle.noimages', 3),
(425, 26, 'https://www.gutenberg.org/ebooks/1002.txt.utf-8', 4),
(426, 26, 'https://www.gutenberg.org/files/1002/1002-0.txt', 8),
(427, 26, 'https://www.gutenberg.org/files/1002/1002-0.zip', 8),
(428, 26, 'https://www.gutenberg.org/ebooks/1002.rdf', 5),
(429, 26, 'https://www.gutenberg.org/cache/epub/1002/pg1002.cover.medium.jpg', 6),
(430, 26, 'https://www.gutenberg.org/cache/epub/1002/pg1002.cover.small.jpg', 6),
(431, 26, 'https://www.gutenberg.org/cache/epub/1002/pg1002-h.zip', 7),
(432, 27, 'https://www.gutenberg.org/ebooks/10020.html.images', 1),
(433, 27, 'https://www.gutenberg.org/files/10020/10020-h/10020-h.htm', 1),
(434, 27, 'https://www.gutenberg.org/ebooks/10020.epub3.images', 2),
(435, 27, 'https://www.gutenberg.org/ebooks/10020.epub.images', 2),
(436, 27, 'https://www.gutenberg.org/ebooks/10020.epub.noimages', 2),
(437, 27, 'https://www.gutenberg.org/ebooks/10020.kf8.images', 3),
(438, 27, 'https://www.gutenberg.org/ebooks/10020.kindle.images', 3),
(439, 27, 'https://www.gutenberg.org/ebooks/10020.kindle.noimages', 3),
(440, 27, 'https://www.gutenberg.org/ebooks/10020.txt.utf-8', 4),
(441, 27, 'https://www.gutenberg.org/files/10020/10020-0.txt', 4),
(442, 27, 'https://www.gutenberg.org/ebooks/10020.rdf', 5),
(443, 27, 'https://www.gutenberg.org/cache/epub/10020/pg10020.cover.medium.jpg', 6),
(444, 27, 'https://www.gutenberg.org/cache/epub/10020/pg10020.cover.small.jpg', 6),
(445, 27, 'https://www.gutenberg.org/files/10020/10020-0.zip', 7),
(446, 27, 'https://www.gutenberg.org/files/10020/10020-h.zip', 7),
(447, 27, 'https://www.gutenberg.org/cache/epub/10020/pg10020-h.zip', 7),
(448, 28, 'https://www.gutenberg.org/ebooks/10021.html.images', 1),
(449, 28, 'https://www.gutenberg.org/ebooks/10021.html.noimages', 1),
(450, 28, 'https://www.gutenberg.org/ebooks/10021.epub3.images', 2),
(451, 28, 'https://www.gutenberg.org/ebooks/10021.epub.images', 2),
(452, 28, 'https://www.gutenberg.org/ebooks/10021.epub.noimages', 2),
(453, 28, 'https://www.gutenberg.org/ebooks/10021.kf8.images', 3),
(454, 28, 'https://www.gutenberg.org/ebooks/10021.kindle.images', 3),
(455, 28, 'https://www.gutenberg.org/ebooks/10021.kindle.noimages', 3),
(456, 28, 'https://www.gutenberg.org/ebooks/10021.txt.utf-8', 4),
(457, 28, 'https://www.gutenberg.org/files/10021/10021-8.txt', 10),
(458, 28, 'https://www.gutenberg.org/files/10021/10021-8.zip', 10),
(459, 28, 'https://www.gutenberg.org/files/10021/10021.txt', 4),
(460, 28, 'https://www.gutenberg.org/files/10021/10021.zip', 4),
(461, 28, 'https://www.gutenberg.org/ebooks/10021.rdf', 5),
(462, 28, 'https://www.gutenberg.org/cache/epub/10021/pg10021.cover.medium.jpg', 6),
(463, 28, 'https://www.gutenberg.org/cache/epub/10021/pg10021.cover.small.jpg', 6),
(464, 28, 'https://www.gutenberg.org/cache/epub/10021/pg10021-h.zip', 7),
(465, 29, 'https://www.gutenberg.org/ebooks/10022.html.images', 1),
(466, 29, 'https://www.gutenberg.org/ebooks/10022.html.noimages', 1),
(467, 29, 'https://www.gutenberg.org/ebooks/10022.epub3.images', 2),
(468, 29, 'https://www.gutenberg.org/ebooks/10022.epub.images', 2),
(469, 29, 'https://www.gutenberg.org/ebooks/10022.epub.noimages', 2),
(470, 29, 'https://www.gutenberg.org/ebooks/10022.kf8.images', 3),
(471, 29, 'https://www.gutenberg.org/ebooks/10022.kindle.images', 3),
(472, 29, 'https://www.gutenberg.org/ebooks/10022.kindle.noimages', 3),
(473, 29, 'https://www.gutenberg.org/ebooks/10022.txt.utf-8', 4),
(474, 29, 'https://www.gutenberg.org/files/10022/10022.txt', 4),
(475, 29, 'https://www.gutenberg.org/files/10022/10022.zip', 4),
(476, 29, 'https://www.gutenberg.org/ebooks/10022.rdf', 5),
(477, 29, 'https://www.gutenberg.org/cache/epub/10022/pg10022.cover.medium.jpg', 6),
(478, 29, 'https://www.gutenberg.org/cache/epub/10022/pg10022.cover.small.jpg', 6),
(479, 29, 'https://www.gutenberg.org/cache/epub/10022/pg10022-h.zip', 7),
(480, 30, 'https://www.gutenberg.org/ebooks/10023.html.images', 1),
(481, 30, 'https://www.gutenberg.org/ebooks/10023.html.noimages', 1),
(482, 30, 'https://www.gutenberg.org/ebooks/10023.epub3.images', 2),
(483, 30, 'https://www.gutenberg.org/ebooks/10023.epub.images', 2),
(484, 30, 'https://www.gutenberg.org/ebooks/10023.epub.noimages', 2),
(485, 30, 'https://www.gutenberg.org/ebooks/10023.kf8.images', 3),
(486, 30, 'https://www.gutenberg.org/ebooks/10023.kindle.images', 3),
(487, 30, 'https://www.gutenberg.org/ebooks/10023.kindle.noimages', 3),
(488, 30, 'https://www.gutenberg.org/ebooks/10023.txt.utf-8', 4),
(489, 30, 'https://www.gutenberg.org/files/10023/10023.txt', 4),
(490, 30, 'https://www.gutenberg.org/files/10023/10023.zip', 4),
(491, 30, 'https://www.gutenberg.org/ebooks/10023.rdf', 5),
(492, 30, 'https://www.gutenberg.org/cache/epub/10023/pg10023.cover.medium.jpg', 6),
(493, 30, 'https://www.gutenberg.org/cache/epub/10023/pg10023.cover.small.jpg', 6),
(494, 30, 'https://www.gutenberg.org/cache/epub/10023/pg10023-h.zip', 7),
(495, 31, 'https://www.gutenberg.org/ebooks/10024.html.images', 1),
(496, 31, 'https://www.gutenberg.org/ebooks/10024.html.noimages', 1),
(497, 31, 'https://www.gutenberg.org/ebooks/10024.epub3.images', 2),
(498, 31, 'https://www.gutenberg.org/ebooks/10024.epub.images', 2),
(499, 31, 'https://www.gutenberg.org/ebooks/10024.epub.noimages', 2),
(500, 31, 'https://www.gutenberg.org/ebooks/10024.kf8.images', 3),
(501, 31, 'https://www.gutenberg.org/ebooks/10024.kindle.images', 3),
(502, 31, 'https://www.gutenberg.org/ebooks/10024.kindle.noimages', 3),
(503, 31, 'https://www.gutenberg.org/ebooks/10024.txt.utf-8', 4),
(504, 31, 'https://www.gutenberg.org/files/10024/10024-8.txt', 10),
(505, 31, 'https://www.gutenberg.org/files/10024/10024-8.zip', 10),
(506, 31, 'https://www.gutenberg.org/files/10024/10024.txt', 4),
(507, 31, 'https://www.gutenberg.org/files/10024/10024.zip', 4),
(508, 31, 'https://www.gutenberg.org/ebooks/10024.rdf', 5),
(509, 31, 'https://www.gutenberg.org/cache/epub/10024/pg10024.cover.medium.jpg', 6),
(510, 31, 'https://www.gutenberg.org/cache/epub/10024/pg10024.cover.small.jpg', 6),
(511, 31, 'https://www.gutenberg.org/cache/epub/10024/pg10024-h.zip', 7),
(512, 32, 'https://www.gutenberg.org/ebooks/10025.html.images', 1),
(513, 32, 'https://www.gutenberg.org/ebooks/10025.html.noimages', 1),
(514, 32, 'https://www.gutenberg.org/ebooks/10025.epub3.images', 2),
(515, 32, 'https://www.gutenberg.org/ebooks/10025.epub.images', 2),
(516, 32, 'https://www.gutenberg.org/ebooks/10025.epub.noimages', 2),
(517, 32, 'https://www.gutenberg.org/ebooks/10025.kf8.images', 3),
(518, 32, 'https://www.gutenberg.org/ebooks/10025.kindle.images', 3),
(519, 32, 'https://www.gutenberg.org/ebooks/10025.kindle.noimages', 3),
(520, 32, 'https://www.gutenberg.org/ebooks/10025.txt.utf-8', 4),
(521, 32, 'https://www.gutenberg.org/files/10025/10025-8.txt', 10),
(522, 32, 'https://www.gutenberg.org/files/10025/10025-8.zip', 10),
(523, 32, 'https://www.gutenberg.org/files/10025/10025.txt', 4),
(524, 32, 'https://www.gutenberg.org/files/10025/10025.zip', 4),
(525, 32, 'https://www.gutenberg.org/ebooks/10025.rdf', 5),
(526, 32, 'https://www.gutenberg.org/cache/epub/10025/pg10025.cover.medium.jpg', 6),
(527, 32, 'https://www.gutenberg.org/cache/epub/10025/pg10025.cover.small.jpg', 6),
(528, 32, 'https://www.gutenberg.org/cache/epub/10025/pg10025-h.zip', 7),
(529, 33, 'https://www.gutenberg.org/ebooks/10026.html.images', 1),
(530, 33, 'https://www.gutenberg.org/files/10026/10026-h/10026-h.htm', 1),
(531, 33, 'https://www.gutenberg.org/files/10026/10026-h.zip', 1),
(532, 33, 'https://www.gutenberg.org/ebooks/10026.epub3.images', 2),
(533, 33, 'https://www.gutenberg.org/ebooks/10026.epub.images', 2),
(534, 33, 'https://www.gutenberg.org/ebooks/10026.epub.noimages', 2),
(535, 33, 'https://www.gutenberg.org/ebooks/10026.kf8.images', 3),
(536, 33, 'https://www.gutenberg.org/ebooks/10026.kindle.images', 3),
(537, 33, 'https://www.gutenberg.org/ebooks/10026.kindle.noimages', 3),
(538, 33, 'https://www.gutenberg.org/ebooks/10026.txt.utf-8', 4),
(539, 33, 'https://www.gutenberg.org/files/10026/10026-8.txt', 10),
(540, 33, 'https://www.gutenberg.org/files/10026/10026-8.zip', 10),
(541, 33, 'https://www.gutenberg.org/files/10026/10026.txt', 4),
(542, 33, 'https://www.gutenberg.org/files/10026/10026.zip', 4),
(543, 33, 'https://www.gutenberg.org/ebooks/10026.rdf', 5),
(544, 33, 'https://www.gutenberg.org/cache/epub/10026/pg10026.cover.medium.jpg', 6),
(545, 33, 'https://www.gutenberg.org/cache/epub/10026/pg10026.cover.small.jpg', 6),
(546, 33, 'https://www.gutenberg.org/cache/epub/10026/pg10026-h.zip', 7),
(547, 34, 'https://www.gutenberg.org/ebooks/10027.html.images', 1),
(548, 34, 'https://www.gutenberg.org/ebooks/10027.html.noimages', 1),
(549, 34, 'https://www.gutenberg.org/ebooks/10027.epub3.images', 2),
(550, 34, 'https://www.gutenberg.org/ebooks/10027.epub.images', 2),
(551, 34, 'https://www.gutenberg.org/ebooks/10027.epub.noimages', 2),
(552, 34, 'https://www.gutenberg.org/ebooks/10027.kf8.images', 3),
(553, 34, 'https://www.gutenberg.org/ebooks/10027.kindle.images', 3),
(554, 34, 'https://www.gutenberg.org/ebooks/10027.kindle.noimages', 3),
(555, 34, 'https://www.gutenberg.org/ebooks/10027.txt.utf-8', 4),
(556, 34, 'https://www.gutenberg.org/files/10027/10027.txt', 4),
(557, 34, 'https://www.gutenberg.org/files/10027/10027.zip', 4),
(558, 34, 'https://www.gutenberg.org/ebooks/10027.rdf', 5),
(559, 34, 'https://www.gutenberg.org/cache/epub/10027/pg10027.cover.medium.jpg', 6),
(560, 34, 'https://www.gutenberg.org/cache/epub/10027/pg10027.cover.small.jpg', 6),
(561, 34, 'https://www.gutenberg.org/cache/epub/10027/pg10027-h.zip', 7),
(562, 35, 'https://www.gutenberg.org/ebooks/10028.html.images', 1),
(563, 35, 'https://www.gutenberg.org/files/10028/10028-h/10028-h.htm', 1),
(564, 35, 'https://www.gutenberg.org/files/10028/10028-h.zip', 1),
(565, 35, 'https://www.gutenberg.org/ebooks/10028.epub3.images', 2),
(566, 35, 'https://www.gutenberg.org/ebooks/10028.epub.images', 2),
(567, 35, 'https://www.gutenberg.org/ebooks/10028.epub.noimages', 2),
(568, 35, 'https://www.gutenberg.org/ebooks/10028.kf8.images', 3),
(569, 35, 'https://www.gutenberg.org/ebooks/10028.kindle.images', 3),
(570, 35, 'https://www.gutenberg.org/ebooks/10028.kindle.noimages', 3),
(571, 35, 'https://www.gutenberg.org/ebooks/10028.txt.utf-8', 4),
(572, 35, 'https://www.gutenberg.org/files/10028/10028.txt', 4),
(573, 35, 'https://www.gutenberg.org/files/10028/10028.zip', 4),
(574, 35, 'https://www.gutenberg.org/ebooks/10028.rdf', 5),
(575, 35, 'https://www.gutenberg.org/cache/epub/10028/pg10028.cover.medium.jpg', 6),
(576, 35, 'https://www.gutenberg.org/cache/epub/10028/pg10028.cover.small.jpg', 6),
(577, 35, 'https://www.gutenberg.org/cache/epub/10028/pg10028-h.zip', 7),
(578, 36, 'https://www.gutenberg.org/ebooks/10029.html.images', 1),
(579, 36, 'https://www.gutenberg.org/ebooks/10029.html.noimages', 1),
(580, 36, 'https://www.gutenberg.org/ebooks/10029.epub3.images', 2),
(581, 36, 'https://www.gutenberg.org/ebooks/10029.epub.images', 2),
(582, 36, 'https://www.gutenberg.org/ebooks/10029.epub.noimages', 2),
(583, 36, 'https://www.gutenberg.org/ebooks/10029.kf8.images', 3),
(584, 36, 'https://www.gutenberg.org/ebooks/10029.kindle.images', 3),
(585, 36, 'https://www.gutenberg.org/ebooks/10029.kindle.noimages', 3),
(586, 36, 'https://www.gutenberg.org/ebooks/10029.txt.utf-8', 4),
(587, 36, 'https://www.gutenberg.org/files/10029/10029-8.txt', 10),
(588, 36, 'https://www.gutenberg.org/files/10029/10029-8.zip', 10),
(589, 36, 'https://www.gutenberg.org/files/10029/10029.txt', 4),
(590, 36, 'https://www.gutenberg.org/files/10029/10029.zip', 4),
(591, 36, 'https://www.gutenberg.org/ebooks/10029.rdf', 5),
(592, 36, 'https://www.gutenberg.org/cache/epub/10029/pg10029.cover.medium.jpg', 6),
(593, 36, 'https://www.gutenberg.org/cache/epub/10029/pg10029.cover.small.jpg', 6),
(594, 36, 'https://www.gutenberg.org/cache/epub/10029/pg10029-h.zip', 7),
(595, 37, 'https://www.gutenberg.org/ebooks/1003.html.images', 1),
(596, 37, 'https://www.gutenberg.org/files/1003/1003-h/1003-h.htm', 1),
(597, 37, 'https://www.gutenberg.org/files/1003/1003-h.zip', 1),
(598, 37, 'https://www.gutenberg.org/ebooks/1003.epub3.images', 2),
(599, 37, 'https://www.gutenberg.org/ebooks/1003.epub.images', 2),
(600, 37, 'https://www.gutenberg.org/ebooks/1003.epub.noimages', 2),
(601, 37, 'https://www.gutenberg.org/ebooks/1003.kf8.images', 3),
(602, 37, 'https://www.gutenberg.org/ebooks/1003.kindle.images', 3),
(603, 37, 'https://www.gutenberg.org/ebooks/1003.kindle.noimages', 3),
(604, 37, 'https://www.gutenberg.org/ebooks/1003.txt.utf-8', 4),
(605, 37, 'https://www.gutenberg.org/files/1003/1003-0.txt', 8),
(606, 37, 'https://www.gutenberg.org/files/1003/1003-0.zip', 8),
(607, 37, 'https://www.gutenberg.org/ebooks/1003.rdf', 5),
(608, 37, 'https://www.gutenberg.org/cache/epub/1003/pg1003.cover.medium.jpg', 6),
(609, 37, 'https://www.gutenberg.org/cache/epub/1003/pg1003.cover.small.jpg', 6),
(610, 37, 'https://www.gutenberg.org/cache/epub/1003/pg1003-h.zip', 7),
(611, 38, 'https://www.gutenberg.org/ebooks/10030.html.images', 1),
(612, 38, 'https://www.gutenberg.org/ebooks/10030.html.noimages', 1),
(613, 38, 'https://www.gutenberg.org/ebooks/10030.epub3.images', 2),
(614, 38, 'https://www.gutenberg.org/ebooks/10030.epub.images', 2),
(615, 38, 'https://www.gutenberg.org/ebooks/10030.epub.noimages', 2),
(616, 38, 'https://www.gutenberg.org/ebooks/10030.kf8.images', 3),
(617, 38, 'https://www.gutenberg.org/ebooks/10030.kindle.images', 3),
(618, 38, 'https://www.gutenberg.org/ebooks/10030.kindle.noimages', 3),
(619, 38, 'https://www.gutenberg.org/ebooks/10030.txt.utf-8', 4),
(620, 38, 'https://www.gutenberg.org/files/10030/10030-8.txt', 10),
(621, 38, 'https://www.gutenberg.org/files/10030/10030-8.zip', 10),
(622, 38, 'https://www.gutenberg.org/files/10030/10030.txt', 4),
(623, 38, 'https://www.gutenberg.org/files/10030/10030.zip', 4),
(624, 38, 'https://www.gutenberg.org/ebooks/10030.rdf', 5),
(625, 38, 'https://www.gutenberg.org/cache/epub/10030/pg10030.cover.medium.jpg', 6),
(626, 38, 'https://www.gutenberg.org/cache/epub/10030/pg10030.cover.small.jpg', 6),
(627, 38, 'https://www.gutenberg.org/cache/epub/10030/pg10030-h.zip', 7),
(628, 39, 'https://www.gutenberg.org/ebooks/10031.html.images', 1),
(629, 39, 'https://www.gutenberg.org/files/10031/10031-h/10031-h.htm', 1),
(630, 39, 'https://www.gutenberg.org/ebooks/10031.epub3.images', 2),
(631, 39, 'https://www.gutenberg.org/ebooks/10031.epub.images', 2),
(632, 39, 'https://www.gutenberg.org/ebooks/10031.epub.noimages', 2),
(633, 39, 'https://www.gutenberg.org/ebooks/10031.kf8.images', 3),
(634, 39, 'https://www.gutenberg.org/ebooks/10031.kindle.images', 3),
(635, 39, 'https://www.gutenberg.org/ebooks/10031.kindle.noimages', 3),
(636, 39, 'https://www.gutenberg.org/ebooks/10031.txt.utf-8', 4),
(637, 39, 'https://www.gutenberg.org/files/10031/10031-0.txt', 4),
(638, 39, 'https://www.gutenberg.org/ebooks/10031.rdf', 5),
(639, 39, 'https://www.gutenberg.org/cache/epub/10031/pg10031.cover.medium.jpg', 6),
(640, 39, 'https://www.gutenberg.org/cache/epub/10031/pg10031.cover.small.jpg', 6),
(641, 39, 'https://www.gutenberg.org/files/10031/10031-0.zip', 7),
(642, 39, 'https://www.gutenberg.org/files/10031/10031-h.zip', 7),
(643, 39, 'https://www.gutenberg.org/cache/epub/10031/pg10031-h.zip', 7),
(644, 40, 'https://www.gutenberg.org/ebooks/10032.html.images', 1),
(645, 40, 'https://www.gutenberg.org/files/10032/10032-h/10032-h.htm', 9),
(646, 40, 'https://www.gutenberg.org/files/10032/10032-h.zip', 9),
(647, 40, 'https://www.gutenberg.org/ebooks/10032.epub3.images', 2),
(648, 40, 'https://www.gutenberg.org/ebooks/10032.epub.images', 2),
(649, 40, 'https://www.gutenberg.org/ebooks/10032.epub.noimages', 2),
(650, 40, 'https://www.gutenberg.org/ebooks/10032.kf8.images', 3),
(651, 40, 'https://www.gutenberg.org/ebooks/10032.kindle.images', 3),
(652, 40, 'https://www.gutenberg.org/ebooks/10032.kindle.noimages', 3),
(653, 40, 'https://www.gutenberg.org/ebooks/10032.txt.utf-8', 4),
(654, 40, 'https://www.gutenberg.org/files/10032/10032-8.txt', 10),
(655, 40, 'https://www.gutenberg.org/files/10032/10032-8.zip', 10),
(656, 40, 'https://www.gutenberg.org/files/10032/10032.txt', 4),
(657, 40, 'https://www.gutenberg.org/files/10032/10032.zip', 4),
(658, 40, 'https://www.gutenberg.org/ebooks/10032.rdf', 5),
(659, 40, 'https://www.gutenberg.org/cache/epub/10032/pg10032.cover.medium.jpg', 6),
(660, 40, 'https://www.gutenberg.org/cache/epub/10032/pg10032.cover.small.jpg', 6),
(661, 40, 'https://www.gutenberg.org/cache/epub/10032/pg10032-h.zip', 7),
(662, 41, 'https://www.gutenberg.org/ebooks/10033.html.images', 1),
(663, 41, 'https://www.gutenberg.org/files/10033/10033-h/10033-h.htm', 9),
(664, 41, 'https://www.gutenberg.org/files/10033/10033-h.zip', 9),
(665, 41, 'https://www.gutenberg.org/ebooks/10033.epub3.images', 2),
(666, 41, 'https://www.gutenberg.org/ebooks/10033.epub.images', 2),
(667, 41, 'https://www.gutenberg.org/ebooks/10033.epub.noimages', 2),
(668, 41, 'https://www.gutenberg.org/ebooks/10033.kf8.images', 3),
(669, 41, 'https://www.gutenberg.org/ebooks/10033.kindle.images', 3),
(670, 41, 'https://www.gutenberg.org/ebooks/10033.kindle.noimages', 3),
(671, 41, 'https://www.gutenberg.org/ebooks/10033.txt.utf-8', 4),
(672, 41, 'https://www.gutenberg.org/files/10033/10033-8.txt', 10),
(673, 41, 'https://www.gutenberg.org/files/10033/10033-8.zip', 10),
(674, 41, 'https://www.gutenberg.org/files/10033/10033.txt', 4),
(675, 41, 'https://www.gutenberg.org/files/10033/10033.zip', 4),
(676, 41, 'https://www.gutenberg.org/ebooks/10033.rdf', 5),
(677, 41, 'https://www.gutenberg.org/cache/epub/10033/pg10033.cover.medium.jpg', 6),
(678, 41, 'https://www.gutenberg.org/cache/epub/10033/pg10033.cover.small.jpg', 6),
(679, 41, 'https://www.gutenberg.org/cache/epub/10033/pg10033-h.zip', 7),
(680, 42, 'https://www.gutenberg.org/ebooks/10034.html.images', 1),
(681, 42, 'https://www.gutenberg.org/files/10034/10034-h/10034-h.htm', 9),
(682, 42, 'https://www.gutenberg.org/files/10034/10034-h.zip', 9),
(683, 42, 'https://www.gutenberg.org/ebooks/10034.epub3.images', 2),
(684, 42, 'https://www.gutenberg.org/ebooks/10034.epub.images', 2),
(685, 42, 'https://www.gutenberg.org/ebooks/10034.epub.noimages', 2),
(686, 42, 'https://www.gutenberg.org/ebooks/10034.kf8.images', 3),
(687, 42, 'https://www.gutenberg.org/ebooks/10034.kindle.images', 3),
(688, 42, 'https://www.gutenberg.org/ebooks/10034.kindle.noimages', 3),
(689, 42, 'https://www.gutenberg.org/ebooks/10034.txt.utf-8', 4),
(690, 42, 'https://www.gutenberg.org/files/10034/10034-8.txt', 10),
(691, 42, 'https://www.gutenberg.org/files/10034/10034-8.zip', 10),
(692, 42, 'https://www.gutenberg.org/files/10034/10034.txt', 4),
(693, 42, 'https://www.gutenberg.org/files/10034/10034.zip', 4),
(694, 42, 'https://www.gutenberg.org/ebooks/10034.rdf', 5),
(695, 42, 'https://www.gutenberg.org/cache/epub/10034/pg10034.cover.medium.jpg', 6),
(696, 42, 'https://www.gutenberg.org/cache/epub/10034/pg10034.cover.small.jpg', 6),
(697, 42, 'https://www.gutenberg.org/cache/epub/10034/pg10034-h.zip', 7),
(698, 43, 'https://www.gutenberg.org/ebooks/10035.html.images', 1),
(699, 43, 'https://www.gutenberg.org/files/10035/10035-h/10035-h.htm', 9),
(700, 43, 'https://www.gutenberg.org/files/10035/10035-h.zip', 9),
(701, 43, 'https://www.gutenberg.org/ebooks/10035.epub3.images', 2),
(702, 43, 'https://www.gutenberg.org/ebooks/10035.epub.images', 2),
(703, 43, 'https://www.gutenberg.org/ebooks/10035.epub.noimages', 2),
(704, 43, 'https://www.gutenberg.org/ebooks/10035.kf8.images', 3),
(705, 43, 'https://www.gutenberg.org/ebooks/10035.kindle.images', 3),
(706, 43, 'https://www.gutenberg.org/ebooks/10035.kindle.noimages', 3),
(707, 43, 'https://www.gutenberg.org/ebooks/10035.txt.utf-8', 4),
(708, 43, 'https://www.gutenberg.org/files/10035/10035-8.txt', 10),
(709, 43, 'https://www.gutenberg.org/files/10035/10035-8.zip', 10),
(710, 43, 'https://www.gutenberg.org/files/10035/10035.txt', 4),
(711, 43, 'https://www.gutenberg.org/files/10035/10035.zip', 4),
(712, 43, 'https://www.gutenberg.org/ebooks/10035.rdf', 5),
(713, 43, 'https://www.gutenberg.org/cache/epub/10035/pg10035.cover.medium.jpg', 6),
(714, 43, 'https://www.gutenberg.org/cache/epub/10035/pg10035.cover.small.jpg', 6),
(715, 43, 'https://www.gutenberg.org/cache/epub/10035/pg10035-h.zip', 7),
(716, 44, 'https://www.gutenberg.org/ebooks/10036.html.images', 1),
(717, 44, 'https://www.gutenberg.org/files/10036/10036-h/10036-h.htm', 9),
(718, 44, 'https://www.gutenberg.org/files/10036/10036-h.zip', 9),
(719, 44, 'https://www.gutenberg.org/ebooks/10036.epub3.images', 2),
(720, 44, 'https://www.gutenberg.org/ebooks/10036.epub.images', 2),
(721, 44, 'https://www.gutenberg.org/ebooks/10036.epub.noimages', 2),
(722, 44, 'https://www.gutenberg.org/ebooks/10036.kf8.images', 3),
(723, 44, 'https://www.gutenberg.org/ebooks/10036.kindle.images', 3),
(724, 44, 'https://www.gutenberg.org/ebooks/10036.kindle.noimages', 3),
(725, 44, 'https://www.gutenberg.org/ebooks/10036.txt.utf-8', 4),
(726, 44, 'https://www.gutenberg.org/files/10036/10036-8.txt', 10),
(727, 44, 'https://www.gutenberg.org/files/10036/10036-8.zip', 10),
(728, 44, 'https://www.gutenberg.org/files/10036/10036.txt', 4),
(729, 44, 'https://www.gutenberg.org/files/10036/10036.zip', 4),
(730, 44, 'https://www.gutenberg.org/ebooks/10036.rdf', 5),
(731, 44, 'https://www.gutenberg.org/cache/epub/10036/pg10036.cover.medium.jpg', 6),
(732, 44, 'https://www.gutenberg.org/cache/epub/10036/pg10036.cover.small.jpg', 6),
(733, 44, 'https://www.gutenberg.org/cache/epub/10036/pg10036-h.zip', 7),
(734, 45, 'https://www.gutenberg.org/ebooks/10037.html.images', 1),
(735, 45, 'https://www.gutenberg.org/ebooks/10037.html.noimages', 1),
(736, 45, 'https://www.gutenberg.org/ebooks/10037.epub3.images', 2),
(737, 45, 'https://www.gutenberg.org/ebooks/10037.epub.images', 2),
(738, 45, 'https://www.gutenberg.org/ebooks/10037.epub.noimages', 2),
(739, 45, 'https://www.gutenberg.org/ebooks/10037.kf8.images', 3);
INSERT INTO `booklinks` (`Link_id`, `Book_id`, `Link`, `type_id`) VALUES
(740, 45, 'https://www.gutenberg.org/ebooks/10037.kindle.images', 3),
(741, 45, 'https://www.gutenberg.org/ebooks/10037.kindle.noimages', 3),
(742, 45, 'https://www.gutenberg.org/ebooks/10037.txt.utf-8', 4),
(743, 45, 'https://www.gutenberg.org/files/10037/10037-8.txt', 10),
(744, 45, 'https://www.gutenberg.org/files/10037/10037-8.zip', 10),
(745, 45, 'https://www.gutenberg.org/files/10037/10037.txt', 4),
(746, 45, 'https://www.gutenberg.org/files/10037/10037.zip', 4),
(747, 45, 'https://www.gutenberg.org/ebooks/10037.rdf', 5),
(748, 45, 'https://www.gutenberg.org/cache/epub/10037/pg10037.cover.medium.jpg', 6),
(749, 45, 'https://www.gutenberg.org/cache/epub/10037/pg10037.cover.small.jpg', 6),
(750, 45, 'https://www.gutenberg.org/cache/epub/10037/pg10037-h.zip', 7),
(751, 46, 'https://www.gutenberg.org/ebooks/10038.html.images', 1),
(752, 46, 'https://www.gutenberg.org/files/10038/10038-h/10038-h.htm', 9),
(753, 46, 'https://www.gutenberg.org/files/10038/10038-h.zip', 9),
(754, 46, 'https://www.gutenberg.org/ebooks/10038.epub3.images', 2),
(755, 46, 'https://www.gutenberg.org/ebooks/10038.epub.images', 2),
(756, 46, 'https://www.gutenberg.org/ebooks/10038.epub.noimages', 2),
(757, 46, 'https://www.gutenberg.org/ebooks/10038.kf8.images', 3),
(758, 46, 'https://www.gutenberg.org/ebooks/10038.kindle.images', 3),
(759, 46, 'https://www.gutenberg.org/ebooks/10038.kindle.noimages', 3),
(760, 46, 'https://www.gutenberg.org/ebooks/10038.txt.utf-8', 4),
(761, 46, 'https://www.gutenberg.org/files/10038/10038-8.txt', 10),
(762, 46, 'https://www.gutenberg.org/files/10038/10038-8.zip', 10),
(763, 46, 'https://www.gutenberg.org/files/10038/10038.txt', 4),
(764, 46, 'https://www.gutenberg.org/files/10038/10038.zip', 4),
(765, 46, 'https://www.gutenberg.org/ebooks/10038.rdf', 5),
(766, 46, 'https://www.gutenberg.org/cache/epub/10038/pg10038.cover.medium.jpg', 6),
(767, 46, 'https://www.gutenberg.org/cache/epub/10038/pg10038.cover.small.jpg', 6),
(768, 46, 'https://www.gutenberg.org/cache/epub/10038/pg10038-h.zip', 7),
(769, 47, 'https://www.gutenberg.org/ebooks/10039.html.images', 1),
(770, 47, 'https://www.gutenberg.org/ebooks/10039.html.noimages', 1),
(771, 47, 'https://www.gutenberg.org/ebooks/10039.epub3.images', 2),
(772, 47, 'https://www.gutenberg.org/ebooks/10039.epub.images', 2),
(773, 47, 'https://www.gutenberg.org/ebooks/10039.epub.noimages', 2),
(774, 47, 'https://www.gutenberg.org/ebooks/10039.kf8.images', 3),
(775, 47, 'https://www.gutenberg.org/ebooks/10039.kindle.images', 3),
(776, 47, 'https://www.gutenberg.org/ebooks/10039.kindle.noimages', 3),
(777, 47, 'https://www.gutenberg.org/ebooks/10039.txt.utf-8', 4),
(778, 47, 'https://www.gutenberg.org/files/10039/10039-0.txt', 8),
(779, 47, 'https://www.gutenberg.org/files/10039/10039-0.zip', 8),
(780, 47, 'https://www.gutenberg.org/files/10039/10039-8.txt', 10),
(781, 47, 'https://www.gutenberg.org/files/10039/10039-8.zip', 10),
(782, 47, 'https://www.gutenberg.org/files/10039/10039.txt', 4),
(783, 47, 'https://www.gutenberg.org/files/10039/10039.zip', 4),
(784, 47, 'https://www.gutenberg.org/ebooks/10039.rdf', 5),
(785, 47, 'https://www.gutenberg.org/cache/epub/10039/pg10039.cover.medium.jpg', 6),
(786, 47, 'https://www.gutenberg.org/cache/epub/10039/pg10039.cover.small.jpg', 6),
(787, 47, 'https://www.gutenberg.org/cache/epub/10039/pg10039-h.zip', 7),
(788, 48, 'https://www.gutenberg.org/ebooks/1004.html.images', 1),
(789, 48, 'https://www.gutenberg.org/files/1004/1004-h/1004-h.htm', 1),
(790, 48, 'https://www.gutenberg.org/ebooks/1004.epub3.images', 2),
(791, 48, 'https://www.gutenberg.org/ebooks/1004.epub.images', 2),
(792, 48, 'https://www.gutenberg.org/ebooks/1004.epub.noimages', 2),
(793, 48, 'https://www.gutenberg.org/ebooks/1004.kf8.images', 3),
(794, 48, 'https://www.gutenberg.org/ebooks/1004.kindle.images', 3),
(795, 48, 'https://www.gutenberg.org/ebooks/1004.kindle.noimages', 3),
(796, 48, 'https://www.gutenberg.org/ebooks/1004.txt.utf-8', 4),
(797, 48, 'https://www.gutenberg.org/files/1004/1004-0.txt', 4),
(798, 48, 'https://www.gutenberg.org/ebooks/1004.rdf', 5),
(799, 48, 'https://www.gutenberg.org/cache/epub/1004/pg1004.cover.medium.jpg', 6),
(800, 48, 'https://www.gutenberg.org/cache/epub/1004/pg1004.cover.small.jpg', 6),
(801, 48, 'https://www.gutenberg.org/files/1004/1004-0.zip', 7),
(802, 48, 'https://www.gutenberg.org/files/1004/1004-h.zip', 7),
(803, 48, 'https://www.gutenberg.org/cache/epub/1004/pg1004-h.zip', 7),
(804, 49, 'https://www.gutenberg.org/ebooks/10040.html.images', 1),
(805, 49, 'https://www.gutenberg.org/ebooks/10040.html.noimages', 1),
(806, 49, 'https://www.gutenberg.org/ebooks/10040.epub3.images', 2),
(807, 49, 'https://www.gutenberg.org/ebooks/10040.epub.images', 2),
(808, 49, 'https://www.gutenberg.org/ebooks/10040.epub.noimages', 2),
(809, 49, 'https://www.gutenberg.org/ebooks/10040.kf8.images', 3),
(810, 49, 'https://www.gutenberg.org/ebooks/10040.kindle.images', 3),
(811, 49, 'https://www.gutenberg.org/ebooks/10040.kindle.noimages', 3),
(812, 49, 'https://www.gutenberg.org/ebooks/10040.txt.utf-8', 4),
(813, 49, 'https://www.gutenberg.org/files/10040/10040.txt', 4),
(814, 49, 'https://www.gutenberg.org/files/10040/10040.zip', 4),
(815, 49, 'https://www.gutenberg.org/ebooks/10040.rdf', 5),
(816, 49, 'https://www.gutenberg.org/cache/epub/10040/pg10040.cover.medium.jpg', 6),
(817, 49, 'https://www.gutenberg.org/cache/epub/10040/pg10040.cover.small.jpg', 6),
(818, 49, 'https://www.gutenberg.org/cache/epub/10040/pg10040-h.zip', 7),
(819, 50, 'https://www.gutenberg.org/ebooks/10041.html.images', 1),
(820, 50, 'https://www.gutenberg.org/ebooks/10041.html.noimages', 1),
(821, 50, 'https://www.gutenberg.org/ebooks/10041.epub3.images', 2),
(822, 50, 'https://www.gutenberg.org/ebooks/10041.epub.images', 2),
(823, 50, 'https://www.gutenberg.org/ebooks/10041.epub.noimages', 2),
(824, 50, 'https://www.gutenberg.org/ebooks/10041.kf8.images', 3),
(825, 50, 'https://www.gutenberg.org/ebooks/10041.kindle.images', 3),
(826, 50, 'https://www.gutenberg.org/ebooks/10041.kindle.noimages', 3),
(827, 50, 'https://www.gutenberg.org/ebooks/10041.txt.utf-8', 4),
(828, 50, 'https://www.gutenberg.org/files/10041/10041-8.txt', 10),
(829, 50, 'https://www.gutenberg.org/files/10041/10041-8.zip', 10),
(830, 50, 'https://www.gutenberg.org/files/10041/10041.txt', 4),
(831, 50, 'https://www.gutenberg.org/files/10041/10041.zip', 4),
(832, 50, 'https://www.gutenberg.org/ebooks/10041.rdf', 5),
(833, 50, 'https://www.gutenberg.org/cache/epub/10041/pg10041.cover.medium.jpg', 6),
(834, 50, 'https://www.gutenberg.org/cache/epub/10041/pg10041.cover.small.jpg', 6),
(835, 50, 'https://www.gutenberg.org/cache/epub/10041/pg10041-h.zip', 7),
(836, 51, 'https://www.gutenberg.org/ebooks/10042.html.images', 1),
(837, 51, 'https://www.gutenberg.org/ebooks/10042.html.noimages', 1),
(838, 51, 'https://www.gutenberg.org/ebooks/10042.epub3.images', 2),
(839, 51, 'https://www.gutenberg.org/ebooks/10042.epub.images', 2),
(840, 51, 'https://www.gutenberg.org/ebooks/10042.epub.noimages', 2),
(841, 51, 'https://www.gutenberg.org/ebooks/10042.kf8.images', 3),
(842, 51, 'https://www.gutenberg.org/ebooks/10042.kindle.images', 3),
(843, 51, 'https://www.gutenberg.org/ebooks/10042.kindle.noimages', 3),
(844, 51, 'https://www.gutenberg.org/ebooks/10042.txt.utf-8', 4),
(845, 51, 'https://www.gutenberg.org/files/10042/10042-8.txt', 10),
(846, 51, 'https://www.gutenberg.org/files/10042/10042-8.zip', 10),
(847, 51, 'https://www.gutenberg.org/files/10042/10042.txt', 4),
(848, 51, 'https://www.gutenberg.org/files/10042/10042.zip', 4),
(849, 51, 'https://www.gutenberg.org/ebooks/10042.rdf', 5),
(850, 51, 'https://www.gutenberg.org/cache/epub/10042/pg10042.cover.medium.jpg', 6),
(851, 51, 'https://www.gutenberg.org/cache/epub/10042/pg10042.cover.small.jpg', 6),
(852, 51, 'https://www.gutenberg.org/cache/epub/10042/pg10042-h.zip', 7),
(853, 52, 'https://www.gutenberg.org/ebooks/10043.html.images', 1),
(854, 52, 'https://www.gutenberg.org/ebooks/10043.html.noimages', 1),
(855, 52, 'https://www.gutenberg.org/ebooks/10043.epub3.images', 2),
(856, 52, 'https://www.gutenberg.org/ebooks/10043.epub.images', 2),
(857, 52, 'https://www.gutenberg.org/ebooks/10043.epub.noimages', 2),
(858, 52, 'https://www.gutenberg.org/ebooks/10043.kf8.images', 3),
(859, 52, 'https://www.gutenberg.org/ebooks/10043.kindle.images', 3),
(860, 52, 'https://www.gutenberg.org/ebooks/10043.kindle.noimages', 3),
(861, 52, 'https://www.gutenberg.org/ebooks/10043.txt.utf-8', 4),
(862, 52, 'https://www.gutenberg.org/files/10043/10043-8.txt', 10),
(863, 52, 'https://www.gutenberg.org/files/10043/10043-8.zip', 10),
(864, 52, 'https://www.gutenberg.org/files/10043/10043.txt', 4),
(865, 52, 'https://www.gutenberg.org/files/10043/10043.zip', 4),
(866, 52, 'https://www.gutenberg.org/ebooks/10043.rdf', 5),
(867, 52, 'https://www.gutenberg.org/cache/epub/10043/pg10043.cover.medium.jpg', 6),
(868, 52, 'https://www.gutenberg.org/cache/epub/10043/pg10043.cover.small.jpg', 6),
(869, 52, 'https://www.gutenberg.org/cache/epub/10043/pg10043-h.zip', 7),
(870, 53, 'https://www.gutenberg.org/ebooks/10044.html.images', 1),
(871, 53, 'https://www.gutenberg.org/files/10044/10044-h/10044-h.htm', 1),
(872, 53, 'https://www.gutenberg.org/ebooks/10044.epub3.images', 2),
(873, 53, 'https://www.gutenberg.org/ebooks/10044.epub.images', 2),
(874, 53, 'https://www.gutenberg.org/ebooks/10044.epub.noimages', 2),
(875, 53, 'https://www.gutenberg.org/ebooks/10044.kf8.images', 3),
(876, 53, 'https://www.gutenberg.org/ebooks/10044.kindle.images', 3),
(877, 53, 'https://www.gutenberg.org/ebooks/10044.kindle.noimages', 3),
(878, 53, 'https://www.gutenberg.org/ebooks/10044.txt.utf-8', 4),
(879, 53, 'https://www.gutenberg.org/files/10044/10044.txt', 4),
(880, 53, 'https://www.gutenberg.org/files/10044/10044.zip', 4),
(881, 53, 'https://www.gutenberg.org/ebooks/10044.rdf', 5),
(882, 53, 'https://www.gutenberg.org/cache/epub/10044/pg10044.cover.medium.jpg', 6),
(883, 53, 'https://www.gutenberg.org/cache/epub/10044/pg10044.cover.small.jpg', 6),
(884, 53, 'https://www.gutenberg.org/files/10044/10044-h.zip', 7),
(885, 53, 'https://www.gutenberg.org/cache/epub/10044/pg10044-h.zip', 7),
(886, 54, 'https://www.gutenberg.org/ebooks/10045.html.images', 1),
(887, 54, 'https://www.gutenberg.org/files/10045/10045-h/10045-h.htm', 9),
(888, 54, 'https://www.gutenberg.org/files/10045/10045-h.zip', 9),
(889, 54, 'https://www.gutenberg.org/ebooks/10045.epub3.images', 2),
(890, 54, 'https://www.gutenberg.org/ebooks/10045.epub.images', 2),
(891, 54, 'https://www.gutenberg.org/ebooks/10045.epub.noimages', 2),
(892, 54, 'https://www.gutenberg.org/ebooks/10045.kf8.images', 3),
(893, 54, 'https://www.gutenberg.org/ebooks/10045.kindle.images', 3),
(894, 54, 'https://www.gutenberg.org/ebooks/10045.kindle.noimages', 3),
(895, 54, 'https://www.gutenberg.org/ebooks/10045.txt.utf-8', 4),
(896, 54, 'https://www.gutenberg.org/files/10045/10045.txt', 4),
(897, 54, 'https://www.gutenberg.org/files/10045/10045.zip', 4),
(898, 54, 'https://www.gutenberg.org/ebooks/10045.rdf', 5),
(899, 54, 'https://www.gutenberg.org/cache/epub/10045/pg10045.cover.medium.jpg', 6),
(900, 54, 'https://www.gutenberg.org/cache/epub/10045/pg10045.cover.small.jpg', 6),
(901, 54, 'https://www.gutenberg.org/cache/epub/10045/pg10045-h.zip', 7),
(902, 55, 'https://www.gutenberg.org/ebooks/10046.html.images', 1),
(903, 55, 'https://www.gutenberg.org/ebooks/10046.html.noimages', 1),
(904, 55, 'https://www.gutenberg.org/ebooks/10046.epub3.images', 2),
(905, 55, 'https://www.gutenberg.org/ebooks/10046.epub.images', 2),
(906, 55, 'https://www.gutenberg.org/ebooks/10046.epub.noimages', 2),
(907, 55, 'https://www.gutenberg.org/ebooks/10046.kf8.images', 3),
(908, 55, 'https://www.gutenberg.org/ebooks/10046.kindle.images', 3),
(909, 55, 'https://www.gutenberg.org/ebooks/10046.kindle.noimages', 3),
(910, 55, 'https://www.gutenberg.org/ebooks/10046.txt.utf-8', 4),
(911, 55, 'https://www.gutenberg.org/files/10046/10046.txt', 4),
(912, 55, 'https://www.gutenberg.org/files/10046/10046.zip', 4),
(913, 55, 'https://www.gutenberg.org/ebooks/10046.rdf', 5),
(914, 55, 'https://www.gutenberg.org/cache/epub/10046/pg10046.cover.medium.jpg', 6),
(915, 55, 'https://www.gutenberg.org/cache/epub/10046/pg10046.cover.small.jpg', 6),
(916, 55, 'https://www.gutenberg.org/cache/epub/10046/pg10046-h.zip', 7),
(917, 56, 'https://www.gutenberg.org/ebooks/10047.html.images', 1),
(918, 56, 'https://www.gutenberg.org/files/10047/10047-h/10047-h.htm', 9),
(919, 56, 'https://www.gutenberg.org/files/10047/10047-h.zip', 9),
(920, 56, 'https://www.gutenberg.org/ebooks/10047.epub3.images', 2),
(921, 56, 'https://www.gutenberg.org/ebooks/10047.epub.images', 2),
(922, 56, 'https://www.gutenberg.org/ebooks/10047.epub.noimages', 2),
(923, 56, 'https://www.gutenberg.org/ebooks/10047.kf8.images', 3),
(924, 56, 'https://www.gutenberg.org/ebooks/10047.kindle.images', 3),
(925, 56, 'https://www.gutenberg.org/ebooks/10047.kindle.noimages', 3),
(926, 56, 'https://www.gutenberg.org/ebooks/10047.txt.utf-8', 4),
(927, 56, 'https://www.gutenberg.org/files/10047/10047-8.txt', 10),
(928, 56, 'https://www.gutenberg.org/files/10047/10047-8.zip', 10),
(929, 56, 'https://www.gutenberg.org/files/10047/10047.txt', 4),
(930, 56, 'https://www.gutenberg.org/files/10047/10047.zip', 4),
(931, 56, 'https://www.gutenberg.org/ebooks/10047.rdf', 5),
(932, 56, 'https://www.gutenberg.org/cache/epub/10047/pg10047.cover.medium.jpg', 6),
(933, 56, 'https://www.gutenberg.org/cache/epub/10047/pg10047.cover.small.jpg', 6),
(934, 56, 'https://www.gutenberg.org/cache/epub/10047/pg10047-h.zip', 7),
(935, 57, 'https://www.gutenberg.org/ebooks/10048.html.images', 1),
(936, 57, 'https://www.gutenberg.org/ebooks/10048.html.noimages', 1),
(937, 57, 'https://www.gutenberg.org/ebooks/10048.epub3.images', 2),
(938, 57, 'https://www.gutenberg.org/ebooks/10048.epub.images', 2),
(939, 57, 'https://www.gutenberg.org/ebooks/10048.epub.noimages', 2),
(940, 57, 'https://www.gutenberg.org/ebooks/10048.kf8.images', 3),
(941, 57, 'https://www.gutenberg.org/ebooks/10048.kindle.images', 3),
(942, 57, 'https://www.gutenberg.org/ebooks/10048.kindle.noimages', 3),
(943, 57, 'https://www.gutenberg.org/ebooks/10048.txt.utf-8', 4),
(944, 57, 'https://www.gutenberg.org/files/10048/10048.txt', 4),
(945, 57, 'https://www.gutenberg.org/files/10048/10048.zip', 4),
(946, 57, 'https://www.gutenberg.org/ebooks/10048.rdf', 5),
(947, 57, 'https://www.gutenberg.org/cache/epub/10048/pg10048.cover.medium.jpg', 6),
(948, 57, 'https://www.gutenberg.org/cache/epub/10048/pg10048.cover.small.jpg', 6),
(949, 57, 'https://www.gutenberg.org/cache/epub/10048/pg10048-h.zip', 7),
(950, 58, 'https://www.gutenberg.org/ebooks/10049.html.images', 1),
(951, 58, 'https://www.gutenberg.org/ebooks/10049.html.noimages', 1),
(952, 58, 'https://www.gutenberg.org/ebooks/10049.epub3.images', 2),
(953, 58, 'https://www.gutenberg.org/ebooks/10049.epub.images', 2),
(954, 58, 'https://www.gutenberg.org/ebooks/10049.epub.noimages', 2),
(955, 58, 'https://www.gutenberg.org/ebooks/10049.kf8.images', 3),
(956, 58, 'https://www.gutenberg.org/ebooks/10049.kindle.images', 3),
(957, 58, 'https://www.gutenberg.org/ebooks/10049.kindle.noimages', 3),
(958, 58, 'https://www.gutenberg.org/ebooks/10049.txt.utf-8', 4),
(959, 58, 'https://www.gutenberg.org/files/10049/10049.txt', 4),
(960, 58, 'https://www.gutenberg.org/files/10049/10049.zip', 4),
(961, 58, 'https://www.gutenberg.org/ebooks/10049.rdf', 5),
(962, 58, 'https://www.gutenberg.org/cache/epub/10049/pg10049.cover.medium.jpg', 6),
(963, 58, 'https://www.gutenberg.org/cache/epub/10049/pg10049.cover.small.jpg', 6),
(964, 58, 'https://www.gutenberg.org/cache/epub/10049/pg10049-h.zip', 7),
(965, 59, 'https://www.gutenberg.org/ebooks/1005.html.images', 1),
(966, 59, 'https://www.gutenberg.org/files/1005/1005-h/1005-h.htm', 1),
(967, 59, 'https://www.gutenberg.org/ebooks/1005.epub3.images', 2),
(968, 59, 'https://www.gutenberg.org/ebooks/1005.epub.images', 2),
(969, 59, 'https://www.gutenberg.org/ebooks/1005.epub.noimages', 2),
(970, 59, 'https://www.gutenberg.org/ebooks/1005.kf8.images', 3),
(971, 59, 'https://www.gutenberg.org/ebooks/1005.kindle.images', 3),
(972, 59, 'https://www.gutenberg.org/ebooks/1005.kindle.noimages', 3),
(973, 59, 'https://www.gutenberg.org/ebooks/1005.txt.utf-8', 4),
(974, 59, 'https://www.gutenberg.org/files/1005/1005-0.txt', 4),
(975, 59, 'https://www.gutenberg.org/ebooks/1005.rdf', 5),
(976, 59, 'https://www.gutenberg.org/cache/epub/1005/pg1005.cover.medium.jpg', 6),
(977, 59, 'https://www.gutenberg.org/cache/epub/1005/pg1005.cover.small.jpg', 6),
(978, 59, 'https://www.gutenberg.org/files/1005/1005-0.zip', 7),
(979, 59, 'https://www.gutenberg.org/files/1005/1005-h.zip', 7),
(980, 59, 'https://www.gutenberg.org/cache/epub/1005/pg1005-h.zip', 7),
(981, 60, 'https://www.gutenberg.org/ebooks/10050.html.images', 1),
(982, 60, 'https://www.gutenberg.org/ebooks/10050.html.noimages', 1),
(983, 60, 'https://www.gutenberg.org/ebooks/10050.epub3.images', 2),
(984, 60, 'https://www.gutenberg.org/ebooks/10050.epub.images', 2),
(985, 60, 'https://www.gutenberg.org/ebooks/10050.epub.noimages', 2),
(986, 60, 'https://www.gutenberg.org/ebooks/10050.kf8.images', 3),
(987, 60, 'https://www.gutenberg.org/ebooks/10050.kindle.images', 3),
(988, 60, 'https://www.gutenberg.org/ebooks/10050.kindle.noimages', 3),
(989, 60, 'https://www.gutenberg.org/ebooks/10050.txt.utf-8', 4),
(990, 60, 'https://www.gutenberg.org/files/10050/10050.txt', 4),
(991, 60, 'https://www.gutenberg.org/files/10050/10050.zip', 4),
(992, 60, 'https://www.gutenberg.org/ebooks/10050.rdf', 5),
(993, 60, 'https://www.gutenberg.org/cache/epub/10050/pg10050.cover.medium.jpg', 6),
(994, 60, 'https://www.gutenberg.org/cache/epub/10050/pg10050.cover.small.jpg', 6),
(995, 60, 'https://www.gutenberg.org/cache/epub/10050/pg10050-h.zip', 7),
(996, 61, 'https://www.gutenberg.org/ebooks/10051.html.images', 1),
(997, 61, 'https://www.gutenberg.org/ebooks/10051.html.noimages', 1),
(998, 61, 'https://www.gutenberg.org/ebooks/10051.epub3.images', 2),
(999, 61, 'https://www.gutenberg.org/ebooks/10051.epub.images', 2),
(1000, 61, 'https://www.gutenberg.org/ebooks/10051.epub.noimages', 2),
(1001, 61, 'https://www.gutenberg.org/ebooks/10051.kf8.images', 3),
(1002, 61, 'https://www.gutenberg.org/ebooks/10051.kindle.images', 3),
(1003, 61, 'https://www.gutenberg.org/ebooks/10051.kindle.noimages', 3),
(1004, 61, 'https://www.gutenberg.org/ebooks/10051.txt.utf-8', 4),
(1005, 61, 'https://www.gutenberg.org/files/10051/10051.txt', 4),
(1006, 61, 'https://www.gutenberg.org/files/10051/10051.zip', 4),
(1007, 61, 'https://www.gutenberg.org/ebooks/10051.rdf', 5),
(1008, 61, 'https://www.gutenberg.org/cache/epub/10051/pg10051.cover.medium.jpg', 6),
(1009, 61, 'https://www.gutenberg.org/cache/epub/10051/pg10051.cover.small.jpg', 6),
(1010, 61, 'https://www.gutenberg.org/cache/epub/10051/pg10051-h.zip', 7),
(1011, 62, 'https://www.gutenberg.org/ebooks/10052.html.images', 1),
(1012, 62, 'https://www.gutenberg.org/files/10052/10052-h/10052-h.htm', 12),
(1013, 62, 'https://www.gutenberg.org/files/10052/10052-h.zip', 12),
(1014, 62, 'https://www.gutenberg.org/ebooks/10052.epub3.images', 2),
(1015, 62, 'https://www.gutenberg.org/ebooks/10052.epub.images', 2),
(1016, 62, 'https://www.gutenberg.org/ebooks/10052.epub.noimages', 2),
(1017, 62, 'https://www.gutenberg.org/ebooks/10052.kf8.images', 3),
(1018, 62, 'https://www.gutenberg.org/ebooks/10052.kindle.images', 3),
(1019, 62, 'https://www.gutenberg.org/ebooks/10052.kindle.noimages', 3),
(1020, 62, 'https://www.gutenberg.org/ebooks/10052.txt.utf-8', 4),
(1021, 62, 'https://www.gutenberg.org/files/10052/10052-0.txt', 8),
(1022, 62, 'https://www.gutenberg.org/files/10052/10052-0.zip', 8),
(1023, 62, 'https://www.gutenberg.org/files/10052/10052-8.txt', 10),
(1024, 62, 'https://www.gutenberg.org/files/10052/10052-8.zip', 10),
(1025, 62, 'https://www.gutenberg.org/files/10052/10052.txt', 4),
(1026, 62, 'https://www.gutenberg.org/files/10052/10052.zip', 4),
(1027, 62, 'https://www.gutenberg.org/ebooks/10052.rdf', 5),
(1028, 62, 'https://www.gutenberg.org/cache/epub/10052/pg10052.cover.medium.jpg', 6),
(1029, 62, 'https://www.gutenberg.org/cache/epub/10052/pg10052.cover.small.jpg', 6),
(1030, 62, 'https://www.gutenberg.org/cache/epub/10052/pg10052-h.zip', 7),
(1031, 63, 'https://www.gutenberg.org/ebooks/10053.html.images', 1),
(1032, 63, 'https://www.gutenberg.org/ebooks/10053.html.noimages', 1),
(1033, 63, 'https://www.gutenberg.org/ebooks/10053.epub3.images', 2),
(1034, 63, 'https://www.gutenberg.org/ebooks/10053.epub.images', 2),
(1035, 63, 'https://www.gutenberg.org/ebooks/10053.epub.noimages', 2),
(1036, 63, 'https://www.gutenberg.org/ebooks/10053.kf8.images', 3),
(1037, 63, 'https://www.gutenberg.org/ebooks/10053.kindle.images', 3),
(1038, 63, 'https://www.gutenberg.org/ebooks/10053.kindle.noimages', 3),
(1039, 63, 'https://www.gutenberg.org/ebooks/10053.txt.utf-8', 4),
(1040, 63, 'https://www.gutenberg.org/files/10053/10053-8.txt', 10),
(1041, 63, 'https://www.gutenberg.org/files/10053/10053-8.zip', 10),
(1042, 63, 'https://www.gutenberg.org/files/10053/10053.txt', 4),
(1043, 63, 'https://www.gutenberg.org/files/10053/10053.zip', 4),
(1044, 63, 'https://www.gutenberg.org/ebooks/10053.rdf', 5),
(1045, 63, 'https://www.gutenberg.org/cache/epub/10053/pg10053.cover.medium.jpg', 6),
(1046, 63, 'https://www.gutenberg.org/cache/epub/10053/pg10053.cover.small.jpg', 6),
(1047, 63, 'https://www.gutenberg.org/cache/epub/10053/pg10053-h.zip', 7),
(1048, 64, 'https://www.gutenberg.org/ebooks/10054.html.images', 1),
(1049, 64, 'https://www.gutenberg.org/ebooks/10054.html.noimages', 1),
(1050, 64, 'https://www.gutenberg.org/ebooks/10054.epub3.images', 2),
(1051, 64, 'https://www.gutenberg.org/ebooks/10054.epub.images', 2),
(1052, 64, 'https://www.gutenberg.org/ebooks/10054.epub.noimages', 2),
(1053, 64, 'https://www.gutenberg.org/ebooks/10054.kf8.images', 3),
(1054, 64, 'https://www.gutenberg.org/ebooks/10054.kindle.images', 3),
(1055, 64, 'https://www.gutenberg.org/ebooks/10054.kindle.noimages', 3),
(1056, 64, 'https://www.gutenberg.org/ebooks/10054.txt.utf-8', 4),
(1057, 64, 'https://www.gutenberg.org/files/10054/10054-8.txt', 10),
(1058, 64, 'https://www.gutenberg.org/files/10054/10054.txt', 10),
(1059, 64, 'https://www.gutenberg.org/files/10054/10054-8.zip', 10),
(1060, 64, 'https://www.gutenberg.org/files/10054/10054.zip', 10),
(1061, 64, 'https://www.gutenberg.org/ebooks/10054.rdf', 5),
(1062, 64, 'https://www.gutenberg.org/cache/epub/10054/pg10054.cover.medium.jpg', 6),
(1063, 64, 'https://www.gutenberg.org/cache/epub/10054/pg10054.cover.small.jpg', 6),
(1064, 64, 'https://www.gutenberg.org/cache/epub/10054/pg10054-h.zip', 7),
(1065, 65, 'https://www.gutenberg.org/ebooks/10055.html.images', 1),
(1066, 65, 'https://www.gutenberg.org/ebooks/10055.html.noimages', 1),
(1067, 65, 'https://www.gutenberg.org/ebooks/10055.epub3.images', 2),
(1068, 65, 'https://www.gutenberg.org/ebooks/10055.epub.images', 2),
(1069, 65, 'https://www.gutenberg.org/ebooks/10055.epub.noimages', 2),
(1070, 65, 'https://www.gutenberg.org/ebooks/10055.kf8.images', 3),
(1071, 65, 'https://www.gutenberg.org/ebooks/10055.kindle.images', 3),
(1072, 65, 'https://www.gutenberg.org/ebooks/10055.kindle.noimages', 3),
(1073, 65, 'https://www.gutenberg.org/ebooks/10055.txt.utf-8', 4),
(1074, 65, 'https://www.gutenberg.org/files/10055/10055-8.txt', 10),
(1075, 65, 'https://www.gutenberg.org/files/10055/10055.txt', 10),
(1076, 65, 'https://www.gutenberg.org/files/10055/10055-8.zip', 10),
(1077, 65, 'https://www.gutenberg.org/files/10055/10055.zip', 10),
(1078, 65, 'https://www.gutenberg.org/ebooks/10055.rdf', 5),
(1079, 65, 'https://www.gutenberg.org/cache/epub/10055/pg10055.cover.medium.jpg', 6),
(1080, 65, 'https://www.gutenberg.org/cache/epub/10055/pg10055.cover.small.jpg', 6),
(1081, 65, 'https://www.gutenberg.org/cache/epub/10055/pg10055-h.zip', 7),
(1082, 66, 'https://www.gutenberg.org/ebooks/10056.html.images', 1),
(1083, 66, 'https://www.gutenberg.org/ebooks/10056.html.noimages', 1),
(1084, 66, 'https://www.gutenberg.org/ebooks/10056.epub3.images', 2),
(1085, 66, 'https://www.gutenberg.org/ebooks/10056.epub.images', 2),
(1086, 66, 'https://www.gutenberg.org/ebooks/10056.epub.noimages', 2),
(1087, 66, 'https://www.gutenberg.org/ebooks/10056.kf8.images', 3),
(1088, 66, 'https://www.gutenberg.org/ebooks/10056.kindle.images', 3),
(1089, 66, 'https://www.gutenberg.org/ebooks/10056.kindle.noimages', 3),
(1090, 66, 'https://www.gutenberg.org/ebooks/10056.txt.utf-8', 4),
(1091, 66, 'https://www.gutenberg.org/files/10056/10056-8.txt', 10),
(1092, 66, 'https://www.gutenberg.org/files/10056/10056-8.zip', 10),
(1093, 66, 'https://www.gutenberg.org/files/10056/10056.txt', 4),
(1094, 66, 'https://www.gutenberg.org/files/10056/10056.zip', 4),
(1095, 66, 'https://www.gutenberg.org/ebooks/10056.rdf', 5),
(1096, 66, 'https://www.gutenberg.org/cache/epub/10056/pg10056.cover.medium.jpg', 6),
(1097, 66, 'https://www.gutenberg.org/cache/epub/10056/pg10056.cover.small.jpg', 6),
(1098, 66, 'https://www.gutenberg.org/cache/epub/10056/pg10056-h.zip', 7),
(1099, 67, 'https://www.gutenberg.org/ebooks/10057.html.images', 1),
(1100, 67, 'https://www.gutenberg.org/files/10057/10057-h/10057-h.htm', 12),
(1101, 67, 'https://www.gutenberg.org/files/10057/10057-h.zip', 12),
(1102, 67, 'https://www.gutenberg.org/ebooks/10057.epub3.images', 2),
(1103, 67, 'https://www.gutenberg.org/ebooks/10057.epub.images', 2),
(1104, 67, 'https://www.gutenberg.org/ebooks/10057.epub.noimages', 2),
(1105, 67, 'https://www.gutenberg.org/ebooks/10057.kf8.images', 3),
(1106, 67, 'https://www.gutenberg.org/ebooks/10057.kindle.images', 3),
(1107, 67, 'https://www.gutenberg.org/ebooks/10057.kindle.noimages', 3),
(1108, 67, 'https://www.gutenberg.org/ebooks/10057.txt.utf-8', 4),
(1109, 67, 'https://www.gutenberg.org/files/10057/10057.txt', 4),
(1110, 67, 'https://www.gutenberg.org/files/10057/10057.zip', 4),
(1111, 67, 'https://www.gutenberg.org/ebooks/10057.rdf', 5),
(1112, 67, 'https://www.gutenberg.org/cache/epub/10057/pg10057.cover.medium.jpg', 6),
(1113, 67, 'https://www.gutenberg.org/cache/epub/10057/pg10057.cover.small.jpg', 6),
(1114, 67, 'https://www.gutenberg.org/cache/epub/10057/pg10057-h.zip', 7),
(1115, 68, 'https://www.gutenberg.org/ebooks/10058.html.images', 1),
(1116, 68, 'https://www.gutenberg.org/ebooks/10058.html.noimages', 1),
(1117, 68, 'https://www.gutenberg.org/ebooks/10058.epub3.images', 2),
(1118, 68, 'https://www.gutenberg.org/ebooks/10058.epub.images', 2),
(1119, 68, 'https://www.gutenberg.org/ebooks/10058.epub.noimages', 2),
(1120, 68, 'https://www.gutenberg.org/ebooks/10058.kf8.images', 3),
(1121, 68, 'https://www.gutenberg.org/ebooks/10058.kindle.images', 3),
(1122, 68, 'https://www.gutenberg.org/ebooks/10058.kindle.noimages', 3),
(1123, 68, 'https://www.gutenberg.org/ebooks/10058.txt.utf-8', 4),
(1124, 68, 'https://www.gutenberg.org/files/10058/10058.txt', 4),
(1125, 68, 'https://www.gutenberg.org/files/10058/10058.zip', 4),
(1126, 68, 'https://www.gutenberg.org/ebooks/10058.rdf', 5),
(1127, 68, 'https://www.gutenberg.org/cache/epub/10058/pg10058.cover.medium.jpg', 6),
(1128, 68, 'https://www.gutenberg.org/cache/epub/10058/pg10058.cover.small.jpg', 6),
(1129, 68, 'https://www.gutenberg.org/cache/epub/10058/pg10058-h.zip', 7),
(1130, 69, 'https://www.gutenberg.org/ebooks/10059.html.images', 1),
(1131, 69, 'https://www.gutenberg.org/ebooks/10059.html.noimages', 1),
(1132, 69, 'https://www.gutenberg.org/ebooks/10059.epub3.images', 2),
(1133, 69, 'https://www.gutenberg.org/ebooks/10059.epub.images', 2),
(1134, 69, 'https://www.gutenberg.org/ebooks/10059.epub.noimages', 2),
(1135, 69, 'https://www.gutenberg.org/ebooks/10059.kf8.images', 3),
(1136, 69, 'https://www.gutenberg.org/ebooks/10059.kindle.images', 3),
(1137, 69, 'https://www.gutenberg.org/ebooks/10059.kindle.noimages', 3),
(1138, 69, 'https://www.gutenberg.org/ebooks/10059.txt.utf-8', 4),
(1139, 69, 'https://www.gutenberg.org/files/10059/10059.txt', 4),
(1140, 69, 'https://www.gutenberg.org/files/10059/10059.zip', 4),
(1141, 69, 'https://www.gutenberg.org/ebooks/10059.rdf', 5),
(1142, 69, 'https://www.gutenberg.org/cache/epub/10059/pg10059.cover.medium.jpg', 6),
(1143, 69, 'https://www.gutenberg.org/cache/epub/10059/pg10059.cover.small.jpg', 6),
(1144, 69, 'https://www.gutenberg.org/cache/epub/10059/pg10059-h.zip', 7),
(1145, 70, 'https://www.gutenberg.org/ebooks/1006.html.images', 1),
(1146, 70, 'https://www.gutenberg.org/files/1006/1006-h/1006-h.htm', 1),
(1147, 70, 'https://www.gutenberg.org/ebooks/1006.epub3.images', 2),
(1148, 70, 'https://www.gutenberg.org/ebooks/1006.epub.images', 2),
(1149, 70, 'https://www.gutenberg.org/ebooks/1006.epub.noimages', 2),
(1150, 70, 'https://www.gutenberg.org/ebooks/1006.kf8.images', 3),
(1151, 70, 'https://www.gutenberg.org/ebooks/1006.kindle.images', 3),
(1152, 70, 'https://www.gutenberg.org/ebooks/1006.kindle.noimages', 3),
(1153, 70, 'https://www.gutenberg.org/ebooks/1006.txt.utf-8', 4),
(1154, 70, 'https://www.gutenberg.org/files/1006/1006-0.txt', 4),
(1155, 70, 'https://www.gutenberg.org/ebooks/1006.rdf', 5),
(1156, 70, 'https://www.gutenberg.org/cache/epub/1006/pg1006.cover.medium.jpg', 6),
(1157, 70, 'https://www.gutenberg.org/cache/epub/1006/pg1006.cover.small.jpg', 6),
(1158, 70, 'https://www.gutenberg.org/files/1006/1006-0.zip', 7),
(1159, 70, 'https://www.gutenberg.org/files/1006/1006-h.zip', 7),
(1160, 70, 'https://www.gutenberg.org/cache/epub/1006/pg1006-h.zip', 7),
(1161, 71, 'https://www.gutenberg.org/ebooks/10060.html.images', 1),
(1162, 71, 'https://www.gutenberg.org/ebooks/10060.html.noimages', 1),
(1163, 71, 'https://www.gutenberg.org/ebooks/10060.epub3.images', 2),
(1164, 71, 'https://www.gutenberg.org/ebooks/10060.epub.images', 2),
(1165, 71, 'https://www.gutenberg.org/ebooks/10060.epub.noimages', 2),
(1166, 71, 'https://www.gutenberg.org/ebooks/10060.kf8.images', 3),
(1167, 71, 'https://www.gutenberg.org/ebooks/10060.kindle.images', 3),
(1168, 71, 'https://www.gutenberg.org/ebooks/10060.kindle.noimages', 3),
(1169, 71, 'https://www.gutenberg.org/ebooks/10060.txt.utf-8', 4),
(1170, 71, 'https://www.gutenberg.org/files/10060/10060-8.txt', 10),
(1171, 71, 'https://www.gutenberg.org/files/10060/10060-8.zip', 10),
(1172, 71, 'https://www.gutenberg.org/files/10060/10060.txt', 4),
(1173, 71, 'https://www.gutenberg.org/files/10060/10060.zip', 4),
(1174, 71, 'https://www.gutenberg.org/ebooks/10060.rdf', 5),
(1175, 71, 'https://www.gutenberg.org/cache/epub/10060/pg10060.cover.medium.jpg', 6),
(1176, 71, 'https://www.gutenberg.org/cache/epub/10060/pg10060.cover.small.jpg', 6),
(1177, 71, 'https://www.gutenberg.org/cache/epub/10060/pg10060-h.zip', 7),
(1178, 72, 'https://www.gutenberg.org/ebooks/10061.html.images', 1),
(1179, 72, 'https://www.gutenberg.org/files/10061/10061-h/10061-h.htm', 9),
(1180, 72, 'https://www.gutenberg.org/files/10061/10061-h.zip', 9),
(1181, 72, 'https://www.gutenberg.org/ebooks/10061.epub3.images', 2),
(1182, 72, 'https://www.gutenberg.org/ebooks/10061.epub.images', 2),
(1183, 72, 'https://www.gutenberg.org/ebooks/10061.epub.noimages', 2),
(1184, 72, 'https://www.gutenberg.org/ebooks/10061.kf8.images', 3),
(1185, 72, 'https://www.gutenberg.org/ebooks/10061.kindle.images', 3),
(1186, 72, 'https://www.gutenberg.org/ebooks/10061.kindle.noimages', 3),
(1187, 72, 'https://www.gutenberg.org/ebooks/10061.txt.utf-8', 4),
(1188, 72, 'https://www.gutenberg.org/files/10061/10061-8.txt', 10),
(1189, 72, 'https://www.gutenberg.org/files/10061/10061-8.zip', 10),
(1190, 72, 'https://www.gutenberg.org/files/10061/10061.txt', 4),
(1191, 72, 'https://www.gutenberg.org/files/10061/10061.zip', 4),
(1192, 72, 'https://www.gutenberg.org/ebooks/10061.rdf', 5),
(1193, 72, 'https://www.gutenberg.org/cache/epub/10061/pg10061.cover.medium.jpg', 6),
(1194, 72, 'https://www.gutenberg.org/cache/epub/10061/pg10061.cover.small.jpg', 6),
(1195, 72, 'https://www.gutenberg.org/cache/epub/10061/pg10061-h.zip', 7),
(1196, 73, 'https://www.gutenberg.org/ebooks/10062.html.images', 1),
(1197, 73, 'https://www.gutenberg.org/ebooks/10062.html.noimages', 1),
(1198, 73, 'https://www.gutenberg.org/ebooks/10062.epub3.images', 2),
(1199, 73, 'https://www.gutenberg.org/ebooks/10062.epub.images', 2),
(1200, 73, 'https://www.gutenberg.org/ebooks/10062.epub.noimages', 2),
(1201, 73, 'https://www.gutenberg.org/ebooks/10062.kf8.images', 3),
(1202, 73, 'https://www.gutenberg.org/ebooks/10062.kindle.images', 3),
(1203, 73, 'https://www.gutenberg.org/ebooks/10062.kindle.noimages', 3),
(1204, 73, 'https://www.gutenberg.org/ebooks/10062.txt.utf-8', 4),
(1205, 73, 'https://www.gutenberg.org/files/10062/10062-8.txt', 10),
(1206, 73, 'https://www.gutenberg.org/files/10062/10062-8.zip', 10),
(1207, 73, 'https://www.gutenberg.org/files/10062/10062.txt', 4),
(1208, 73, 'https://www.gutenberg.org/files/10062/10062.zip', 4),
(1209, 73, 'https://www.gutenberg.org/ebooks/10062.rdf', 5),
(1210, 73, 'https://www.gutenberg.org/cache/epub/10062/pg10062.cover.medium.jpg', 6),
(1211, 73, 'https://www.gutenberg.org/cache/epub/10062/pg10062.cover.small.jpg', 6),
(1212, 73, 'https://www.gutenberg.org/cache/epub/10062/pg10062-h.zip', 7),
(1213, 74, 'https://www.gutenberg.org/ebooks/10063.html.images', 1),
(1214, 74, 'https://www.gutenberg.org/files/10063/10063-h/10063-h.htm', 11),
(1215, 74, 'https://www.gutenberg.org/files/10063/10063-h.zip', 11),
(1216, 74, 'https://www.gutenberg.org/ebooks/10063.epub3.images', 2),
(1217, 74, 'https://www.gutenberg.org/ebooks/10063.epub.images', 2),
(1218, 74, 'https://www.gutenberg.org/ebooks/10063.epub.noimages', 2),
(1219, 74, 'https://www.gutenberg.org/ebooks/10063.kf8.images', 3),
(1220, 74, 'https://www.gutenberg.org/ebooks/10063.kindle.images', 3),
(1221, 74, 'https://www.gutenberg.org/ebooks/10063.kindle.noimages', 3),
(1222, 74, 'https://www.gutenberg.org/ebooks/10063.txt.utf-8', 4),
(1223, 74, 'https://www.gutenberg.org/files/10063/10063.txt', 4),
(1224, 74, 'https://www.gutenberg.org/files/10063/10063.zip', 4),
(1225, 74, 'https://www.gutenberg.org/ebooks/10063.rdf', 5),
(1226, 74, 'https://www.gutenberg.org/cache/epub/10063/pg10063.cover.medium.jpg', 6),
(1227, 74, 'https://www.gutenberg.org/cache/epub/10063/pg10063.cover.small.jpg', 6),
(1228, 74, 'https://www.gutenberg.org/cache/epub/10063/pg10063-h.zip', 7),
(1229, 75, 'https://www.gutenberg.org/ebooks/10064.html.images', 1),
(1230, 75, 'https://www.gutenberg.org/ebooks/10064.html.noimages', 1),
(1231, 75, 'https://www.gutenberg.org/ebooks/10064.epub3.images', 2),
(1232, 75, 'https://www.gutenberg.org/ebooks/10064.epub.images', 2),
(1233, 75, 'https://www.gutenberg.org/ebooks/10064.epub.noimages', 2),
(1234, 75, 'https://www.gutenberg.org/ebooks/10064.kf8.images', 3),
(1235, 75, 'https://www.gutenberg.org/ebooks/10064.kindle.images', 3),
(1236, 75, 'https://www.gutenberg.org/ebooks/10064.kindle.noimages', 3),
(1237, 75, 'https://www.gutenberg.org/ebooks/10064.txt.utf-8', 4),
(1238, 75, 'https://www.gutenberg.org/files/10064/10064-8.txt', 10),
(1239, 75, 'https://www.gutenberg.org/files/10064/10064-8.zip', 10),
(1240, 75, 'https://www.gutenberg.org/files/10064/10064.txt', 4),
(1241, 75, 'https://www.gutenberg.org/files/10064/10064.zip', 4),
(1242, 75, 'https://www.gutenberg.org/ebooks/10064.rdf', 5),
(1243, 75, 'https://www.gutenberg.org/cache/epub/10064/pg10064.cover.medium.jpg', 6),
(1244, 75, 'https://www.gutenberg.org/cache/epub/10064/pg10064.cover.small.jpg', 6),
(1245, 75, 'https://www.gutenberg.org/cache/epub/10064/pg10064-h.zip', 7),
(1246, 76, 'https://www.gutenberg.org/ebooks/10065.html.images', 1),
(1247, 76, 'https://www.gutenberg.org/ebooks/10065.html.noimages', 1),
(1248, 76, 'https://www.gutenberg.org/ebooks/10065.epub3.images', 2),
(1249, 76, 'https://www.gutenberg.org/ebooks/10065.epub.images', 2),
(1250, 76, 'https://www.gutenberg.org/ebooks/10065.epub.noimages', 2),
(1251, 76, 'https://www.gutenberg.org/ebooks/10065.kf8.images', 3),
(1252, 76, 'https://www.gutenberg.org/ebooks/10065.kindle.images', 3),
(1253, 76, 'https://www.gutenberg.org/ebooks/10065.kindle.noimages', 3),
(1254, 76, 'https://www.gutenberg.org/ebooks/10065.txt.utf-8', 4),
(1255, 76, 'https://www.gutenberg.org/files/10065/10065-8.txt', 10),
(1256, 76, 'https://www.gutenberg.org/files/10065/10065-8.zip', 10),
(1257, 76, 'https://www.gutenberg.org/files/10065/10065.txt', 4),
(1258, 76, 'https://www.gutenberg.org/files/10065/10065.zip', 4),
(1259, 76, 'https://www.gutenberg.org/ebooks/10065.rdf', 5),
(1260, 76, 'https://www.gutenberg.org/cache/epub/10065/pg10065.cover.medium.jpg', 6),
(1261, 76, 'https://www.gutenberg.org/cache/epub/10065/pg10065.cover.small.jpg', 6),
(1262, 76, 'https://www.gutenberg.org/cache/epub/10065/pg10065-h.zip', 7),
(1263, 77, 'https://www.gutenberg.org/ebooks/10066.html.images', 1),
(1264, 77, 'https://www.gutenberg.org/files/10066/10066-h/10066-h.htm', 9),
(1265, 77, 'https://www.gutenberg.org/files/10066/10066-h.zip', 9),
(1266, 77, 'https://www.gutenberg.org/ebooks/10066.epub3.images', 2),
(1267, 77, 'https://www.gutenberg.org/ebooks/10066.epub.images', 2),
(1268, 77, 'https://www.gutenberg.org/ebooks/10066.epub.noimages', 2),
(1269, 77, 'https://www.gutenberg.org/ebooks/10066.kf8.images', 3),
(1270, 77, 'https://www.gutenberg.org/ebooks/10066.kindle.images', 3),
(1271, 77, 'https://www.gutenberg.org/ebooks/10066.kindle.noimages', 3),
(1272, 77, 'https://www.gutenberg.org/ebooks/10066.txt.utf-8', 4),
(1273, 77, 'https://www.gutenberg.org/files/10066/10066-8.txt', 10),
(1274, 77, 'https://www.gutenberg.org/files/10066/10066-8.zip', 10),
(1275, 77, 'https://www.gutenberg.org/files/10066/10066.txt', 4),
(1276, 77, 'https://www.gutenberg.org/files/10066/10066.zip', 4),
(1277, 77, 'https://www.gutenberg.org/ebooks/10066.rdf', 5),
(1278, 77, 'https://www.gutenberg.org/cache/epub/10066/pg10066.cover.medium.jpg', 6),
(1279, 77, 'https://www.gutenberg.org/cache/epub/10066/pg10066.cover.small.jpg', 6),
(1280, 77, 'https://www.gutenberg.org/cache/epub/10066/pg10066-h.zip', 7),
(1281, 78, 'https://www.gutenberg.org/ebooks/10067.html.images', 1),
(1282, 78, 'https://www.gutenberg.org/ebooks/10067.html.noimages', 1),
(1283, 78, 'https://www.gutenberg.org/ebooks/10067.epub3.images', 2),
(1284, 78, 'https://www.gutenberg.org/ebooks/10067.epub.images', 2),
(1285, 78, 'https://www.gutenberg.org/ebooks/10067.epub.noimages', 2),
(1286, 78, 'https://www.gutenberg.org/ebooks/10067.kf8.images', 3),
(1287, 78, 'https://www.gutenberg.org/ebooks/10067.kindle.images', 3),
(1288, 78, 'https://www.gutenberg.org/ebooks/10067.kindle.noimages', 3),
(1289, 78, 'https://www.gutenberg.org/ebooks/10067.txt.utf-8', 4),
(1290, 78, 'https://www.gutenberg.org/files/10067/10067-8.txt', 10),
(1291, 78, 'https://www.gutenberg.org/files/10067/10067-8.zip', 10),
(1292, 78, 'https://www.gutenberg.org/files/10067/10067.txt', 4),
(1293, 78, 'https://www.gutenberg.org/files/10067/10067.zip', 4),
(1294, 78, 'https://www.gutenberg.org/ebooks/10067.rdf', 5),
(1295, 78, 'https://www.gutenberg.org/cache/epub/10067/pg10067.cover.medium.jpg', 6),
(1296, 78, 'https://www.gutenberg.org/cache/epub/10067/pg10067.cover.small.jpg', 6),
(1297, 78, 'https://www.gutenberg.org/cache/epub/10067/pg10067-h.zip', 7),
(1298, 79, 'https://www.gutenberg.org/ebooks/10068.html.images', 1),
(1299, 79, 'https://www.gutenberg.org/files/10068/10068-h/10068-h.htm', 9),
(1300, 79, 'https://www.gutenberg.org/files/10068/10068-h.zip', 9),
(1301, 79, 'https://www.gutenberg.org/ebooks/10068.epub3.images', 2),
(1302, 79, 'https://www.gutenberg.org/ebooks/10068.epub.images', 2),
(1303, 79, 'https://www.gutenberg.org/ebooks/10068.epub.noimages', 2),
(1304, 79, 'https://www.gutenberg.org/ebooks/10068.kf8.images', 3),
(1305, 79, 'https://www.gutenberg.org/ebooks/10068.kindle.images', 3),
(1306, 79, 'https://www.gutenberg.org/ebooks/10068.kindle.noimages', 3),
(1307, 79, 'https://www.gutenberg.org/ebooks/10068.txt.utf-8', 4),
(1308, 79, 'https://www.gutenberg.org/files/10068/10068-8.txt', 10),
(1309, 79, 'https://www.gutenberg.org/files/10068/10068-8.zip', 10),
(1310, 79, 'https://www.gutenberg.org/files/10068/10068.txt', 4),
(1311, 79, 'https://www.gutenberg.org/files/10068/10068.zip', 4),
(1312, 79, 'https://www.gutenberg.org/ebooks/10068.rdf', 5),
(1313, 79, 'https://www.gutenberg.org/cache/epub/10068/pg10068.cover.medium.jpg', 6),
(1314, 79, 'https://www.gutenberg.org/cache/epub/10068/pg10068.cover.small.jpg', 6),
(1315, 79, 'https://www.gutenberg.org/cache/epub/10068/pg10068-h.zip', 7),
(1316, 80, 'https://www.gutenberg.org/ebooks/10069.html.images', 1),
(1317, 80, 'https://www.gutenberg.org/ebooks/10069.html.noimages', 1),
(1318, 80, 'https://www.gutenberg.org/ebooks/10069.epub3.images', 2),
(1319, 80, 'https://www.gutenberg.org/ebooks/10069.epub.images', 2),
(1320, 80, 'https://www.gutenberg.org/ebooks/10069.epub.noimages', 2),
(1321, 80, 'https://www.gutenberg.org/ebooks/10069.kf8.images', 3),
(1322, 80, 'https://www.gutenberg.org/ebooks/10069.kindle.images', 3),
(1323, 80, 'https://www.gutenberg.org/ebooks/10069.kindle.noimages', 3),
(1324, 80, 'https://www.gutenberg.org/ebooks/10069.txt.utf-8', 4),
(1325, 80, 'https://www.gutenberg.org/files/10069/10069-8.txt', 10),
(1326, 80, 'https://www.gutenberg.org/files/10069/10069-8.zip', 10),
(1327, 80, 'https://www.gutenberg.org/files/10069/10069.txt', 4),
(1328, 80, 'https://www.gutenberg.org/files/10069/10069.zip', 4),
(1329, 80, 'https://www.gutenberg.org/ebooks/10069.rdf', 5),
(1330, 80, 'https://www.gutenberg.org/cache/epub/10069/pg10069.cover.medium.jpg', 6),
(1331, 80, 'https://www.gutenberg.org/cache/epub/10069/pg10069.cover.small.jpg', 6),
(1332, 80, 'https://www.gutenberg.org/cache/epub/10069/pg10069-h.zip', 7),
(1333, 81, 'https://www.gutenberg.org/ebooks/1007.html.images', 1),
(1334, 81, 'https://www.gutenberg.org/files/1007/1007-h/1007-h.htm', 1),
(1335, 81, 'https://www.gutenberg.org/ebooks/1007.epub3.images', 2),
(1336, 81, 'https://www.gutenberg.org/ebooks/1007.epub.images', 2),
(1337, 81, 'https://www.gutenberg.org/ebooks/1007.epub.noimages', 2),
(1338, 81, 'https://www.gutenberg.org/ebooks/1007.kf8.images', 3),
(1339, 81, 'https://www.gutenberg.org/ebooks/1007.kindle.images', 3),
(1340, 81, 'https://www.gutenberg.org/ebooks/1007.kindle.noimages', 3),
(1341, 81, 'https://www.gutenberg.org/ebooks/1007.txt.utf-8', 4),
(1342, 81, 'https://www.gutenberg.org/files/1007/1007-0.txt', 4),
(1343, 81, 'https://www.gutenberg.org/ebooks/1007.rdf', 5),
(1344, 81, 'https://www.gutenberg.org/cache/epub/1007/pg1007.cover.medium.jpg', 6),
(1345, 81, 'https://www.gutenberg.org/cache/epub/1007/pg1007.cover.small.jpg', 6),
(1346, 81, 'https://www.gutenberg.org/files/1007/1007-0.zip', 7),
(1347, 81, 'https://www.gutenberg.org/files/1007/1007-h.zip', 7),
(1348, 81, 'https://www.gutenberg.org/cache/epub/1007/pg1007-h.zip', 7),
(1349, 82, 'https://www.gutenberg.org/ebooks/10070.html.images', 1),
(1350, 82, 'https://www.gutenberg.org/files/10070/10070-h/10070-h.htm', 1),
(1351, 82, 'https://www.gutenberg.org/files/10070/10070-h.zip', 1),
(1352, 82, 'https://www.gutenberg.org/ebooks/10070.epub3.images', 2),
(1353, 82, 'https://www.gutenberg.org/ebooks/10070.epub.images', 2),
(1354, 82, 'https://www.gutenberg.org/ebooks/10070.epub.noimages', 2),
(1355, 82, 'https://www.gutenberg.org/ebooks/10070.kf8.images', 3),
(1356, 82, 'https://www.gutenberg.org/ebooks/10070.kindle.images', 3),
(1357, 82, 'https://www.gutenberg.org/ebooks/10070.kindle.noimages', 3),
(1358, 82, 'https://www.gutenberg.org/ebooks/10070.txt.utf-8', 4),
(1359, 82, 'https://www.gutenberg.org/files/10070/10070-0.txt', 8),
(1360, 82, 'https://www.gutenberg.org/files/10070/10070-0.zip', 8),
(1361, 82, 'https://www.gutenberg.org/ebooks/10070.rdf', 5),
(1362, 82, 'https://www.gutenberg.org/cache/epub/10070/pg10070.cover.medium.jpg', 6),
(1363, 82, 'https://www.gutenberg.org/cache/epub/10070/pg10070.cover.small.jpg', 6),
(1364, 82, 'https://www.gutenberg.org/cache/epub/10070/pg10070-h.zip', 7),
(1365, 83, 'https://www.gutenberg.org/ebooks/10071.html.images', 1),
(1366, 83, 'https://www.gutenberg.org/ebooks/10071.html.noimages', 1),
(1367, 83, 'https://www.gutenberg.org/ebooks/10071.epub3.images', 2),
(1368, 83, 'https://www.gutenberg.org/ebooks/10071.epub.images', 2),
(1369, 83, 'https://www.gutenberg.org/ebooks/10071.epub.noimages', 2),
(1370, 83, 'https://www.gutenberg.org/ebooks/10071.kf8.images', 3),
(1371, 83, 'https://www.gutenberg.org/ebooks/10071.kindle.images', 3),
(1372, 83, 'https://www.gutenberg.org/ebooks/10071.kindle.noimages', 3),
(1373, 83, 'https://www.gutenberg.org/ebooks/10071.txt.utf-8', 4),
(1374, 83, 'https://www.gutenberg.org/files/10071/10071-8.txt', 10),
(1375, 83, 'https://www.gutenberg.org/files/10071/10071-8.zip', 10),
(1376, 83, 'https://www.gutenberg.org/files/10071/10071.txt', 4),
(1377, 83, 'https://www.gutenberg.org/files/10071/10071.zip', 4),
(1378, 83, 'https://www.gutenberg.org/ebooks/10071.rdf', 5),
(1379, 83, 'https://www.gutenberg.org/cache/epub/10071/pg10071.cover.medium.jpg', 6),
(1380, 83, 'https://www.gutenberg.org/cache/epub/10071/pg10071.cover.small.jpg', 6),
(1381, 83, 'https://www.gutenberg.org/cache/epub/10071/pg10071-h.zip', 7),
(1382, 84, 'https://www.gutenberg.org/ebooks/10072.html.images', 1),
(1383, 84, 'https://www.gutenberg.org/ebooks/10072.html.noimages', 1),
(1384, 84, 'https://www.gutenberg.org/ebooks/10072.epub3.images', 2),
(1385, 84, 'https://www.gutenberg.org/ebooks/10072.epub.images', 2),
(1386, 84, 'https://www.gutenberg.org/ebooks/10072.epub.noimages', 2),
(1387, 84, 'https://www.gutenberg.org/ebooks/10072.kf8.images', 3),
(1388, 84, 'https://www.gutenberg.org/ebooks/10072.kindle.images', 3),
(1389, 84, 'https://www.gutenberg.org/ebooks/10072.kindle.noimages', 3),
(1390, 84, 'https://www.gutenberg.org/ebooks/10072.txt.utf-8', 4),
(1391, 84, 'https://www.gutenberg.org/files/10072/10072.txt', 4),
(1392, 84, 'https://www.gutenberg.org/files/10072/10072.zip', 4),
(1393, 84, 'https://www.gutenberg.org/ebooks/10072.rdf', 5),
(1394, 84, 'https://www.gutenberg.org/cache/epub/10072/pg10072.cover.medium.jpg', 6),
(1395, 84, 'https://www.gutenberg.org/cache/epub/10072/pg10072.cover.small.jpg', 6),
(1396, 84, 'https://www.gutenberg.org/cache/epub/10072/pg10072-h.zip', 7),
(1397, 85, 'https://www.gutenberg.org/ebooks/10073.html.images', 1),
(1398, 85, 'https://www.gutenberg.org/ebooks/10073.html.noimages', 1),
(1399, 85, 'https://www.gutenberg.org/ebooks/10073.epub3.images', 2),
(1400, 85, 'https://www.gutenberg.org/ebooks/10073.epub.images', 2),
(1401, 85, 'https://www.gutenberg.org/ebooks/10073.epub.noimages', 2),
(1402, 85, 'https://www.gutenberg.org/ebooks/10073.kf8.images', 3),
(1403, 85, 'https://www.gutenberg.org/ebooks/10073.kindle.images', 3),
(1404, 85, 'https://www.gutenberg.org/ebooks/10073.kindle.noimages', 3),
(1405, 85, 'https://www.gutenberg.org/ebooks/10073.txt.utf-8', 4),
(1406, 85, 'https://www.gutenberg.org/files/10073/10073-8.txt', 10),
(1407, 85, 'https://www.gutenberg.org/files/10073/10073-8.zip', 10),
(1408, 85, 'https://www.gutenberg.org/ebooks/10073.rdf', 5),
(1409, 85, 'https://www.gutenberg.org/cache/epub/10073/pg10073.cover.medium.jpg', 6),
(1410, 85, 'https://www.gutenberg.org/cache/epub/10073/pg10073.cover.small.jpg', 6),
(1411, 85, 'https://www.gutenberg.org/cache/epub/10073/pg10073-h.zip', 7),
(1412, 86, 'https://www.gutenberg.org/ebooks/10074.html.images', 1),
(1413, 86, 'https://www.gutenberg.org/files/10074/10074-h/10074-h.htm', 1),
(1414, 86, 'https://www.gutenberg.org/files/10074/10074-h.zip', 1),
(1415, 86, 'https://www.gutenberg.org/ebooks/10074.epub3.images', 2),
(1416, 86, 'https://www.gutenberg.org/ebooks/10074.epub.images', 2),
(1417, 86, 'https://www.gutenberg.org/ebooks/10074.epub.noimages', 2),
(1418, 86, 'https://www.gutenberg.org/ebooks/10074.kf8.images', 3),
(1419, 86, 'https://www.gutenberg.org/ebooks/10074.kindle.images', 3),
(1420, 86, 'https://www.gutenberg.org/ebooks/10074.kindle.noimages', 3),
(1421, 86, 'https://www.gutenberg.org/ebooks/10074.txt.utf-8', 4),
(1422, 86, 'https://www.gutenberg.org/files/10074/10074-8.txt', 10),
(1423, 86, 'https://www.gutenberg.org/files/10074/10074-8.zip', 10),
(1424, 86, 'https://www.gutenberg.org/files/10074/10074.txt', 4),
(1425, 86, 'https://www.gutenberg.org/files/10074/10074.zip', 4),
(1426, 86, 'https://www.gutenberg.org/ebooks/10074.rdf', 5),
(1427, 86, 'https://www.gutenberg.org/cache/epub/10074/pg10074.cover.medium.jpg', 6),
(1428, 86, 'https://www.gutenberg.org/cache/epub/10074/pg10074.cover.small.jpg', 6),
(1429, 86, 'https://www.gutenberg.org/cache/epub/10074/pg10074-h.zip', 7),
(1430, 87, 'https://www.gutenberg.org/ebooks/10075.html.images', 1),
(1431, 87, 'https://www.gutenberg.org/files/10075/10075-h/10075-h.htm', 1),
(1432, 87, 'https://www.gutenberg.org/files/10075/10075-h.zip', 1),
(1433, 87, 'https://www.gutenberg.org/ebooks/10075.epub3.images', 2),
(1434, 87, 'https://www.gutenberg.org/ebooks/10075.epub.images', 2),
(1435, 87, 'https://www.gutenberg.org/ebooks/10075.epub.noimages', 2),
(1436, 87, 'https://www.gutenberg.org/ebooks/10075.kf8.images', 3),
(1437, 87, 'https://www.gutenberg.org/ebooks/10075.kindle.images', 3),
(1438, 87, 'https://www.gutenberg.org/ebooks/10075.kindle.noimages', 3),
(1439, 87, 'https://www.gutenberg.org/ebooks/10075.txt.utf-8', 4),
(1440, 87, 'https://www.gutenberg.org/files/10075/10075.txt', 4),
(1441, 87, 'https://www.gutenberg.org/files/10075/10075.zip', 4),
(1442, 87, 'https://www.gutenberg.org/ebooks/10075.rdf', 5),
(1443, 87, 'https://www.gutenberg.org/cache/epub/10075/pg10075.cover.medium.jpg', 6),
(1444, 87, 'https://www.gutenberg.org/cache/epub/10075/pg10075.cover.small.jpg', 6),
(1445, 87, 'https://www.gutenberg.org/cache/epub/10075/pg10075-h.zip', 7),
(1446, 88, 'https://www.gutenberg.org/ebooks/10076.html.images', 1),
(1447, 88, 'https://www.gutenberg.org/files/10076/10076-h/10076-h.htm', 1),
(1448, 88, 'https://www.gutenberg.org/files/10076/10076-h.zip', 1),
(1449, 88, 'https://www.gutenberg.org/ebooks/10076.epub3.images', 2),
(1450, 88, 'https://www.gutenberg.org/ebooks/10076.epub.images', 2),
(1451, 88, 'https://www.gutenberg.org/ebooks/10076.epub.noimages', 2),
(1452, 88, 'https://www.gutenberg.org/ebooks/10076.kf8.images', 3),
(1453, 88, 'https://www.gutenberg.org/ebooks/10076.kindle.images', 3),
(1454, 88, 'https://www.gutenberg.org/ebooks/10076.kindle.noimages', 3),
(1455, 88, 'https://www.gutenberg.org/ebooks/10076.txt.utf-8', 4),
(1456, 88, 'https://www.gutenberg.org/files/10076/10076-8.txt', 10),
(1457, 88, 'https://www.gutenberg.org/files/10076/10076-8.zip', 10),
(1458, 88, 'https://www.gutenberg.org/files/10076/10076.txt', 4),
(1459, 88, 'https://www.gutenberg.org/files/10076/10076.zip', 4),
(1460, 88, 'https://www.gutenberg.org/ebooks/10076.rdf', 5),
(1461, 88, 'https://www.gutenberg.org/cache/epub/10076/pg10076.cover.medium.jpg', 6),
(1462, 88, 'https://www.gutenberg.org/cache/epub/10076/pg10076.cover.small.jpg', 6),
(1463, 88, 'https://www.gutenberg.org/cache/epub/10076/pg10076-h.zip', 7),
(1464, 89, 'https://www.gutenberg.org/ebooks/10077.html.images', 1),
(1465, 89, 'https://www.gutenberg.org/files/10077/10077-h/10077-h.htm', 1),
(1466, 89, 'https://www.gutenberg.org/files/10077/10077-h.zip', 1);
INSERT INTO `booklinks` (`Link_id`, `Book_id`, `Link`, `type_id`) VALUES
(1467, 89, 'https://www.gutenberg.org/ebooks/10077.epub3.images', 2),
(1468, 89, 'https://www.gutenberg.org/ebooks/10077.epub.images', 2),
(1469, 89, 'https://www.gutenberg.org/ebooks/10077.epub.noimages', 2),
(1470, 89, 'https://www.gutenberg.org/ebooks/10077.kf8.images', 3),
(1471, 89, 'https://www.gutenberg.org/ebooks/10077.kindle.images', 3),
(1472, 89, 'https://www.gutenberg.org/ebooks/10077.kindle.noimages', 3),
(1473, 89, 'https://www.gutenberg.org/ebooks/10077.txt.utf-8', 4),
(1474, 89, 'https://www.gutenberg.org/files/10077/10077-8.txt', 10),
(1475, 89, 'https://www.gutenberg.org/files/10077/10077-8.zip', 10),
(1476, 89, 'https://www.gutenberg.org/files/10077/10077.txt', 4),
(1477, 89, 'https://www.gutenberg.org/files/10077/10077.zip', 4),
(1478, 89, 'https://www.gutenberg.org/ebooks/10077.rdf', 5),
(1479, 89, 'https://www.gutenberg.org/cache/epub/10077/pg10077.cover.medium.jpg', 6),
(1480, 89, 'https://www.gutenberg.org/cache/epub/10077/pg10077.cover.small.jpg', 6),
(1481, 89, 'https://www.gutenberg.org/cache/epub/10077/pg10077-h.zip', 7),
(1482, 90, 'https://www.gutenberg.org/ebooks/10078.html.images', 1),
(1483, 90, 'https://www.gutenberg.org/ebooks/10078.html.noimages', 1),
(1484, 90, 'https://www.gutenberg.org/ebooks/10078.epub3.images', 2),
(1485, 90, 'https://www.gutenberg.org/ebooks/10078.epub.images', 2),
(1486, 90, 'https://www.gutenberg.org/ebooks/10078.epub.noimages', 2),
(1487, 90, 'https://www.gutenberg.org/ebooks/10078.kf8.images', 3),
(1488, 90, 'https://www.gutenberg.org/ebooks/10078.kindle.images', 3),
(1489, 90, 'https://www.gutenberg.org/ebooks/10078.kindle.noimages', 3),
(1490, 90, 'https://www.gutenberg.org/ebooks/10078.txt.utf-8', 4),
(1491, 90, 'https://www.gutenberg.org/files/10078/10078-8.txt', 10),
(1492, 90, 'https://www.gutenberg.org/files/10078/10078-8.zip', 10),
(1493, 90, 'https://www.gutenberg.org/files/10078/10078.txt', 4),
(1494, 90, 'https://www.gutenberg.org/files/10078/10078.zip', 4),
(1495, 90, 'https://www.gutenberg.org/ebooks/10078.rdf', 5),
(1496, 90, 'https://www.gutenberg.org/cache/epub/10078/pg10078.cover.medium.jpg', 6),
(1497, 90, 'https://www.gutenberg.org/cache/epub/10078/pg10078.cover.small.jpg', 6),
(1498, 90, 'https://www.gutenberg.org/cache/epub/10078/pg10078-h.zip', 7),
(1499, 91, 'https://www.gutenberg.org/ebooks/10079.html.images', 1),
(1500, 91, 'https://www.gutenberg.org/ebooks/10079.html.noimages', 1),
(1501, 91, 'https://www.gutenberg.org/ebooks/10079.epub3.images', 2),
(1502, 91, 'https://www.gutenberg.org/ebooks/10079.epub.images', 2),
(1503, 91, 'https://www.gutenberg.org/ebooks/10079.epub.noimages', 2),
(1504, 91, 'https://www.gutenberg.org/ebooks/10079.kf8.images', 3),
(1505, 91, 'https://www.gutenberg.org/ebooks/10079.kindle.images', 3),
(1506, 91, 'https://www.gutenberg.org/ebooks/10079.kindle.noimages', 3),
(1507, 91, 'https://www.gutenberg.org/ebooks/10079.txt.utf-8', 4),
(1508, 91, 'https://www.gutenberg.org/files/10079/10079-8.txt', 10),
(1509, 91, 'https://www.gutenberg.org/files/10079/10079-8.zip', 10),
(1510, 91, 'https://www.gutenberg.org/files/10079/10079.txt', 4),
(1511, 91, 'https://www.gutenberg.org/files/10079/10079.zip', 4),
(1512, 91, 'https://www.gutenberg.org/ebooks/10079.rdf', 5),
(1513, 91, 'https://www.gutenberg.org/cache/epub/10079/pg10079.cover.medium.jpg', 6),
(1514, 91, 'https://www.gutenberg.org/cache/epub/10079/pg10079.cover.small.jpg', 6),
(1515, 91, 'https://www.gutenberg.org/cache/epub/10079/pg10079-h.zip', 7),
(1516, 92, 'https://www.gutenberg.org/ebooks/1008.html.images', 1),
(1517, 92, 'https://www.gutenberg.org/files/1008/1008-h/1008-h.htm', 1),
(1518, 92, 'https://www.gutenberg.org/ebooks/1008.epub3.images', 2),
(1519, 92, 'https://www.gutenberg.org/ebooks/1008.epub.images', 2),
(1520, 92, 'https://www.gutenberg.org/ebooks/1008.epub.noimages', 2),
(1521, 92, 'https://www.gutenberg.org/ebooks/1008.kf8.images', 3),
(1522, 92, 'https://www.gutenberg.org/ebooks/1008.kindle.images', 3),
(1523, 92, 'https://www.gutenberg.org/ebooks/1008.kindle.noimages', 3),
(1524, 92, 'https://www.gutenberg.org/ebooks/1008.txt.utf-8', 4),
(1525, 92, 'https://www.gutenberg.org/files/1008/1008-0.txt', 4),
(1526, 92, 'https://www.gutenberg.org/ebooks/1008.rdf', 5),
(1527, 92, 'https://www.gutenberg.org/cache/epub/1008/pg1008.cover.medium.jpg', 6),
(1528, 92, 'https://www.gutenberg.org/cache/epub/1008/pg1008.cover.small.jpg', 6),
(1529, 92, 'https://www.gutenberg.org/files/1008/1008-0.zip', 7),
(1530, 92, 'https://www.gutenberg.org/files/1008/1008-h.zip', 7),
(1531, 92, 'https://www.gutenberg.org/cache/epub/1008/pg1008-h.zip', 7),
(1532, 93, 'https://www.gutenberg.org/ebooks/10080.html.images', 1),
(1533, 93, 'https://www.gutenberg.org/files/10080/10080-h/10080-h.htm', 1),
(1534, 93, 'https://www.gutenberg.org/files/10080/10080-h.zip', 1),
(1535, 93, 'https://www.gutenberg.org/ebooks/10080.epub3.images', 2),
(1536, 93, 'https://www.gutenberg.org/ebooks/10080.epub.images', 2),
(1537, 93, 'https://www.gutenberg.org/ebooks/10080.epub.noimages', 2),
(1538, 93, 'https://www.gutenberg.org/ebooks/10080.kf8.images', 3),
(1539, 93, 'https://www.gutenberg.org/ebooks/10080.kindle.images', 3),
(1540, 93, 'https://www.gutenberg.org/ebooks/10080.kindle.noimages', 3),
(1541, 93, 'https://www.gutenberg.org/ebooks/10080.txt.utf-8', 4),
(1542, 93, 'https://www.gutenberg.org/files/10080/10080-8.txt', 10),
(1543, 93, 'https://www.gutenberg.org/files/10080/10080-8.zip', 10),
(1544, 93, 'https://www.gutenberg.org/files/10080/10080.txt', 4),
(1545, 93, 'https://www.gutenberg.org/files/10080/10080.zip', 4),
(1546, 93, 'https://www.gutenberg.org/ebooks/10080.rdf', 5),
(1547, 93, 'https://www.gutenberg.org/cache/epub/10080/pg10080.cover.medium.jpg', 6),
(1548, 93, 'https://www.gutenberg.org/cache/epub/10080/pg10080.cover.small.jpg', 6),
(1549, 93, 'https://www.gutenberg.org/cache/epub/10080/pg10080-h.zip', 7),
(1550, 94, 'https://www.gutenberg.org/ebooks/10081.html.images', 1),
(1551, 94, 'https://www.gutenberg.org/ebooks/10081.html.noimages', 1),
(1552, 94, 'https://www.gutenberg.org/ebooks/10081.epub3.images', 2),
(1553, 94, 'https://www.gutenberg.org/ebooks/10081.epub.images', 2),
(1554, 94, 'https://www.gutenberg.org/ebooks/10081.epub.noimages', 2),
(1555, 94, 'https://www.gutenberg.org/ebooks/10081.kf8.images', 3),
(1556, 94, 'https://www.gutenberg.org/ebooks/10081.kindle.images', 3),
(1557, 94, 'https://www.gutenberg.org/ebooks/10081.kindle.noimages', 3),
(1558, 94, 'https://www.gutenberg.org/ebooks/10081.txt.utf-8', 4),
(1559, 94, 'https://www.gutenberg.org/files/10081/10081.txt', 4),
(1560, 94, 'https://www.gutenberg.org/files/10081/10081.zip', 4),
(1561, 94, 'https://www.gutenberg.org/ebooks/10081.rdf', 5),
(1562, 94, 'https://www.gutenberg.org/cache/epub/10081/pg10081.cover.medium.jpg', 6),
(1563, 94, 'https://www.gutenberg.org/cache/epub/10081/pg10081.cover.small.jpg', 6),
(1564, 94, 'https://www.gutenberg.org/cache/epub/10081/pg10081-h.zip', 7),
(1565, 95, 'https://www.gutenberg.org/ebooks/10082.html.images', 1),
(1566, 95, 'https://www.gutenberg.org/ebooks/10082.html.noimages', 1),
(1567, 95, 'https://www.gutenberg.org/ebooks/10082.epub3.images', 2),
(1568, 95, 'https://www.gutenberg.org/ebooks/10082.epub.images', 2),
(1569, 95, 'https://www.gutenberg.org/ebooks/10082.epub.noimages', 2),
(1570, 95, 'https://www.gutenberg.org/ebooks/10082.kf8.images', 3),
(1571, 95, 'https://www.gutenberg.org/ebooks/10082.kindle.images', 3),
(1572, 95, 'https://www.gutenberg.org/ebooks/10082.kindle.noimages', 3),
(1573, 95, 'https://www.gutenberg.org/ebooks/10082.txt.utf-8', 4),
(1574, 95, 'https://www.gutenberg.org/files/10082/10082-8.txt', 10),
(1575, 95, 'https://www.gutenberg.org/files/10082/10082-8.zip', 10),
(1576, 95, 'https://www.gutenberg.org/files/10082/10082.txt', 4),
(1577, 95, 'https://www.gutenberg.org/files/10082/10082.zip', 4),
(1578, 95, 'https://www.gutenberg.org/ebooks/10082.rdf', 5),
(1579, 95, 'https://www.gutenberg.org/cache/epub/10082/pg10082.cover.medium.jpg', 6),
(1580, 95, 'https://www.gutenberg.org/cache/epub/10082/pg10082.cover.small.jpg', 6),
(1581, 95, 'https://www.gutenberg.org/cache/epub/10082/pg10082-h.zip', 7),
(1582, 96, 'https://www.gutenberg.org/ebooks/10083.html.images', 1),
(1583, 96, 'https://www.gutenberg.org/files/10083/10083-h/10083-h.htm', 1),
(1584, 96, 'https://www.gutenberg.org/ebooks/10083.epub3.images', 2),
(1585, 96, 'https://www.gutenberg.org/ebooks/10083.epub.images', 2),
(1586, 96, 'https://www.gutenberg.org/ebooks/10083.epub.noimages', 2),
(1587, 96, 'https://www.gutenberg.org/ebooks/10083.kf8.images', 3),
(1588, 96, 'https://www.gutenberg.org/ebooks/10083.kindle.images', 3),
(1589, 96, 'https://www.gutenberg.org/ebooks/10083.kindle.noimages', 3),
(1590, 96, 'https://www.gutenberg.org/ebooks/10083.txt.utf-8', 4),
(1591, 96, 'https://www.gutenberg.org/files/10083/10083-0.txt', 4),
(1592, 96, 'https://www.gutenberg.org/ebooks/10083.rdf', 5),
(1593, 96, 'https://www.gutenberg.org/cache/epub/10083/pg10083.cover.medium.jpg', 6),
(1594, 96, 'https://www.gutenberg.org/cache/epub/10083/pg10083.cover.small.jpg', 6),
(1595, 96, 'https://www.gutenberg.org/files/10083/10083-0.zip', 7),
(1596, 96, 'https://www.gutenberg.org/files/10083/10083-h.zip', 7),
(1597, 96, 'https://www.gutenberg.org/cache/epub/10083/pg10083-h.zip', 7),
(1598, 97, 'https://www.gutenberg.org/ebooks/10084.html.images', 1),
(1599, 97, 'https://www.gutenberg.org/files/10084/10084-h/10084-h.htm', 9),
(1600, 97, 'https://www.gutenberg.org/files/10084/10084-h.zip', 1),
(1601, 97, 'https://www.gutenberg.org/ebooks/10084.epub3.images', 2),
(1602, 97, 'https://www.gutenberg.org/ebooks/10084.epub.images', 2),
(1603, 97, 'https://www.gutenberg.org/ebooks/10084.epub.noimages', 2),
(1604, 97, 'https://www.gutenberg.org/ebooks/10084.kf8.images', 3),
(1605, 97, 'https://www.gutenberg.org/ebooks/10084.kindle.images', 3),
(1606, 97, 'https://www.gutenberg.org/ebooks/10084.kindle.noimages', 3),
(1607, 97, 'https://www.gutenberg.org/ebooks/10084.txt.utf-8', 4),
(1608, 97, 'https://www.gutenberg.org/files/10084/10084-8.txt', 10),
(1609, 97, 'https://www.gutenberg.org/files/10084/10084-8.zip', 10),
(1610, 97, 'https://www.gutenberg.org/files/10084/10084.txt', 4),
(1611, 97, 'https://www.gutenberg.org/files/10084/10084.zip', 4),
(1612, 97, 'https://www.gutenberg.org/ebooks/10084.rdf', 5),
(1613, 97, 'https://www.gutenberg.org/cache/epub/10084/pg10084.cover.medium.jpg', 6),
(1614, 97, 'https://www.gutenberg.org/cache/epub/10084/pg10084.cover.small.jpg', 6),
(1615, 97, 'https://www.gutenberg.org/cache/epub/10084/pg10084-h.zip', 7),
(1616, 98, 'https://www.gutenberg.org/ebooks/10085.html.images', 1),
(1617, 98, 'https://www.gutenberg.org/files/10085/10085-h/10085-h.htm', 1),
(1618, 98, 'https://www.gutenberg.org/ebooks/10085.epub3.images', 2),
(1619, 98, 'https://www.gutenberg.org/ebooks/10085.epub.images', 2),
(1620, 98, 'https://www.gutenberg.org/ebooks/10085.epub.noimages', 2),
(1621, 98, 'https://www.gutenberg.org/ebooks/10085.kf8.images', 3),
(1622, 98, 'https://www.gutenberg.org/ebooks/10085.kindle.images', 3),
(1623, 98, 'https://www.gutenberg.org/ebooks/10085.kindle.noimages', 3),
(1624, 98, 'https://www.gutenberg.org/ebooks/10085.txt.utf-8', 4),
(1625, 98, 'https://www.gutenberg.org/files/10085/10085-0.txt', 4),
(1626, 98, 'https://www.gutenberg.org/ebooks/10085.rdf', 5),
(1627, 98, 'https://www.gutenberg.org/cache/epub/10085/pg10085.cover.medium.jpg', 6),
(1628, 98, 'https://www.gutenberg.org/cache/epub/10085/pg10085.cover.small.jpg', 6),
(1629, 98, 'https://www.gutenberg.org/files/10085/10085-0.zip', 7),
(1630, 98, 'https://www.gutenberg.org/files/10085/10085-h.zip', 7),
(1631, 98, 'https://www.gutenberg.org/cache/epub/10085/pg10085-h.zip', 7),
(1632, 99, 'https://www.gutenberg.org/ebooks/10086.html.images', 1),
(1633, 99, 'https://www.gutenberg.org/files/10086/10086-h/10086-h.htm', 1),
(1634, 99, 'https://www.gutenberg.org/files/10086/10086-h.zip', 1),
(1635, 99, 'https://www.gutenberg.org/ebooks/10086.epub3.images', 2),
(1636, 99, 'https://www.gutenberg.org/ebooks/10086.epub.images', 2),
(1637, 99, 'https://www.gutenberg.org/ebooks/10086.epub.noimages', 2),
(1638, 99, 'https://www.gutenberg.org/ebooks/10086.kf8.images', 3),
(1639, 99, 'https://www.gutenberg.org/ebooks/10086.kindle.images', 3),
(1640, 99, 'https://www.gutenberg.org/ebooks/10086.kindle.noimages', 3),
(1641, 99, 'https://www.gutenberg.org/ebooks/10086.txt.utf-8', 4),
(1642, 99, 'https://www.gutenberg.org/files/10086/10086-8.txt', 10),
(1643, 99, 'https://www.gutenberg.org/files/10086/10086-8.zip', 10),
(1644, 99, 'https://www.gutenberg.org/files/10086/10086.txt', 4),
(1645, 99, 'https://www.gutenberg.org/files/10086/10086.zip', 4),
(1646, 99, 'https://www.gutenberg.org/ebooks/10086.rdf', 5),
(1647, 99, 'https://www.gutenberg.org/cache/epub/10086/pg10086.cover.medium.jpg', 6),
(1648, 99, 'https://www.gutenberg.org/cache/epub/10086/pg10086.cover.small.jpg', 6),
(1649, 99, 'https://www.gutenberg.org/cache/epub/10086/pg10086-h.zip', 7),
(1650, 100, 'https://www.gutenberg.org/ebooks/10087.html.images', 1),
(1651, 100, 'https://www.gutenberg.org/ebooks/10087.html.noimages', 1),
(1652, 100, 'https://www.gutenberg.org/ebooks/10087.epub3.images', 2),
(1653, 100, 'https://www.gutenberg.org/ebooks/10087.epub.images', 2),
(1654, 100, 'https://www.gutenberg.org/ebooks/10087.epub.noimages', 2),
(1655, 100, 'https://www.gutenberg.org/ebooks/10087.kf8.images', 3),
(1656, 100, 'https://www.gutenberg.org/ebooks/10087.kindle.images', 3),
(1657, 100, 'https://www.gutenberg.org/ebooks/10087.kindle.noimages', 3),
(1658, 100, 'https://www.gutenberg.org/ebooks/10087.txt.utf-8', 4),
(1659, 100, 'https://www.gutenberg.org/files/10087/10087.txt', 4),
(1660, 100, 'https://www.gutenberg.org/files/10087/10087.zip', 4),
(1661, 100, 'https://www.gutenberg.org/ebooks/10087.rdf', 5),
(1662, 100, 'https://www.gutenberg.org/cache/epub/10087/pg10087.cover.medium.jpg', 6),
(1663, 100, 'https://www.gutenberg.org/cache/epub/10087/pg10087.cover.small.jpg', 6),
(1664, 100, 'https://www.gutenberg.org/cache/epub/10087/pg10087-h.zip', 7),
(1665, 101, 'https://www.gutenberg.org/ebooks/10088.html.images', 1),
(1666, 101, 'https://www.gutenberg.org/ebooks/10088.html.noimages', 1),
(1667, 101, 'https://www.gutenberg.org/ebooks/10088.epub3.images', 2),
(1668, 101, 'https://www.gutenberg.org/ebooks/10088.epub.images', 2),
(1669, 101, 'https://www.gutenberg.org/ebooks/10088.epub.noimages', 2),
(1670, 101, 'https://www.gutenberg.org/ebooks/10088.kf8.images', 3),
(1671, 101, 'https://www.gutenberg.org/ebooks/10088.kindle.images', 3),
(1672, 101, 'https://www.gutenberg.org/ebooks/10088.kindle.noimages', 3),
(1673, 101, 'https://www.gutenberg.org/ebooks/10088.txt.utf-8', 4),
(1674, 101, 'https://www.gutenberg.org/files/10088/10088-8.txt', 10),
(1675, 101, 'https://www.gutenberg.org/files/10088/10088-8.zip', 10),
(1676, 101, 'https://www.gutenberg.org/files/10088/10088.txt', 4),
(1677, 101, 'https://www.gutenberg.org/files/10088/10088.zip', 4),
(1678, 101, 'https://www.gutenberg.org/ebooks/10088.rdf', 5),
(1679, 101, 'https://www.gutenberg.org/cache/epub/10088/pg10088.cover.medium.jpg', 6),
(1680, 101, 'https://www.gutenberg.org/cache/epub/10088/pg10088.cover.small.jpg', 6),
(1681, 101, 'https://www.gutenberg.org/cache/epub/10088/pg10088-h.zip', 7),
(1682, 102, 'https://www.gutenberg.org/ebooks/10089.html.images', 1),
(1683, 102, 'https://www.gutenberg.org/ebooks/10089.html.noimages', 1),
(1684, 102, 'https://www.gutenberg.org/ebooks/10089.epub3.images', 2),
(1685, 102, 'https://www.gutenberg.org/ebooks/10089.epub.images', 2),
(1686, 102, 'https://www.gutenberg.org/ebooks/10089.epub.noimages', 2),
(1687, 102, 'https://www.gutenberg.org/ebooks/10089.kf8.images', 3),
(1688, 102, 'https://www.gutenberg.org/ebooks/10089.kindle.images', 3),
(1689, 102, 'https://www.gutenberg.org/ebooks/10089.kindle.noimages', 3),
(1690, 102, 'https://www.gutenberg.org/ebooks/10089.txt.utf-8', 4),
(1691, 102, 'https://www.gutenberg.org/files/10089/10089-8.txt', 10),
(1692, 102, 'https://www.gutenberg.org/files/10089/10089-8.zip', 10),
(1693, 102, 'https://www.gutenberg.org/files/10089/10089.txt', 4),
(1694, 102, 'https://www.gutenberg.org/files/10089/10089.zip', 4),
(1695, 102, 'https://www.gutenberg.org/ebooks/10089.rdf', 5),
(1696, 102, 'https://www.gutenberg.org/cache/epub/10089/pg10089.cover.medium.jpg', 6),
(1697, 102, 'https://www.gutenberg.org/cache/epub/10089/pg10089.cover.small.jpg', 6),
(1698, 102, 'https://www.gutenberg.org/cache/epub/10089/pg10089-h.zip', 7),
(1699, 103, 'https://www.gutenberg.org/ebooks/1009.html.images', 1),
(1700, 103, 'https://www.gutenberg.org/files/1009/1009-h/1009-h.htm', 1),
(1701, 103, 'https://www.gutenberg.org/ebooks/1009.epub3.images', 2),
(1702, 103, 'https://www.gutenberg.org/ebooks/1009.epub.images', 2),
(1703, 103, 'https://www.gutenberg.org/ebooks/1009.epub.noimages', 2),
(1704, 103, 'https://www.gutenberg.org/ebooks/1009.kf8.images', 3),
(1705, 103, 'https://www.gutenberg.org/ebooks/1009.kindle.images', 3),
(1706, 103, 'https://www.gutenberg.org/ebooks/1009.kindle.noimages', 3),
(1707, 103, 'https://www.gutenberg.org/ebooks/1009.txt.utf-8', 4),
(1708, 103, 'https://www.gutenberg.org/files/1009/1009-0.txt', 4),
(1709, 103, 'https://www.gutenberg.org/ebooks/1009.rdf', 5),
(1710, 103, 'https://www.gutenberg.org/cache/epub/1009/pg1009.cover.medium.jpg', 6),
(1711, 103, 'https://www.gutenberg.org/cache/epub/1009/pg1009.cover.small.jpg', 6),
(1712, 103, 'https://www.gutenberg.org/files/1009/1009-0.zip', 7),
(1713, 103, 'https://www.gutenberg.org/files/1009/1009-h.zip', 7),
(1714, 103, 'https://www.gutenberg.org/cache/epub/1009/pg1009-h.zip', 7),
(1715, 104, 'https://www.gutenberg.org/ebooks/10090.html.images', 1),
(1716, 104, 'https://www.gutenberg.org/ebooks/10090.html.noimages', 1),
(1717, 104, 'https://www.gutenberg.org/ebooks/10090.epub3.images', 2),
(1718, 104, 'https://www.gutenberg.org/ebooks/10090.epub.images', 2),
(1719, 104, 'https://www.gutenberg.org/ebooks/10090.epub.noimages', 2),
(1720, 104, 'https://www.gutenberg.org/ebooks/10090.kf8.images', 3),
(1721, 104, 'https://www.gutenberg.org/ebooks/10090.kindle.images', 3),
(1722, 104, 'https://www.gutenberg.org/ebooks/10090.kindle.noimages', 3),
(1723, 104, 'https://www.gutenberg.org/ebooks/10090.txt.utf-8', 4),
(1724, 104, 'https://www.gutenberg.org/files/10090/10090-8.txt', 10),
(1725, 104, 'https://www.gutenberg.org/files/10090/10090-8.zip', 10),
(1726, 104, 'https://www.gutenberg.org/files/10090/10090.txt', 4),
(1727, 104, 'https://www.gutenberg.org/files/10090/10090.zip', 4),
(1728, 104, 'https://www.gutenberg.org/ebooks/10090.rdf', 5),
(1729, 104, 'https://www.gutenberg.org/cache/epub/10090/pg10090.cover.medium.jpg', 6),
(1730, 104, 'https://www.gutenberg.org/cache/epub/10090/pg10090.cover.small.jpg', 6),
(1731, 104, 'https://www.gutenberg.org/cache/epub/10090/pg10090-h.zip', 7),
(1732, 105, 'https://www.gutenberg.org/ebooks/10091.html.images', 1),
(1733, 105, 'https://www.gutenberg.org/files/10091/10091-h/10091-h.htm', 9),
(1734, 105, 'https://www.gutenberg.org/files/10091/10091-h.zip', 9),
(1735, 105, 'https://www.gutenberg.org/ebooks/10091.epub3.images', 2),
(1736, 105, 'https://www.gutenberg.org/ebooks/10091.epub.images', 2),
(1737, 105, 'https://www.gutenberg.org/ebooks/10091.epub.noimages', 2),
(1738, 105, 'https://www.gutenberg.org/ebooks/10091.kf8.images', 3),
(1739, 105, 'https://www.gutenberg.org/ebooks/10091.kindle.images', 3),
(1740, 105, 'https://www.gutenberg.org/ebooks/10091.kindle.noimages', 3),
(1741, 105, 'https://www.gutenberg.org/ebooks/10091.txt.utf-8', 4),
(1742, 105, 'https://www.gutenberg.org/files/10091/10091-8.txt', 10),
(1743, 105, 'https://www.gutenberg.org/files/10091/10091-8.zip', 10),
(1744, 105, 'https://www.gutenberg.org/files/10091/10091.txt', 4),
(1745, 105, 'https://www.gutenberg.org/files/10091/10091.zip', 4),
(1746, 105, 'https://www.gutenberg.org/ebooks/10091.rdf', 5),
(1747, 105, 'https://www.gutenberg.org/cache/epub/10091/pg10091.cover.medium.jpg', 6),
(1748, 105, 'https://www.gutenberg.org/cache/epub/10091/pg10091.cover.small.jpg', 6),
(1749, 105, 'https://www.gutenberg.org/cache/epub/10091/pg10091-h.zip', 7),
(1750, 106, 'https://www.gutenberg.org/ebooks/10092.html.images', 1),
(1751, 106, 'https://www.gutenberg.org/files/10092/10092-h/10092-h.htm', 9),
(1752, 106, 'https://www.gutenberg.org/files/10092/10092-h.zip', 9),
(1753, 106, 'https://www.gutenberg.org/ebooks/10092.epub3.images', 2),
(1754, 106, 'https://www.gutenberg.org/ebooks/10092.epub.images', 2),
(1755, 106, 'https://www.gutenberg.org/ebooks/10092.epub.noimages', 2),
(1756, 106, 'https://www.gutenberg.org/ebooks/10092.kf8.images', 3),
(1757, 106, 'https://www.gutenberg.org/ebooks/10092.kindle.images', 3),
(1758, 106, 'https://www.gutenberg.org/ebooks/10092.kindle.noimages', 3),
(1759, 106, 'https://www.gutenberg.org/ebooks/10092.txt.utf-8', 4),
(1760, 106, 'https://www.gutenberg.org/files/10092/10092-8.txt', 10),
(1761, 106, 'https://www.gutenberg.org/files/10092/10092-8.zip', 10),
(1762, 106, 'https://www.gutenberg.org/files/10092/10092.txt', 4),
(1763, 106, 'https://www.gutenberg.org/files/10092/10092.zip', 4),
(1764, 106, 'https://www.gutenberg.org/ebooks/10092.rdf', 5),
(1765, 106, 'https://www.gutenberg.org/cache/epub/10092/pg10092.cover.medium.jpg', 6),
(1766, 106, 'https://www.gutenberg.org/cache/epub/10092/pg10092.cover.small.jpg', 6),
(1767, 106, 'https://www.gutenberg.org/cache/epub/10092/pg10092-h.zip', 7),
(1768, 107, 'https://www.gutenberg.org/ebooks/10093.html.images', 1),
(1769, 107, 'https://www.gutenberg.org/ebooks/10093.html.noimages', 1),
(1770, 107, 'https://www.gutenberg.org/ebooks/10093.epub3.images', 2),
(1771, 107, 'https://www.gutenberg.org/ebooks/10093.epub.images', 2),
(1772, 107, 'https://www.gutenberg.org/ebooks/10093.epub.noimages', 2),
(1773, 107, 'https://www.gutenberg.org/ebooks/10093.kf8.images', 3),
(1774, 107, 'https://www.gutenberg.org/ebooks/10093.kindle.images', 3),
(1775, 107, 'https://www.gutenberg.org/ebooks/10093.kindle.noimages', 3),
(1776, 107, 'https://www.gutenberg.org/ebooks/10093.txt.utf-8', 4),
(1777, 107, 'https://www.gutenberg.org/files/10093/10093.txt', 4),
(1778, 107, 'https://www.gutenberg.org/files/10093/10093.zip', 4),
(1779, 107, 'https://www.gutenberg.org/ebooks/10093.rdf', 5),
(1780, 107, 'https://www.gutenberg.org/cache/epub/10093/pg10093.cover.medium.jpg', 6),
(1781, 107, 'https://www.gutenberg.org/cache/epub/10093/pg10093.cover.small.jpg', 6),
(1782, 107, 'https://www.gutenberg.org/cache/epub/10093/pg10093-h.zip', 7),
(1783, 108, 'https://www.gutenberg.org/ebooks/10094.html.images', 1),
(1784, 108, 'https://www.gutenberg.org/ebooks/10094.html.noimages', 1),
(1785, 108, 'https://www.gutenberg.org/ebooks/10094.epub3.images', 2),
(1786, 108, 'https://www.gutenberg.org/ebooks/10094.epub.images', 2),
(1787, 108, 'https://www.gutenberg.org/ebooks/10094.epub.noimages', 2),
(1788, 108, 'https://www.gutenberg.org/ebooks/10094.kf8.images', 3),
(1789, 108, 'https://www.gutenberg.org/ebooks/10094.kindle.images', 3),
(1790, 108, 'https://www.gutenberg.org/ebooks/10094.kindle.noimages', 3),
(1791, 108, 'https://www.gutenberg.org/ebooks/10094.txt.utf-8', 4),
(1792, 108, 'https://www.gutenberg.org/files/10094/10094-8.txt', 10),
(1793, 108, 'https://www.gutenberg.org/files/10094/10094-8.zip', 10),
(1794, 108, 'https://www.gutenberg.org/files/10094/10094.txt', 4),
(1795, 108, 'https://www.gutenberg.org/files/10094/10094.zip', 4),
(1796, 108, 'https://www.gutenberg.org/ebooks/10094.rdf', 5),
(1797, 108, 'https://www.gutenberg.org/cache/epub/10094/pg10094.cover.medium.jpg', 6),
(1798, 108, 'https://www.gutenberg.org/cache/epub/10094/pg10094.cover.small.jpg', 6),
(1799, 108, 'https://www.gutenberg.org/cache/epub/10094/pg10094-h.zip', 7),
(1800, 109, 'https://www.gutenberg.org/ebooks/10095.html.images', 1),
(1801, 109, 'https://www.gutenberg.org/files/10095/10095-h/10095-h.htm', 1),
(1802, 109, 'https://www.gutenberg.org/ebooks/10095.epub3.images', 2),
(1803, 109, 'https://www.gutenberg.org/ebooks/10095.epub.images', 2),
(1804, 109, 'https://www.gutenberg.org/ebooks/10095.epub.noimages', 2),
(1805, 109, 'https://www.gutenberg.org/ebooks/10095.kf8.images', 3),
(1806, 109, 'https://www.gutenberg.org/ebooks/10095.kindle.images', 3),
(1807, 109, 'https://www.gutenberg.org/ebooks/10095.kindle.noimages', 3),
(1808, 109, 'https://www.gutenberg.org/ebooks/10095.txt.utf-8', 4),
(1809, 109, 'https://www.gutenberg.org/files/10095/10095-0.txt', 4),
(1810, 109, 'https://www.gutenberg.org/ebooks/10095.rdf', 5),
(1811, 109, 'https://www.gutenberg.org/cache/epub/10095/pg10095.cover.medium.jpg', 6),
(1812, 109, 'https://www.gutenberg.org/cache/epub/10095/pg10095.cover.small.jpg', 6),
(1813, 109, 'https://www.gutenberg.org/files/10095/10095-0.zip', 7),
(1814, 109, 'https://www.gutenberg.org/files/10095/10095-h.zip', 7),
(1815, 109, 'https://www.gutenberg.org/cache/epub/10095/pg10095-h.zip', 7),
(1816, 110, 'https://www.gutenberg.org/ebooks/10096.html.images', 1),
(1817, 110, 'https://www.gutenberg.org/ebooks/10096.html.noimages', 1),
(1818, 110, 'https://www.gutenberg.org/ebooks/10096.epub3.images', 2),
(1819, 110, 'https://www.gutenberg.org/ebooks/10096.epub.images', 2),
(1820, 110, 'https://www.gutenberg.org/ebooks/10096.epub.noimages', 2),
(1821, 110, 'https://www.gutenberg.org/ebooks/10096.kf8.images', 3),
(1822, 110, 'https://www.gutenberg.org/ebooks/10096.kindle.images', 3),
(1823, 110, 'https://www.gutenberg.org/ebooks/10096.kindle.noimages', 3),
(1824, 110, 'https://www.gutenberg.org/ebooks/10096.txt.utf-8', 4),
(1825, 110, 'https://www.gutenberg.org/files/10096/10096-8.txt', 10),
(1826, 110, 'https://www.gutenberg.org/files/10096/10096-8.zip', 10),
(1827, 110, 'https://www.gutenberg.org/files/10096/10096.txt', 4),
(1828, 110, 'https://www.gutenberg.org/files/10096/10096.zip', 4),
(1829, 110, 'https://www.gutenberg.org/ebooks/10096.rdf', 5),
(1830, 110, 'https://www.gutenberg.org/cache/epub/10096/pg10096.cover.medium.jpg', 6),
(1831, 110, 'https://www.gutenberg.org/cache/epub/10096/pg10096.cover.small.jpg', 6),
(1832, 110, 'https://www.gutenberg.org/cache/epub/10096/pg10096-h.zip', 7),
(1833, 111, 'https://www.gutenberg.org/ebooks/10097.html.images', 1),
(1834, 111, 'https://www.gutenberg.org/ebooks/10097.html.noimages', 1),
(1835, 111, 'https://www.gutenberg.org/ebooks/10097.epub3.images', 2),
(1836, 111, 'https://www.gutenberg.org/ebooks/10097.epub.images', 2),
(1837, 111, 'https://www.gutenberg.org/ebooks/10097.epub.noimages', 2),
(1838, 111, 'https://www.gutenberg.org/ebooks/10097.kf8.images', 3),
(1839, 111, 'https://www.gutenberg.org/ebooks/10097.kindle.images', 3),
(1840, 111, 'https://www.gutenberg.org/ebooks/10097.kindle.noimages', 3),
(1841, 111, 'https://www.gutenberg.org/ebooks/10097.txt.utf-8', 4),
(1842, 111, 'https://www.gutenberg.org/files/10097/10097-8.txt', 10),
(1843, 111, 'https://www.gutenberg.org/files/10097/10097-8.zip', 10),
(1844, 111, 'https://www.gutenberg.org/files/10097/10097.txt', 4),
(1845, 111, 'https://www.gutenberg.org/files/10097/10097.zip', 4),
(1846, 111, 'https://www.gutenberg.org/ebooks/10097.rdf', 5),
(1847, 111, 'https://www.gutenberg.org/cache/epub/10097/pg10097.cover.medium.jpg', 6),
(1848, 111, 'https://www.gutenberg.org/cache/epub/10097/pg10097.cover.small.jpg', 6),
(1849, 111, 'https://www.gutenberg.org/cache/epub/10097/pg10097-h.zip', 7),
(1850, 112, 'https://www.gutenberg.org/ebooks/10098.html.images', 1),
(1851, 112, 'https://www.gutenberg.org/ebooks/10098.html.noimages', 1),
(1852, 112, 'https://www.gutenberg.org/ebooks/10098.epub3.images', 2),
(1853, 112, 'https://www.gutenberg.org/ebooks/10098.epub.images', 2),
(1854, 112, 'https://www.gutenberg.org/ebooks/10098.epub.noimages', 2),
(1855, 112, 'https://www.gutenberg.org/ebooks/10098.kf8.images', 3),
(1856, 112, 'https://www.gutenberg.org/ebooks/10098.kindle.images', 3),
(1857, 112, 'https://www.gutenberg.org/ebooks/10098.kindle.noimages', 3),
(1858, 112, 'https://www.gutenberg.org/ebooks/10098.txt.utf-8', 4),
(1859, 112, 'https://www.gutenberg.org/files/10098/10098-8.txt', 10),
(1860, 112, 'https://www.gutenberg.org/files/10098/10098-8.zip', 10),
(1861, 112, 'https://www.gutenberg.org/files/10098/10098.txt', 4),
(1862, 112, 'https://www.gutenberg.org/files/10098/10098.zip', 4),
(1863, 112, 'https://www.gutenberg.org/ebooks/10098.rdf', 5),
(1864, 112, 'https://www.gutenberg.org/cache/epub/10098/pg10098.cover.medium.jpg', 6),
(1865, 112, 'https://www.gutenberg.org/cache/epub/10098/pg10098.cover.small.jpg', 6),
(1866, 112, 'https://www.gutenberg.org/cache/epub/10098/pg10098-h.zip', 7),
(1867, 113, 'https://www.gutenberg.org/ebooks/10099.html.images', 1),
(1868, 113, 'https://www.gutenberg.org/ebooks/10099.html.noimages', 1),
(1869, 113, 'https://www.gutenberg.org/ebooks/10099.epub3.images', 2),
(1870, 113, 'https://www.gutenberg.org/ebooks/10099.epub.images', 2),
(1871, 113, 'https://www.gutenberg.org/ebooks/10099.epub.noimages', 2),
(1872, 113, 'https://www.gutenberg.org/ebooks/10099.kf8.images', 3),
(1873, 113, 'https://www.gutenberg.org/ebooks/10099.kindle.images', 3),
(1874, 113, 'https://www.gutenberg.org/ebooks/10099.kindle.noimages', 3),
(1875, 113, 'https://www.gutenberg.org/ebooks/10099.txt.utf-8', 4),
(1876, 113, 'https://www.gutenberg.org/files/10099/10099-8.txt', 10),
(1877, 113, 'https://www.gutenberg.org/files/10099/10099-8.zip', 10),
(1878, 113, 'https://www.gutenberg.org/files/10099/10099.txt', 4),
(1879, 113, 'https://www.gutenberg.org/files/10099/10099.zip', 4),
(1880, 113, 'https://www.gutenberg.org/ebooks/10099.rdf', 5),
(1881, 113, 'https://www.gutenberg.org/cache/epub/10099/pg10099.cover.medium.jpg', 6),
(1882, 113, 'https://www.gutenberg.org/cache/epub/10099/pg10099.cover.small.jpg', 6),
(1883, 113, 'https://www.gutenberg.org/cache/epub/10099/pg10099-h.zip', 7),
(1884, 114, 'https://www.gutenberg.org/ebooks/101.html.images', 1),
(1885, 114, 'https://www.gutenberg.org/files/101/101-h/101-h.htm', 9),
(1886, 114, 'https://www.gutenberg.org/files/101/101-h.zip', 9),
(1887, 114, 'https://www.gutenberg.org/ebooks/101.epub3.images', 2),
(1888, 114, 'https://www.gutenberg.org/ebooks/101.epub.images', 2),
(1889, 114, 'https://www.gutenberg.org/ebooks/101.epub.noimages', 2),
(1890, 114, 'https://www.gutenberg.org/ebooks/101.kf8.images', 3),
(1891, 114, 'https://www.gutenberg.org/ebooks/101.kindle.images', 3),
(1892, 114, 'https://www.gutenberg.org/ebooks/101.kindle.noimages', 3),
(1893, 114, 'https://www.gutenberg.org/ebooks/101.txt.utf-8', 4),
(1894, 114, 'https://www.gutenberg.org/files/101/101.txt', 4),
(1895, 114, 'https://www.gutenberg.org/files/101/101.zip', 4),
(1896, 114, 'https://www.gutenberg.org/ebooks/101.rdf', 5),
(1897, 114, 'https://www.gutenberg.org/cache/epub/101/pg101.cover.medium.jpg', 6),
(1898, 114, 'https://www.gutenberg.org/cache/epub/101/pg101.cover.small.jpg', 6),
(1899, 114, 'https://www.gutenberg.org/cache/epub/101/pg101-h.zip', 7),
(1900, 115, 'https://www.gutenberg.org/ebooks/1010.html.images', 1),
(1901, 115, 'https://www.gutenberg.org/files/1010/1010-h/1010-h.htm', 9),
(1902, 115, 'https://www.gutenberg.org/files/1010/1010-h.zip', 9),
(1903, 115, 'https://www.gutenberg.org/ebooks/1010.epub3.images', 2),
(1904, 115, 'https://www.gutenberg.org/ebooks/1010.epub.images', 2),
(1905, 115, 'https://www.gutenberg.org/ebooks/1010.epub.noimages', 2),
(1906, 115, 'https://www.gutenberg.org/ebooks/1010.kf8.images', 3),
(1907, 115, 'https://www.gutenberg.org/ebooks/1010.kindle.images', 3),
(1908, 115, 'https://www.gutenberg.org/ebooks/1010.kindle.noimages', 3),
(1909, 115, 'https://www.gutenberg.org/ebooks/1010.txt.utf-8', 4),
(1910, 115, 'https://www.gutenberg.org/files/1010/1010-8.txt', 10),
(1911, 115, 'https://www.gutenberg.org/files/1010/1010-8.zip', 10),
(1912, 115, 'https://www.gutenberg.org/ebooks/1010.rdf', 5),
(1913, 115, 'https://www.gutenberg.org/cache/epub/1010/pg1010.cover.medium.jpg', 6),
(1914, 115, 'https://www.gutenberg.org/cache/epub/1010/pg1010.cover.small.jpg', 6),
(1915, 115, 'https://www.gutenberg.org/cache/epub/1010/pg1010-h.zip', 7),
(1916, 116, 'https://www.gutenberg.org/ebooks/10100.html.images', 1),
(1917, 116, 'https://www.gutenberg.org/ebooks/10100.html.noimages', 1),
(1918, 116, 'https://www.gutenberg.org/ebooks/10100.epub3.images', 2),
(1919, 116, 'https://www.gutenberg.org/ebooks/10100.epub.images', 2),
(1920, 116, 'https://www.gutenberg.org/ebooks/10100.epub.noimages', 2),
(1921, 116, 'https://www.gutenberg.org/ebooks/10100.kf8.images', 3),
(1922, 116, 'https://www.gutenberg.org/ebooks/10100.kindle.images', 3),
(1923, 116, 'https://www.gutenberg.org/ebooks/10100.kindle.noimages', 3),
(1924, 116, 'https://www.gutenberg.org/ebooks/10100.txt.utf-8', 4),
(1925, 116, 'https://www.gutenberg.org/files/10100/10100-8.txt', 10),
(1926, 116, 'https://www.gutenberg.org/files/10100/10100-8.zip', 10),
(1927, 116, 'https://www.gutenberg.org/files/10100/10100.txt', 4),
(1928, 116, 'https://www.gutenberg.org/files/10100/10100.zip', 4),
(1929, 116, 'https://www.gutenberg.org/ebooks/10100.rdf', 5),
(1930, 116, 'https://www.gutenberg.org/cache/epub/10100/pg10100.cover.medium.jpg', 6),
(1931, 116, 'https://www.gutenberg.org/cache/epub/10100/pg10100.cover.small.jpg', 6),
(1932, 116, 'https://www.gutenberg.org/cache/epub/10100/pg10100-h.zip', 7),
(1933, 117, 'https://www.gutenberg.org/ebooks/10101.html.images', 1),
(1934, 117, 'https://www.gutenberg.org/ebooks/10101.html.noimages', 1),
(1935, 117, 'https://www.gutenberg.org/ebooks/10101.epub3.images', 2),
(1936, 117, 'https://www.gutenberg.org/ebooks/10101.epub.images', 2),
(1937, 117, 'https://www.gutenberg.org/ebooks/10101.epub.noimages', 2),
(1938, 117, 'https://www.gutenberg.org/ebooks/10101.kf8.images', 3),
(1939, 117, 'https://www.gutenberg.org/ebooks/10101.kindle.images', 3),
(1940, 117, 'https://www.gutenberg.org/ebooks/10101.kindle.noimages', 3),
(1941, 117, 'https://www.gutenberg.org/ebooks/10101.txt.utf-8', 4),
(1942, 117, 'https://www.gutenberg.org/files/10101/10101.txt', 4),
(1943, 117, 'https://www.gutenberg.org/files/10101/10101.zip', 4),
(1944, 117, 'https://www.gutenberg.org/ebooks/10101.rdf', 5),
(1945, 117, 'https://www.gutenberg.org/cache/epub/10101/pg10101.cover.medium.jpg', 6),
(1946, 117, 'https://www.gutenberg.org/cache/epub/10101/pg10101.cover.small.jpg', 6),
(1947, 117, 'https://www.gutenberg.org/cache/epub/10101/pg10101-h.zip', 7),
(1948, 118, 'https://www.gutenberg.org/ebooks/10102.html.images', 1),
(1949, 118, 'https://www.gutenberg.org/files/10102/10102-h/10102-h.htm', 9),
(1950, 118, 'https://www.gutenberg.org/files/10102/10102-h.zip', 9),
(1951, 118, 'https://www.gutenberg.org/ebooks/10102.epub3.images', 2),
(1952, 118, 'https://www.gutenberg.org/ebooks/10102.epub.images', 2),
(1953, 118, 'https://www.gutenberg.org/ebooks/10102.epub.noimages', 2),
(1954, 118, 'https://www.gutenberg.org/ebooks/10102.kf8.images', 3),
(1955, 118, 'https://www.gutenberg.org/ebooks/10102.kindle.images', 3),
(1956, 118, 'https://www.gutenberg.org/ebooks/10102.kindle.noimages', 3),
(1957, 118, 'https://www.gutenberg.org/ebooks/10102.txt.utf-8', 4),
(1958, 118, 'https://www.gutenberg.org/files/10102/10102-8.txt', 10),
(1959, 118, 'https://www.gutenberg.org/files/10102/10102-8.zip', 10),
(1960, 118, 'https://www.gutenberg.org/files/10102/10102.txt', 4),
(1961, 118, 'https://www.gutenberg.org/files/10102/10102.zip', 4),
(1962, 118, 'https://www.gutenberg.org/ebooks/10102.rdf', 5),
(1963, 118, 'https://www.gutenberg.org/cache/epub/10102/pg10102.cover.medium.jpg', 6),
(1964, 118, 'https://www.gutenberg.org/cache/epub/10102/pg10102.cover.small.jpg', 6),
(1965, 118, 'https://www.gutenberg.org/cache/epub/10102/pg10102-h.zip', 7),
(1966, 119, 'https://www.gutenberg.org/ebooks/10103.html.images', 1),
(1967, 119, 'https://www.gutenberg.org/ebooks/10103.html.noimages', 1),
(1968, 119, 'https://www.gutenberg.org/ebooks/10103.epub3.images', 2),
(1969, 119, 'https://www.gutenberg.org/ebooks/10103.epub.images', 2),
(1970, 119, 'https://www.gutenberg.org/ebooks/10103.epub.noimages', 2),
(1971, 119, 'https://www.gutenberg.org/ebooks/10103.kf8.images', 3),
(1972, 119, 'https://www.gutenberg.org/ebooks/10103.kindle.images', 3),
(1973, 119, 'https://www.gutenberg.org/ebooks/10103.kindle.noimages', 3),
(1974, 119, 'https://www.gutenberg.org/ebooks/10103.txt.utf-8', 4),
(1975, 119, 'https://www.gutenberg.org/files/10103/10103-8.txt', 10),
(1976, 119, 'https://www.gutenberg.org/files/10103/10103-8.zip', 10),
(1977, 119, 'https://www.gutenberg.org/files/10103/10103.txt', 4),
(1978, 119, 'https://www.gutenberg.org/files/10103/10103.zip', 4),
(1979, 119, 'https://www.gutenberg.org/ebooks/10103.rdf', 5),
(1980, 119, 'https://www.gutenberg.org/cache/epub/10103/pg10103.cover.medium.jpg', 6),
(1981, 119, 'https://www.gutenberg.org/cache/epub/10103/pg10103.cover.small.jpg', 6),
(1982, 119, 'https://www.gutenberg.org/cache/epub/10103/pg10103-h.zip', 7),
(1983, 120, 'https://www.gutenberg.org/ebooks/10104.html.images', 1),
(1984, 120, 'https://www.gutenberg.org/files/10104/10104-h/10104-h.htm', 9),
(1985, 120, 'https://www.gutenberg.org/files/10104/10104-h.zip', 9),
(1986, 120, 'https://www.gutenberg.org/ebooks/10104.epub3.images', 2),
(1987, 120, 'https://www.gutenberg.org/ebooks/10104.epub.images', 2),
(1988, 120, 'https://www.gutenberg.org/ebooks/10104.epub.noimages', 2),
(1989, 120, 'https://www.gutenberg.org/ebooks/10104.kf8.images', 3),
(1990, 120, 'https://www.gutenberg.org/ebooks/10104.kindle.images', 3),
(1991, 120, 'https://www.gutenberg.org/ebooks/10104.kindle.noimages', 3),
(1992, 120, 'https://www.gutenberg.org/ebooks/10104.txt.utf-8', 4),
(1993, 120, 'https://www.gutenberg.org/files/10104/10104-8.txt', 10),
(1994, 120, 'https://www.gutenberg.org/files/10104/10104-8.zip', 10),
(1995, 120, 'https://www.gutenberg.org/files/10104/10104.txt', 4),
(1996, 120, 'https://www.gutenberg.org/files/10104/10104.zip', 4),
(1997, 120, 'https://www.gutenberg.org/ebooks/10104.rdf', 5),
(1998, 120, 'https://www.gutenberg.org/cache/epub/10104/pg10104.cover.medium.jpg', 6),
(1999, 120, 'https://www.gutenberg.org/cache/epub/10104/pg10104.cover.small.jpg', 6),
(2000, 120, 'https://www.gutenberg.org/cache/epub/10104/pg10104-h.zip', 7),
(2001, 121, 'https://www.gutenberg.org/ebooks/10105.html.images', 1),
(2002, 121, 'https://www.gutenberg.org/files/10105/10105-h/10105-h.htm', 9),
(2003, 121, 'https://www.gutenberg.org/files/10105/10105-h.zip', 9),
(2004, 121, 'https://www.gutenberg.org/ebooks/10105.epub3.images', 2),
(2005, 121, 'https://www.gutenberg.org/ebooks/10105.epub.images', 2),
(2006, 121, 'https://www.gutenberg.org/ebooks/10105.epub.noimages', 2),
(2007, 121, 'https://www.gutenberg.org/ebooks/10105.kf8.images', 3),
(2008, 121, 'https://www.gutenberg.org/ebooks/10105.kindle.images', 3),
(2009, 121, 'https://www.gutenberg.org/ebooks/10105.kindle.noimages', 3),
(2010, 121, 'https://www.gutenberg.org/ebooks/10105.txt.utf-8', 4),
(2011, 121, 'https://www.gutenberg.org/files/10105/10105-8.txt', 10),
(2012, 121, 'https://www.gutenberg.org/files/10105/10105-8.zip', 10),
(2013, 121, 'https://www.gutenberg.org/files/10105/10105.txt', 4),
(2014, 121, 'https://www.gutenberg.org/files/10105/10105.zip', 4),
(2015, 121, 'https://www.gutenberg.org/ebooks/10105.rdf', 5),
(2016, 121, 'https://www.gutenberg.org/cache/epub/10105/pg10105.cover.medium.jpg', 6),
(2017, 121, 'https://www.gutenberg.org/cache/epub/10105/pg10105.cover.small.jpg', 6),
(2018, 121, 'https://www.gutenberg.org/cache/epub/10105/pg10105-h.zip', 7),
(2019, 122, 'https://www.gutenberg.org/ebooks/10106.html.images', 1),
(2020, 122, 'https://www.gutenberg.org/files/10106/10106-h/10106-h.htm', 9),
(2021, 122, 'https://www.gutenberg.org/files/10106/10106-h.zip', 9),
(2022, 122, 'https://www.gutenberg.org/ebooks/10106.epub3.images', 2),
(2023, 122, 'https://www.gutenberg.org/ebooks/10106.epub.images', 2),
(2024, 122, 'https://www.gutenberg.org/ebooks/10106.epub.noimages', 2),
(2025, 122, 'https://www.gutenberg.org/ebooks/10106.kf8.images', 3),
(2026, 122, 'https://www.gutenberg.org/ebooks/10106.kindle.images', 3),
(2027, 122, 'https://www.gutenberg.org/ebooks/10106.kindle.noimages', 3),
(2028, 122, 'https://www.gutenberg.org/ebooks/10106.txt.utf-8', 4),
(2029, 122, 'https://www.gutenberg.org/files/10106/10106-8.txt', 10),
(2030, 122, 'https://www.gutenberg.org/files/10106/10106-8.zip', 10),
(2031, 122, 'https://www.gutenberg.org/files/10106/10106.txt', 4),
(2032, 122, 'https://www.gutenberg.org/files/10106/10106.zip', 4),
(2033, 122, 'https://www.gutenberg.org/ebooks/10106.rdf', 5),
(2034, 122, 'https://www.gutenberg.org/cache/epub/10106/pg10106.cover.medium.jpg', 6),
(2035, 122, 'https://www.gutenberg.org/cache/epub/10106/pg10106.cover.small.jpg', 6),
(2036, 122, 'https://www.gutenberg.org/cache/epub/10106/pg10106-h.zip', 7),
(2037, 123, 'https://www.gutenberg.org/ebooks/10107.html.images', 1),
(2038, 123, 'https://www.gutenberg.org/ebooks/10107.html.noimages', 1),
(2039, 123, 'https://www.gutenberg.org/ebooks/10107.epub3.images', 2),
(2040, 123, 'https://www.gutenberg.org/ebooks/10107.epub.images', 2),
(2041, 123, 'https://www.gutenberg.org/ebooks/10107.epub.noimages', 2),
(2042, 123, 'https://www.gutenberg.org/ebooks/10107.kf8.images', 3),
(2043, 123, 'https://www.gutenberg.org/ebooks/10107.kindle.images', 3),
(2044, 123, 'https://www.gutenberg.org/ebooks/10107.kindle.noimages', 3),
(2045, 123, 'https://www.gutenberg.org/ebooks/10107.txt.utf-8', 4),
(2046, 123, 'https://www.gutenberg.org/files/10107/10107-8.txt', 10),
(2047, 123, 'https://www.gutenberg.org/files/10107/10107-8.zip', 10),
(2048, 123, 'https://www.gutenberg.org/files/10107/10107.txt', 4),
(2049, 123, 'https://www.gutenberg.org/files/10107/10107.zip', 4),
(2050, 123, 'https://www.gutenberg.org/ebooks/10107.rdf', 5),
(2051, 123, 'https://www.gutenberg.org/cache/epub/10107/pg10107.cover.medium.jpg', 6),
(2052, 123, 'https://www.gutenberg.org/cache/epub/10107/pg10107.cover.small.jpg', 6),
(2053, 123, 'https://www.gutenberg.org/cache/epub/10107/pg10107-h.zip', 7),
(2054, 124, 'https://www.gutenberg.org/ebooks/10108.html.images', 1),
(2055, 124, 'https://www.gutenberg.org/ebooks/10108.html.noimages', 1),
(2056, 124, 'https://www.gutenberg.org/ebooks/10108.epub3.images', 2),
(2057, 124, 'https://www.gutenberg.org/ebooks/10108.epub.images', 2),
(2058, 124, 'https://www.gutenberg.org/ebooks/10108.epub.noimages', 2),
(2059, 124, 'https://www.gutenberg.org/ebooks/10108.kf8.images', 3),
(2060, 124, 'https://www.gutenberg.org/ebooks/10108.kindle.images', 3),
(2061, 124, 'https://www.gutenberg.org/ebooks/10108.kindle.noimages', 3),
(2062, 124, 'https://www.gutenberg.org/ebooks/10108.txt.utf-8', 4),
(2063, 124, 'https://www.gutenberg.org/files/10108/10108.txt', 4),
(2064, 124, 'https://www.gutenberg.org/files/10108/10108.zip', 4),
(2065, 124, 'https://www.gutenberg.org/ebooks/10108.rdf', 5),
(2066, 124, 'https://www.gutenberg.org/cache/epub/10108/pg10108.cover.medium.jpg', 6),
(2067, 124, 'https://www.gutenberg.org/cache/epub/10108/pg10108.cover.small.jpg', 6),
(2068, 124, 'https://www.gutenberg.org/cache/epub/10108/pg10108-h.zip', 7),
(2069, 125, 'https://www.gutenberg.org/ebooks/10109.html.images', 1),
(2070, 125, 'https://www.gutenberg.org/ebooks/10109.html.noimages', 1),
(2071, 125, 'https://www.gutenberg.org/ebooks/10109.epub3.images', 2),
(2072, 125, 'https://www.gutenberg.org/ebooks/10109.epub.images', 2),
(2073, 125, 'https://www.gutenberg.org/ebooks/10109.epub.noimages', 2),
(2074, 125, 'https://www.gutenberg.org/ebooks/10109.kf8.images', 3),
(2075, 125, 'https://www.gutenberg.org/ebooks/10109.kindle.images', 3),
(2076, 125, 'https://www.gutenberg.org/ebooks/10109.kindle.noimages', 3),
(2077, 125, 'https://www.gutenberg.org/ebooks/10109.txt.utf-8', 4),
(2078, 125, 'https://www.gutenberg.org/files/10109/10109.txt', 4),
(2079, 125, 'https://www.gutenberg.org/files/10109/10109.zip', 4),
(2080, 125, 'https://www.gutenberg.org/ebooks/10109.rdf', 5),
(2081, 125, 'https://www.gutenberg.org/cache/epub/10109/pg10109.cover.medium.jpg', 6),
(2082, 125, 'https://www.gutenberg.org/cache/epub/10109/pg10109.cover.small.jpg', 6),
(2083, 125, 'https://www.gutenberg.org/cache/epub/10109/pg10109-h.zip', 7),
(2084, 126, 'https://www.gutenberg.org/ebooks/1011.html.images', 1),
(2085, 126, 'https://www.gutenberg.org/files/1011/1011-h/1011-h.htm', 9),
(2086, 126, 'https://www.gutenberg.org/files/1011/1011-h.zip', 9),
(2087, 126, 'https://www.gutenberg.org/ebooks/1011.epub3.images', 2),
(2088, 126, 'https://www.gutenberg.org/ebooks/1011.epub.images', 2),
(2089, 126, 'https://www.gutenberg.org/ebooks/1011.epub.noimages', 2),
(2090, 126, 'https://www.gutenberg.org/ebooks/1011.kf8.images', 3),
(2091, 126, 'https://www.gutenberg.org/ebooks/1011.kindle.images', 3),
(2092, 126, 'https://www.gutenberg.org/ebooks/1011.kindle.noimages', 3),
(2093, 126, 'https://www.gutenberg.org/ebooks/1011.txt.utf-8', 4),
(2094, 126, 'https://www.gutenberg.org/files/1011/1011-8.txt', 10),
(2095, 126, 'https://www.gutenberg.org/files/1011/1011-8.zip', 10),
(2096, 126, 'https://www.gutenberg.org/ebooks/1011.rdf', 5),
(2097, 126, 'https://www.gutenberg.org/cache/epub/1011/pg1011.cover.medium.jpg', 6),
(2098, 126, 'https://www.gutenberg.org/cache/epub/1011/pg1011.cover.small.jpg', 6),
(2099, 126, 'https://www.gutenberg.org/cache/epub/1011/pg1011-h.zip', 7),
(2100, 127, 'https://www.gutenberg.org/ebooks/10110.html.images', 1),
(2101, 127, 'https://www.gutenberg.org/files/10110/10110-h/10110-h.htm', 1),
(2102, 127, 'https://www.gutenberg.org/ebooks/10110.epub3.images', 2),
(2103, 127, 'https://www.gutenberg.org/ebooks/10110.epub.images', 2),
(2104, 127, 'https://www.gutenberg.org/ebooks/10110.epub.noimages', 2),
(2105, 127, 'https://www.gutenberg.org/ebooks/10110.kf8.images', 3),
(2106, 127, 'https://www.gutenberg.org/ebooks/10110.kindle.images', 3),
(2107, 127, 'https://www.gutenberg.org/ebooks/10110.kindle.noimages', 3),
(2108, 127, 'https://www.gutenberg.org/ebooks/10110.txt.utf-8', 4),
(2109, 127, 'https://www.gutenberg.org/files/10110/10110-0.txt', 4),
(2110, 127, 'https://www.gutenberg.org/ebooks/10110.rdf', 5),
(2111, 127, 'https://www.gutenberg.org/cache/epub/10110/pg10110.cover.medium.jpg', 6),
(2112, 127, 'https://www.gutenberg.org/cache/epub/10110/pg10110.cover.small.jpg', 6),
(2113, 127, 'https://www.gutenberg.org/files/10110/10110-0.zip', 7),
(2114, 127, 'https://www.gutenberg.org/files/10110/10110-h.zip', 7),
(2115, 127, 'https://www.gutenberg.org/cache/epub/10110/pg10110-h.zip', 7),
(2116, 128, 'https://www.gutenberg.org/ebooks/10111.html.images', 1),
(2117, 128, 'https://www.gutenberg.org/ebooks/10111.html.noimages', 1),
(2118, 128, 'https://www.gutenberg.org/ebooks/10111.epub3.images', 2),
(2119, 128, 'https://www.gutenberg.org/ebooks/10111.epub.images', 2),
(2120, 128, 'https://www.gutenberg.org/ebooks/10111.epub.noimages', 2),
(2121, 128, 'https://www.gutenberg.org/ebooks/10111.kf8.images', 3),
(2122, 128, 'https://www.gutenberg.org/ebooks/10111.kindle.images', 3),
(2123, 128, 'https://www.gutenberg.org/ebooks/10111.kindle.noimages', 3),
(2124, 128, 'https://www.gutenberg.org/ebooks/10111.txt.utf-8', 4),
(2125, 128, 'https://www.gutenberg.org/files/10111/10111-8.txt', 10),
(2126, 128, 'https://www.gutenberg.org/files/10111/10111-8.zip', 10),
(2127, 128, 'https://www.gutenberg.org/files/10111/10111.txt', 4),
(2128, 128, 'https://www.gutenberg.org/files/10111/10111.zip', 4),
(2129, 128, 'https://www.gutenberg.org/ebooks/10111.rdf', 5),
(2130, 128, 'https://www.gutenberg.org/cache/epub/10111/pg10111.cover.medium.jpg', 6),
(2131, 128, 'https://www.gutenberg.org/cache/epub/10111/pg10111.cover.small.jpg', 6),
(2132, 128, 'https://www.gutenberg.org/cache/epub/10111/pg10111-h.zip', 7),
(2133, 129, 'https://www.gutenberg.org/ebooks/10112.html.images', 1),
(2134, 129, 'https://www.gutenberg.org/files/10112/10112-h/10112-h.htm', 9),
(2135, 129, 'https://www.gutenberg.org/files/10112/10112-h.zip', 9),
(2136, 129, 'https://www.gutenberg.org/ebooks/10112.epub3.images', 2),
(2137, 129, 'https://www.gutenberg.org/ebooks/10112.epub.images', 2),
(2138, 129, 'https://www.gutenberg.org/ebooks/10112.epub.noimages', 2),
(2139, 129, 'https://www.gutenberg.org/ebooks/10112.kf8.images', 3),
(2140, 129, 'https://www.gutenberg.org/ebooks/10112.kindle.images', 3),
(2141, 129, 'https://www.gutenberg.org/ebooks/10112.kindle.noimages', 3),
(2142, 129, 'https://www.gutenberg.org/ebooks/10112.txt.utf-8', 4),
(2143, 129, 'https://www.gutenberg.org/files/10112/10112-8.txt', 10),
(2144, 129, 'https://www.gutenberg.org/files/10112/10112-8.zip', 10),
(2145, 129, 'https://www.gutenberg.org/files/10112/10112.txt', 4),
(2146, 129, 'https://www.gutenberg.org/files/10112/10112.zip', 4),
(2147, 129, 'https://www.gutenberg.org/ebooks/10112.rdf', 5),
(2148, 129, 'https://www.gutenberg.org/cache/epub/10112/pg10112.cover.medium.jpg', 6),
(2149, 129, 'https://www.gutenberg.org/cache/epub/10112/pg10112.cover.small.jpg', 6),
(2150, 129, 'https://www.gutenberg.org/cache/epub/10112/pg10112-h.zip', 7),
(2151, 130, 'https://www.gutenberg.org/ebooks/10113.html.images', 1),
(2152, 130, 'https://www.gutenberg.org/ebooks/10113.html.noimages', 1),
(2153, 130, 'https://www.gutenberg.org/ebooks/10113.epub3.images', 2),
(2154, 130, 'https://www.gutenberg.org/ebooks/10113.epub.images', 2),
(2155, 130, 'https://www.gutenberg.org/ebooks/10113.epub.noimages', 2),
(2156, 130, 'https://www.gutenberg.org/ebooks/10113.kf8.images', 3),
(2157, 130, 'https://www.gutenberg.org/ebooks/10113.kindle.images', 3),
(2158, 130, 'https://www.gutenberg.org/ebooks/10113.kindle.noimages', 3),
(2159, 130, 'https://www.gutenberg.org/ebooks/10113.txt.utf-8', 4),
(2160, 130, 'https://www.gutenberg.org/files/10113/10113-8.txt', 10),
(2161, 130, 'https://www.gutenberg.org/files/10113/10113.txt', 10),
(2162, 130, 'https://www.gutenberg.org/files/10113/10113-8.zip', 10),
(2163, 130, 'https://www.gutenberg.org/files/10113/10113.zip', 10),
(2164, 130, 'https://www.gutenberg.org/ebooks/10113.rdf', 5),
(2165, 130, 'https://www.gutenberg.org/cache/epub/10113/pg10113.cover.medium.jpg', 6),
(2166, 130, 'https://www.gutenberg.org/cache/epub/10113/pg10113.cover.small.jpg', 6),
(2167, 130, 'https://www.gutenberg.org/cache/epub/10113/pg10113-h.zip', 7),
(2168, 131, 'https://www.gutenberg.org/ebooks/10114.html.images', 1),
(2169, 131, 'https://www.gutenberg.org/files/10114/10114-h/10114-h.htm', 1),
(2170, 131, 'https://www.gutenberg.org/ebooks/10114.epub3.images', 2),
(2171, 131, 'https://www.gutenberg.org/ebooks/10114.epub.images', 2),
(2172, 131, 'https://www.gutenberg.org/ebooks/10114.epub.noimages', 2),
(2173, 131, 'https://www.gutenberg.org/ebooks/10114.kf8.images', 3),
(2174, 131, 'https://www.gutenberg.org/ebooks/10114.kindle.images', 3),
(2175, 131, 'https://www.gutenberg.org/ebooks/10114.kindle.noimages', 3),
(2176, 131, 'https://www.gutenberg.org/ebooks/10114.txt.utf-8', 4),
(2177, 131, 'https://www.gutenberg.org/files/10114/10114-0.txt', 4),
(2178, 131, 'https://www.gutenberg.org/ebooks/10114.rdf', 5),
(2179, 131, 'https://www.gutenberg.org/cache/epub/10114/pg10114.cover.medium.jpg', 6),
(2180, 131, 'https://www.gutenberg.org/cache/epub/10114/pg10114.cover.small.jpg', 6),
(2181, 131, 'https://www.gutenberg.org/files/10114/10114-0.zip', 7),
(2182, 131, 'https://www.gutenberg.org/files/10114/10114-h.zip', 7);
INSERT INTO `booklinks` (`Link_id`, `Book_id`, `Link`, `type_id`) VALUES
(2183, 131, 'https://www.gutenberg.org/cache/epub/10114/pg10114-h.zip', 7),
(2184, 132, 'https://www.gutenberg.org/ebooks/10115.html.images', 1),
(2185, 132, 'https://www.gutenberg.org/files/10115/10115-h/10115-h.htm', 1),
(2186, 132, 'https://www.gutenberg.org/ebooks/10115.epub3.images', 2),
(2187, 132, 'https://www.gutenberg.org/ebooks/10115.epub.images', 2),
(2188, 132, 'https://www.gutenberg.org/ebooks/10115.epub.noimages', 2),
(2189, 132, 'https://www.gutenberg.org/ebooks/10115.kf8.images', 3),
(2190, 132, 'https://www.gutenberg.org/ebooks/10115.kindle.images', 3),
(2191, 132, 'https://www.gutenberg.org/ebooks/10115.kindle.noimages', 3),
(2192, 132, 'https://www.gutenberg.org/ebooks/10115.txt.utf-8', 4),
(2193, 132, 'https://www.gutenberg.org/files/10115/10115-0.txt', 4),
(2194, 132, 'https://www.gutenberg.org/ebooks/10115.rdf', 5),
(2195, 132, 'https://www.gutenberg.org/cache/epub/10115/pg10115.cover.medium.jpg', 6),
(2196, 132, 'https://www.gutenberg.org/cache/epub/10115/pg10115.cover.small.jpg', 6),
(2197, 132, 'https://www.gutenberg.org/files/10115/10115-0.zip', 7),
(2198, 132, 'https://www.gutenberg.org/files/10115/10115-h.zip', 7),
(2199, 132, 'https://www.gutenberg.org/cache/epub/10115/pg10115-h.zip', 7),
(2200, 133, 'https://www.gutenberg.org/ebooks/10116.html.images', 1),
(2201, 133, 'https://www.gutenberg.org/files/10116/10116-h/10116-h.htm', 1),
(2202, 133, 'https://www.gutenberg.org/files/10116/10116-h.zip', 1),
(2203, 133, 'https://www.gutenberg.org/ebooks/10116.epub3.images', 2),
(2204, 133, 'https://www.gutenberg.org/ebooks/10116.epub.images', 2),
(2205, 133, 'https://www.gutenberg.org/ebooks/10116.epub.noimages', 2),
(2206, 133, 'https://www.gutenberg.org/ebooks/10116.kf8.images', 3),
(2207, 133, 'https://www.gutenberg.org/ebooks/10116.kindle.images', 3),
(2208, 133, 'https://www.gutenberg.org/ebooks/10116.kindle.noimages', 3),
(2209, 133, 'https://www.gutenberg.org/ebooks/10116.txt.utf-8', 4),
(2210, 133, 'https://www.gutenberg.org/files/10116/10116.txt', 4),
(2211, 133, 'https://www.gutenberg.org/files/10116/10116.zip', 4),
(2212, 133, 'https://www.gutenberg.org/ebooks/10116.rdf', 5),
(2213, 133, 'https://www.gutenberg.org/cache/epub/10116/pg10116.cover.medium.jpg', 6),
(2214, 133, 'https://www.gutenberg.org/cache/epub/10116/pg10116.cover.small.jpg', 6),
(2215, 133, 'https://www.gutenberg.org/cache/epub/10116/pg10116-h.zip', 7),
(2216, 134, 'https://www.gutenberg.org/ebooks/10117.html.images', 1),
(2217, 134, 'https://www.gutenberg.org/ebooks/10117.html.noimages', 1),
(2218, 134, 'https://www.gutenberg.org/ebooks/10117.epub3.images', 2),
(2219, 134, 'https://www.gutenberg.org/ebooks/10117.epub.images', 2),
(2220, 134, 'https://www.gutenberg.org/ebooks/10117.epub.noimages', 2),
(2221, 134, 'https://www.gutenberg.org/ebooks/10117.kf8.images', 3),
(2222, 134, 'https://www.gutenberg.org/ebooks/10117.kindle.images', 3),
(2223, 134, 'https://www.gutenberg.org/ebooks/10117.kindle.noimages', 3),
(2224, 134, 'https://www.gutenberg.org/ebooks/10117.txt.utf-8', 4),
(2225, 134, 'https://www.gutenberg.org/files/10117/10117-8.txt', 10),
(2226, 134, 'https://www.gutenberg.org/files/10117/10117-8.zip', 10),
(2227, 134, 'https://www.gutenberg.org/files/10117/10117.txt', 4),
(2228, 134, 'https://www.gutenberg.org/files/10117/10117.zip', 4),
(2229, 134, 'https://www.gutenberg.org/ebooks/10117.rdf', 5),
(2230, 134, 'https://www.gutenberg.org/cache/epub/10117/pg10117.cover.medium.jpg', 6),
(2231, 134, 'https://www.gutenberg.org/cache/epub/10117/pg10117.cover.small.jpg', 6),
(2232, 134, 'https://www.gutenberg.org/cache/epub/10117/pg10117-h.zip', 7),
(2233, 135, 'https://www.gutenberg.org/ebooks/10118.html.images', 1),
(2234, 135, 'https://www.gutenberg.org/ebooks/10118.html.noimages', 1),
(2235, 135, 'https://www.gutenberg.org/ebooks/10118.epub3.images', 2),
(2236, 135, 'https://www.gutenberg.org/ebooks/10118.epub.images', 2),
(2237, 135, 'https://www.gutenberg.org/ebooks/10118.epub.noimages', 2),
(2238, 135, 'https://www.gutenberg.org/ebooks/10118.kf8.images', 3),
(2239, 135, 'https://www.gutenberg.org/ebooks/10118.kindle.images', 3),
(2240, 135, 'https://www.gutenberg.org/ebooks/10118.kindle.noimages', 3),
(2241, 135, 'https://www.gutenberg.org/ebooks/10118.txt.utf-8', 4),
(2242, 135, 'https://www.gutenberg.org/files/10118/10118-8.txt', 10),
(2243, 135, 'https://www.gutenberg.org/files/10118/10118-8.zip', 10),
(2244, 135, 'https://www.gutenberg.org/files/10118/10118.txt', 4),
(2245, 135, 'https://www.gutenberg.org/files/10118/10118.zip', 4),
(2246, 135, 'https://www.gutenberg.org/ebooks/10118.rdf', 5),
(2247, 135, 'https://www.gutenberg.org/cache/epub/10118/pg10118.cover.medium.jpg', 6),
(2248, 135, 'https://www.gutenberg.org/cache/epub/10118/pg10118.cover.small.jpg', 6),
(2249, 135, 'https://www.gutenberg.org/cache/epub/10118/pg10118-h.zip', 7),
(2250, 136, 'https://www.gutenberg.org/ebooks/10119.html.images', 1),
(2251, 136, 'https://www.gutenberg.org/files/10119/10119-h/10119-h.htm', 9),
(2252, 136, 'https://www.gutenberg.org/files/10119/10119-h.zip', 1),
(2253, 136, 'https://www.gutenberg.org/ebooks/10119.epub3.images', 2),
(2254, 136, 'https://www.gutenberg.org/ebooks/10119.epub.images', 2),
(2255, 136, 'https://www.gutenberg.org/ebooks/10119.epub.noimages', 2),
(2256, 136, 'https://www.gutenberg.org/ebooks/10119.kf8.images', 3),
(2257, 136, 'https://www.gutenberg.org/ebooks/10119.kindle.images', 3),
(2258, 136, 'https://www.gutenberg.org/ebooks/10119.kindle.noimages', 3),
(2259, 136, 'https://www.gutenberg.org/ebooks/10119.txt.utf-8', 4),
(2260, 136, 'https://www.gutenberg.org/files/10119/10119-8.txt', 10),
(2261, 136, 'https://www.gutenberg.org/files/10119/10119-8.zip', 10),
(2262, 136, 'https://www.gutenberg.org/files/10119/10119.txt', 4),
(2263, 136, 'https://www.gutenberg.org/files/10119/10119.zip', 4),
(2264, 136, 'https://www.gutenberg.org/ebooks/10119.rdf', 5),
(2265, 136, 'https://www.gutenberg.org/cache/epub/10119/pg10119.cover.medium.jpg', 6),
(2266, 136, 'https://www.gutenberg.org/cache/epub/10119/pg10119.cover.small.jpg', 6),
(2267, 136, 'https://www.gutenberg.org/cache/epub/10119/pg10119-h.zip', 7),
(2268, 137, 'https://www.gutenberg.org/ebooks/1012.html.images', 1),
(2269, 137, 'https://www.gutenberg.org/files/1012/1012-h/1012-h.htm', 9),
(2270, 137, 'https://www.gutenberg.org/files/1012/1012-h.zip', 9),
(2271, 137, 'https://www.gutenberg.org/ebooks/1012.epub3.images', 2),
(2272, 137, 'https://www.gutenberg.org/ebooks/1012.epub.images', 2),
(2273, 137, 'https://www.gutenberg.org/ebooks/1012.epub.noimages', 2),
(2274, 137, 'https://www.gutenberg.org/ebooks/1012.kf8.images', 3),
(2275, 137, 'https://www.gutenberg.org/ebooks/1012.kindle.images', 3),
(2276, 137, 'https://www.gutenberg.org/ebooks/1012.kindle.noimages', 3),
(2277, 137, 'https://www.gutenberg.org/ebooks/1012.txt.utf-8', 4),
(2278, 137, 'https://www.gutenberg.org/files/1012/1012-0.txt', 8),
(2279, 137, 'https://www.gutenberg.org/files/1012/1012-0.zip', 8),
(2280, 137, 'https://www.gutenberg.org/ebooks/1012.rdf', 5),
(2281, 137, 'https://www.gutenberg.org/cache/epub/1012/pg1012.cover.medium.jpg', 6),
(2282, 137, 'https://www.gutenberg.org/cache/epub/1012/pg1012.cover.small.jpg', 6),
(2283, 137, 'https://www.gutenberg.org/cache/epub/1012/pg1012-h.zip', 7),
(2284, 138, 'https://www.gutenberg.org/ebooks/10120.html.images', 1),
(2285, 138, 'https://www.gutenberg.org/files/10120/10120-h/10120-h.htm', 9),
(2286, 138, 'https://www.gutenberg.org/files/10120/10120-h.zip', 9),
(2287, 138, 'https://www.gutenberg.org/ebooks/10120.epub3.images', 2),
(2288, 138, 'https://www.gutenberg.org/ebooks/10120.epub.images', 2),
(2289, 138, 'https://www.gutenberg.org/ebooks/10120.epub.noimages', 2),
(2290, 138, 'https://www.gutenberg.org/ebooks/10120.kf8.images', 3),
(2291, 138, 'https://www.gutenberg.org/ebooks/10120.kindle.images', 3),
(2292, 138, 'https://www.gutenberg.org/ebooks/10120.kindle.noimages', 3),
(2293, 138, 'https://www.gutenberg.org/ebooks/10120.txt.utf-8', 4),
(2294, 138, 'https://www.gutenberg.org/files/10120/10120-8.txt', 10),
(2295, 138, 'https://www.gutenberg.org/files/10120/10120-8.zip', 10),
(2296, 138, 'https://www.gutenberg.org/files/10120/10120.txt', 4),
(2297, 138, 'https://www.gutenberg.org/files/10120/10120.zip', 4),
(2298, 138, 'https://www.gutenberg.org/ebooks/10120.rdf', 5),
(2299, 138, 'https://www.gutenberg.org/cache/epub/10120/pg10120.cover.medium.jpg', 6),
(2300, 138, 'https://www.gutenberg.org/cache/epub/10120/pg10120.cover.small.jpg', 6),
(2301, 138, 'https://www.gutenberg.org/cache/epub/10120/pg10120-h.zip', 7),
(2302, 139, 'https://www.gutenberg.org/ebooks/10121.html.images', 1),
(2303, 139, 'https://www.gutenberg.org/ebooks/10121.html.noimages', 1),
(2304, 139, 'https://www.gutenberg.org/ebooks/10121.epub3.images', 2),
(2305, 139, 'https://www.gutenberg.org/ebooks/10121.epub.images', 2),
(2306, 139, 'https://www.gutenberg.org/ebooks/10121.epub.noimages', 2),
(2307, 139, 'https://www.gutenberg.org/ebooks/10121.kf8.images', 3),
(2308, 139, 'https://www.gutenberg.org/ebooks/10121.kindle.images', 3),
(2309, 139, 'https://www.gutenberg.org/ebooks/10121.kindle.noimages', 3),
(2310, 139, 'https://www.gutenberg.org/ebooks/10121.txt.utf-8', 4),
(2311, 139, 'https://www.gutenberg.org/files/10121/10121-8.txt', 10),
(2312, 139, 'https://www.gutenberg.org/files/10121/10121-8.zip', 10),
(2313, 139, 'https://www.gutenberg.org/files/10121/10121.txt', 4),
(2314, 139, 'https://www.gutenberg.org/files/10121/10121.zip', 4),
(2315, 139, 'https://www.gutenberg.org/ebooks/10121.rdf', 5),
(2316, 139, 'https://www.gutenberg.org/cache/epub/10121/pg10121.cover.medium.jpg', 6),
(2317, 139, 'https://www.gutenberg.org/cache/epub/10121/pg10121.cover.small.jpg', 6),
(2318, 139, 'https://www.gutenberg.org/cache/epub/10121/pg10121-h.zip', 7),
(2319, 140, 'https://www.gutenberg.org/ebooks/10122.html.images', 1),
(2320, 140, 'https://www.gutenberg.org/files/10122/10122-h/10122-h.htm', 1),
(2321, 140, 'https://www.gutenberg.org/files/10122/10122-h.zip', 1),
(2322, 140, 'https://www.gutenberg.org/ebooks/10122.epub3.images', 2),
(2323, 140, 'https://www.gutenberg.org/ebooks/10122.epub.images', 2),
(2324, 140, 'https://www.gutenberg.org/ebooks/10122.epub.noimages', 2),
(2325, 140, 'https://www.gutenberg.org/ebooks/10122.kf8.images', 3),
(2326, 140, 'https://www.gutenberg.org/ebooks/10122.kindle.images', 3),
(2327, 140, 'https://www.gutenberg.org/ebooks/10122.kindle.noimages', 3),
(2328, 140, 'https://www.gutenberg.org/ebooks/10122.txt.utf-8', 4),
(2329, 140, 'https://www.gutenberg.org/files/10122/10122-8.txt', 10),
(2330, 140, 'https://www.gutenberg.org/files/10122/10122-8.zip', 10),
(2331, 140, 'https://www.gutenberg.org/files/10122/10122.txt', 4),
(2332, 140, 'https://www.gutenberg.org/files/10122/10122.zip', 4),
(2333, 140, 'https://www.gutenberg.org/ebooks/10122.rdf', 5),
(2334, 140, 'https://www.gutenberg.org/cache/epub/10122/pg10122.cover.medium.jpg', 6),
(2335, 140, 'https://www.gutenberg.org/cache/epub/10122/pg10122.cover.small.jpg', 6),
(2336, 140, 'https://www.gutenberg.org/cache/epub/10122/pg10122-h.zip', 7),
(2337, 141, 'https://www.gutenberg.org/ebooks/10123.html.images', 1),
(2338, 141, 'https://www.gutenberg.org/ebooks/10123.html.noimages', 1),
(2339, 141, 'https://www.gutenberg.org/ebooks/10123.epub3.images', 2),
(2340, 141, 'https://www.gutenberg.org/ebooks/10123.epub.images', 2),
(2341, 141, 'https://www.gutenberg.org/ebooks/10123.epub.noimages', 2),
(2342, 141, 'https://www.gutenberg.org/ebooks/10123.kf8.images', 3),
(2343, 141, 'https://www.gutenberg.org/ebooks/10123.kindle.images', 3),
(2344, 141, 'https://www.gutenberg.org/ebooks/10123.kindle.noimages', 3),
(2345, 141, 'https://www.gutenberg.org/ebooks/10123.txt.utf-8', 4),
(2346, 141, 'https://www.gutenberg.org/files/10123/10123.txt', 4),
(2347, 141, 'https://www.gutenberg.org/files/10123/10123.zip', 4),
(2348, 141, 'https://www.gutenberg.org/ebooks/10123.rdf', 5),
(2349, 141, 'https://www.gutenberg.org/cache/epub/10123/pg10123.cover.medium.jpg', 6),
(2350, 141, 'https://www.gutenberg.org/cache/epub/10123/pg10123.cover.small.jpg', 6),
(2351, 141, 'https://www.gutenberg.org/cache/epub/10123/pg10123-h.zip', 7),
(2352, 142, 'https://www.gutenberg.org/ebooks/10124.html.images', 1),
(2353, 142, 'https://www.gutenberg.org/ebooks/10124.html.noimages', 1),
(2354, 142, 'https://www.gutenberg.org/ebooks/10124.epub3.images', 2),
(2355, 142, 'https://www.gutenberg.org/ebooks/10124.epub.images', 2),
(2356, 142, 'https://www.gutenberg.org/ebooks/10124.epub.noimages', 2),
(2357, 142, 'https://www.gutenberg.org/ebooks/10124.kf8.images', 3),
(2358, 142, 'https://www.gutenberg.org/ebooks/10124.kindle.images', 3),
(2359, 142, 'https://www.gutenberg.org/ebooks/10124.kindle.noimages', 3),
(2360, 142, 'https://www.gutenberg.org/ebooks/10124.txt.utf-8', 4),
(2361, 142, 'https://www.gutenberg.org/files/10124/10124-8.txt', 10),
(2362, 142, 'https://www.gutenberg.org/files/10124/10124-8.zip', 10),
(2363, 142, 'https://www.gutenberg.org/files/10124/10124.txt', 4),
(2364, 142, 'https://www.gutenberg.org/files/10124/10124.zip', 4),
(2365, 142, 'https://www.gutenberg.org/ebooks/10124.rdf', 5),
(2366, 142, 'https://www.gutenberg.org/cache/epub/10124/pg10124.cover.medium.jpg', 6),
(2367, 142, 'https://www.gutenberg.org/cache/epub/10124/pg10124.cover.small.jpg', 6),
(2368, 142, 'https://www.gutenberg.org/cache/epub/10124/pg10124-h.zip', 7),
(2369, 143, 'https://www.gutenberg.org/ebooks/10125.html.images', 1),
(2370, 143, 'https://www.gutenberg.org/ebooks/10125.html.noimages', 1),
(2371, 143, 'https://www.gutenberg.org/ebooks/10125.epub3.images', 2),
(2372, 143, 'https://www.gutenberg.org/ebooks/10125.epub.images', 2),
(2373, 143, 'https://www.gutenberg.org/ebooks/10125.epub.noimages', 2),
(2374, 143, 'https://www.gutenberg.org/ebooks/10125.kf8.images', 3),
(2375, 143, 'https://www.gutenberg.org/ebooks/10125.kindle.images', 3),
(2376, 143, 'https://www.gutenberg.org/ebooks/10125.kindle.noimages', 3),
(2377, 143, 'https://www.gutenberg.org/ebooks/10125.txt.utf-8', 4),
(2378, 143, 'https://www.gutenberg.org/files/10125/10125-8.txt', 10),
(2379, 143, 'https://www.gutenberg.org/files/10125/10125-8.zip', 10),
(2380, 143, 'https://www.gutenberg.org/files/10125/10125.txt', 4),
(2381, 143, 'https://www.gutenberg.org/files/10125/10125.zip', 4),
(2382, 143, 'https://www.gutenberg.org/ebooks/10125.rdf', 5),
(2383, 143, 'https://www.gutenberg.org/cache/epub/10125/pg10125.cover.medium.jpg', 6),
(2384, 143, 'https://www.gutenberg.org/cache/epub/10125/pg10125.cover.small.jpg', 6),
(2385, 143, 'https://www.gutenberg.org/cache/epub/10125/pg10125-h.zip', 7),
(2386, 144, 'https://www.gutenberg.org/ebooks/10126.html.images', 1),
(2387, 144, 'https://www.gutenberg.org/files/10126/10126-h/10126-h.htm', 1),
(2388, 144, 'https://www.gutenberg.org/files/10126/10126-h.zip', 1),
(2389, 144, 'https://www.gutenberg.org/ebooks/10126.epub3.images', 2),
(2390, 144, 'https://www.gutenberg.org/ebooks/10126.epub.images', 2),
(2391, 144, 'https://www.gutenberg.org/ebooks/10126.epub.noimages', 2),
(2392, 144, 'https://www.gutenberg.org/ebooks/10126.kf8.images', 3),
(2393, 144, 'https://www.gutenberg.org/ebooks/10126.kindle.images', 3),
(2394, 144, 'https://www.gutenberg.org/ebooks/10126.kindle.noimages', 3),
(2395, 144, 'https://www.gutenberg.org/ebooks/10126.txt.utf-8', 4),
(2396, 144, 'https://www.gutenberg.org/files/10126/10126.txt', 4),
(2397, 144, 'https://www.gutenberg.org/files/10126/10126.zip', 4),
(2398, 144, 'https://www.gutenberg.org/ebooks/10126.rdf', 5),
(2399, 144, 'https://www.gutenberg.org/cache/epub/10126/pg10126.cover.medium.jpg', 6),
(2400, 144, 'https://www.gutenberg.org/cache/epub/10126/pg10126.cover.small.jpg', 6),
(2401, 144, 'https://www.gutenberg.org/cache/epub/10126/pg10126-h.zip', 7),
(2402, 145, 'https://www.gutenberg.org/ebooks/10127.html.images', 1),
(2403, 145, 'https://www.gutenberg.org/ebooks/10127.html.noimages', 1),
(2404, 145, 'https://www.gutenberg.org/ebooks/10127.epub3.images', 2),
(2405, 145, 'https://www.gutenberg.org/ebooks/10127.epub.images', 2),
(2406, 145, 'https://www.gutenberg.org/ebooks/10127.epub.noimages', 2),
(2407, 145, 'https://www.gutenberg.org/ebooks/10127.kf8.images', 3),
(2408, 145, 'https://www.gutenberg.org/ebooks/10127.kindle.images', 3),
(2409, 145, 'https://www.gutenberg.org/ebooks/10127.kindle.noimages', 3),
(2410, 145, 'https://www.gutenberg.org/ebooks/10127.txt.utf-8', 4),
(2411, 145, 'https://www.gutenberg.org/files/10127/10127-8.txt', 10),
(2412, 145, 'https://www.gutenberg.org/files/10127/10127-8.zip', 10),
(2413, 145, 'https://www.gutenberg.org/files/10127/10127.txt', 4),
(2414, 145, 'https://www.gutenberg.org/files/10127/10127.zip', 4),
(2415, 145, 'https://www.gutenberg.org/ebooks/10127.rdf', 5),
(2416, 145, 'https://www.gutenberg.org/cache/epub/10127/pg10127.cover.medium.jpg', 6),
(2417, 145, 'https://www.gutenberg.org/cache/epub/10127/pg10127.cover.small.jpg', 6),
(2418, 145, 'https://www.gutenberg.org/cache/epub/10127/pg10127-h.zip', 7),
(2419, 146, 'https://www.gutenberg.org/ebooks/10128.html.images', 1),
(2420, 146, 'https://www.gutenberg.org/ebooks/10128.html.noimages', 1),
(2421, 146, 'https://www.gutenberg.org/ebooks/10128.epub3.images', 2),
(2422, 146, 'https://www.gutenberg.org/ebooks/10128.epub.images', 2),
(2423, 146, 'https://www.gutenberg.org/ebooks/10128.epub.noimages', 2),
(2424, 146, 'https://www.gutenberg.org/ebooks/10128.kf8.images', 3),
(2425, 146, 'https://www.gutenberg.org/ebooks/10128.kindle.images', 3),
(2426, 146, 'https://www.gutenberg.org/ebooks/10128.kindle.noimages', 3),
(2427, 146, 'https://www.gutenberg.org/ebooks/10128.txt.utf-8', 4),
(2428, 146, 'https://www.gutenberg.org/files/10128/10128-8.txt', 10),
(2429, 146, 'https://www.gutenberg.org/files/10128/10128-8.zip', 10),
(2430, 146, 'https://www.gutenberg.org/files/10128/10128.txt', 4),
(2431, 146, 'https://www.gutenberg.org/files/10128/10128.zip', 4),
(2432, 146, 'https://www.gutenberg.org/ebooks/10128.rdf', 5),
(2433, 146, 'https://www.gutenberg.org/cache/epub/10128/pg10128.cover.medium.jpg', 6),
(2434, 146, 'https://www.gutenberg.org/cache/epub/10128/pg10128.cover.small.jpg', 6),
(2435, 146, 'https://www.gutenberg.org/cache/epub/10128/pg10128-h.zip', 7),
(2436, 147, 'https://www.gutenberg.org/ebooks/10129.html.images', 1),
(2437, 147, 'https://www.gutenberg.org/ebooks/10129.html.noimages', 1),
(2438, 147, 'https://www.gutenberg.org/ebooks/10129.epub3.images', 2),
(2439, 147, 'https://www.gutenberg.org/ebooks/10129.epub.images', 2),
(2440, 147, 'https://www.gutenberg.org/ebooks/10129.epub.noimages', 2),
(2441, 147, 'https://www.gutenberg.org/ebooks/10129.kf8.images', 3),
(2442, 147, 'https://www.gutenberg.org/ebooks/10129.kindle.images', 3),
(2443, 147, 'https://www.gutenberg.org/ebooks/10129.kindle.noimages', 3),
(2444, 147, 'https://www.gutenberg.org/ebooks/10129.txt.utf-8', 4),
(2445, 147, 'https://www.gutenberg.org/files/10129/10129-8.txt', 10),
(2446, 147, 'https://www.gutenberg.org/files/10129/10129-8.zip', 10),
(2447, 147, 'https://www.gutenberg.org/files/10129/10129.txt', 4),
(2448, 147, 'https://www.gutenberg.org/files/10129/10129.zip', 4),
(2449, 147, 'https://www.gutenberg.org/ebooks/10129.rdf', 5),
(2450, 147, 'https://www.gutenberg.org/cache/epub/10129/pg10129.cover.medium.jpg', 6),
(2451, 147, 'https://www.gutenberg.org/cache/epub/10129/pg10129.cover.small.jpg', 6),
(2452, 147, 'https://www.gutenberg.org/cache/epub/10129/pg10129-h.zip', 7),
(2453, 148, 'https://www.gutenberg.org/ebooks/1013.html.images', 1),
(2454, 148, 'https://www.gutenberg.org/files/1013/1013-h/1013-h.htm', 1),
(2455, 148, 'https://www.gutenberg.org/ebooks/1013.epub3.images', 2),
(2456, 148, 'https://www.gutenberg.org/ebooks/1013.epub.images', 2),
(2457, 148, 'https://www.gutenberg.org/ebooks/1013.epub.noimages', 2),
(2458, 148, 'https://www.gutenberg.org/ebooks/1013.kf8.images', 3),
(2459, 148, 'https://www.gutenberg.org/ebooks/1013.kindle.images', 3),
(2460, 148, 'https://www.gutenberg.org/ebooks/1013.kindle.noimages', 3),
(2461, 148, 'https://www.gutenberg.org/ebooks/1013.txt.utf-8', 4),
(2462, 148, 'https://www.gutenberg.org/files/1013/1013-0.txt', 4),
(2463, 148, 'https://www.gutenberg.org/ebooks/1013.rdf', 5),
(2464, 148, 'https://www.gutenberg.org/cache/epub/1013/pg1013.cover.medium.jpg', 6),
(2465, 148, 'https://www.gutenberg.org/cache/epub/1013/pg1013.cover.small.jpg', 6),
(2466, 148, 'https://www.gutenberg.org/cache/epub/1013/pg1013-h.zip', 7),
(2467, 149, 'https://www.gutenberg.org/ebooks/10130.html.images', 1),
(2468, 149, 'https://www.gutenberg.org/ebooks/10130.html.noimages', 1),
(2469, 149, 'https://www.gutenberg.org/ebooks/10130.epub3.images', 2),
(2470, 149, 'https://www.gutenberg.org/ebooks/10130.epub.images', 2),
(2471, 149, 'https://www.gutenberg.org/ebooks/10130.epub.noimages', 2),
(2472, 149, 'https://www.gutenberg.org/ebooks/10130.kf8.images', 3),
(2473, 149, 'https://www.gutenberg.org/ebooks/10130.kindle.images', 3),
(2474, 149, 'https://www.gutenberg.org/ebooks/10130.kindle.noimages', 3),
(2475, 149, 'https://www.gutenberg.org/ebooks/10130.txt.utf-8', 4),
(2476, 149, 'https://www.gutenberg.org/files/10130/10130-8.txt', 10),
(2477, 149, 'https://www.gutenberg.org/files/10130/10130-8.zip', 10),
(2478, 149, 'https://www.gutenberg.org/files/10130/10130.txt', 4),
(2479, 149, 'https://www.gutenberg.org/files/10130/10130.zip', 4),
(2480, 149, 'https://www.gutenberg.org/ebooks/10130.rdf', 5),
(2481, 149, 'https://www.gutenberg.org/cache/epub/10130/pg10130.cover.medium.jpg', 6),
(2482, 149, 'https://www.gutenberg.org/cache/epub/10130/pg10130.cover.small.jpg', 6),
(2483, 149, 'https://www.gutenberg.org/cache/epub/10130/pg10130-h.zip', 7),
(2484, 150, 'https://www.gutenberg.org/ebooks/10131.html.images', 1),
(2485, 150, 'https://www.gutenberg.org/ebooks/10131.html.noimages', 1),
(2486, 150, 'https://www.gutenberg.org/ebooks/10131.epub3.images', 2),
(2487, 150, 'https://www.gutenberg.org/ebooks/10131.epub.images', 2),
(2488, 150, 'https://www.gutenberg.org/ebooks/10131.epub.noimages', 2),
(2489, 150, 'https://www.gutenberg.org/ebooks/10131.kf8.images', 3),
(2490, 150, 'https://www.gutenberg.org/ebooks/10131.kindle.images', 3),
(2491, 150, 'https://www.gutenberg.org/ebooks/10131.kindle.noimages', 3),
(2492, 150, 'https://www.gutenberg.org/ebooks/10131.txt.utf-8', 4),
(2493, 150, 'https://www.gutenberg.org/files/10131/10131.txt', 4),
(2494, 150, 'https://www.gutenberg.org/files/10131/10131.zip', 4),
(2495, 150, 'https://www.gutenberg.org/ebooks/10131.rdf', 5),
(2496, 150, 'https://www.gutenberg.org/cache/epub/10131/pg10131.cover.medium.jpg', 6),
(2497, 150, 'https://www.gutenberg.org/cache/epub/10131/pg10131.cover.small.jpg', 6),
(2498, 150, 'https://www.gutenberg.org/cache/epub/10131/pg10131-h.zip', 7),
(2499, 151, 'https://www.gutenberg.org/ebooks/10132.html.images', 1),
(2500, 151, 'https://www.gutenberg.org/files/10132/10132-h/10132-h.htm', 12),
(2501, 151, 'https://www.gutenberg.org/files/10132/10132-h.zip', 12),
(2502, 151, 'https://www.gutenberg.org/ebooks/10132.epub3.images', 2),
(2503, 151, 'https://www.gutenberg.org/ebooks/10132.epub.images', 2),
(2504, 151, 'https://www.gutenberg.org/ebooks/10132.epub.noimages', 2),
(2505, 151, 'https://www.gutenberg.org/ebooks/10132.kf8.images', 3),
(2506, 151, 'https://www.gutenberg.org/ebooks/10132.kindle.images', 3),
(2507, 151, 'https://www.gutenberg.org/ebooks/10132.kindle.noimages', 3),
(2508, 151, 'https://www.gutenberg.org/ebooks/10132.txt.utf-8', 4),
(2509, 151, 'https://www.gutenberg.org/files/10132/10132-8.txt', 10),
(2510, 151, 'https://www.gutenberg.org/files/10132/10132-8.zip', 10),
(2511, 151, 'https://www.gutenberg.org/files/10132/10132.txt', 4),
(2512, 151, 'https://www.gutenberg.org/files/10132/10132.zip', 4),
(2513, 151, 'https://www.gutenberg.org/ebooks/10132.rdf', 5),
(2514, 151, 'https://www.gutenberg.org/cache/epub/10132/pg10132.cover.medium.jpg', 6),
(2515, 151, 'https://www.gutenberg.org/cache/epub/10132/pg10132.cover.small.jpg', 6),
(2516, 151, 'https://www.gutenberg.org/cache/epub/10132/pg10132-h.zip', 7),
(2517, 152, 'https://www.gutenberg.org/ebooks/10133.html.images', 1),
(2518, 152, 'https://www.gutenberg.org/files/10133/10133-h/10133-h.htm', 9),
(2519, 152, 'https://www.gutenberg.org/files/10133/10133-h.zip', 1),
(2520, 152, 'https://www.gutenberg.org/ebooks/10133.epub3.images', 2),
(2521, 152, 'https://www.gutenberg.org/ebooks/10133.epub.images', 2),
(2522, 152, 'https://www.gutenberg.org/ebooks/10133.epub.noimages', 2),
(2523, 152, 'https://www.gutenberg.org/ebooks/10133.kf8.images', 3),
(2524, 152, 'https://www.gutenberg.org/ebooks/10133.kindle.images', 3),
(2525, 152, 'https://www.gutenberg.org/ebooks/10133.kindle.noimages', 3),
(2526, 152, 'https://www.gutenberg.org/ebooks/10133.txt.utf-8', 4),
(2527, 152, 'https://www.gutenberg.org/files/10133/10133-8.txt', 10),
(2528, 152, 'https://www.gutenberg.org/files/10133/10133-8.zip', 10),
(2529, 152, 'https://www.gutenberg.org/files/10133/10133.txt', 4),
(2530, 152, 'https://www.gutenberg.org/files/10133/10133.zip', 4),
(2531, 152, 'https://www.gutenberg.org/ebooks/10133.rdf', 5),
(2532, 152, 'https://www.gutenberg.org/cache/epub/10133/pg10133.cover.medium.jpg', 6),
(2533, 152, 'https://www.gutenberg.org/cache/epub/10133/pg10133.cover.small.jpg', 6),
(2534, 152, 'https://www.gutenberg.org/cache/epub/10133/pg10133-h.zip', 7),
(2535, 153, 'https://www.gutenberg.org/ebooks/10134.html.images', 1),
(2536, 153, 'https://www.gutenberg.org/files/10134/10134-h/10134-h.htm', 11),
(2537, 153, 'https://www.gutenberg.org/files/10134/10134-h.zip', 11),
(2538, 153, 'https://www.gutenberg.org/ebooks/10134.epub3.images', 2),
(2539, 153, 'https://www.gutenberg.org/ebooks/10134.epub.images', 2),
(2540, 153, 'https://www.gutenberg.org/ebooks/10134.epub.noimages', 2),
(2541, 153, 'https://www.gutenberg.org/ebooks/10134.kf8.images', 3),
(2542, 153, 'https://www.gutenberg.org/ebooks/10134.kindle.images', 3),
(2543, 153, 'https://www.gutenberg.org/ebooks/10134.kindle.noimages', 3),
(2544, 153, 'https://www.gutenberg.org/ebooks/10134.txt.utf-8', 4),
(2545, 153, 'https://www.gutenberg.org/files/10134/10134.txt', 4),
(2546, 153, 'https://www.gutenberg.org/files/10134/10134.zip', 4),
(2547, 153, 'https://www.gutenberg.org/ebooks/10134.rdf', 5),
(2548, 153, 'https://www.gutenberg.org/cache/epub/10134/pg10134.cover.medium.jpg', 6),
(2549, 153, 'https://www.gutenberg.org/cache/epub/10134/pg10134.cover.small.jpg', 6),
(2550, 153, 'https://www.gutenberg.org/cache/epub/10134/pg10134-h.zip', 7),
(2551, 154, 'https://www.gutenberg.org/ebooks/10135.html.images', 1),
(2552, 154, 'https://www.gutenberg.org/ebooks/10135.html.noimages', 1),
(2553, 154, 'https://www.gutenberg.org/ebooks/10135.epub3.images', 2),
(2554, 154, 'https://www.gutenberg.org/ebooks/10135.epub.images', 2),
(2555, 154, 'https://www.gutenberg.org/ebooks/10135.epub.noimages', 2),
(2556, 154, 'https://www.gutenberg.org/ebooks/10135.kf8.images', 3),
(2557, 154, 'https://www.gutenberg.org/ebooks/10135.kindle.images', 3),
(2558, 154, 'https://www.gutenberg.org/ebooks/10135.kindle.noimages', 3),
(2559, 154, 'https://www.gutenberg.org/ebooks/10135.txt.utf-8', 4),
(2560, 154, 'https://www.gutenberg.org/files/10135/10135-8.txt', 10),
(2561, 154, 'https://www.gutenberg.org/files/10135/10135-8.zip', 10),
(2562, 154, 'https://www.gutenberg.org/files/10135/10135.txt', 4),
(2563, 154, 'https://www.gutenberg.org/files/10135/10135.zip', 4),
(2564, 154, 'https://www.gutenberg.org/ebooks/10135.rdf', 5),
(2565, 154, 'https://www.gutenberg.org/cache/epub/10135/pg10135.cover.medium.jpg', 6),
(2566, 154, 'https://www.gutenberg.org/cache/epub/10135/pg10135.cover.small.jpg', 6),
(2567, 154, 'https://www.gutenberg.org/cache/epub/10135/pg10135-h.zip', 7),
(2568, 155, 'https://www.gutenberg.org/ebooks/10136.html.images', 1),
(2569, 155, 'https://www.gutenberg.org/ebooks/10136.html.noimages', 1),
(2570, 155, 'https://www.gutenberg.org/ebooks/10136.epub3.images', 2),
(2571, 155, 'https://www.gutenberg.org/ebooks/10136.epub.images', 2),
(2572, 155, 'https://www.gutenberg.org/ebooks/10136.epub.noimages', 2),
(2573, 155, 'https://www.gutenberg.org/ebooks/10136.kf8.images', 3),
(2574, 155, 'https://www.gutenberg.org/ebooks/10136.kindle.images', 3),
(2575, 155, 'https://www.gutenberg.org/ebooks/10136.kindle.noimages', 3),
(2576, 155, 'https://www.gutenberg.org/ebooks/10136.txt.utf-8', 4),
(2577, 155, 'https://www.gutenberg.org/files/10136/10136-8.txt', 10),
(2578, 155, 'https://www.gutenberg.org/files/10136/10136-8.zip', 10),
(2579, 155, 'https://www.gutenberg.org/files/10136/10136.txt', 4),
(2580, 155, 'https://www.gutenberg.org/files/10136/10136.zip', 4),
(2581, 155, 'https://www.gutenberg.org/ebooks/10136.rdf', 5),
(2582, 155, 'https://www.gutenberg.org/cache/epub/10136/pg10136.cover.medium.jpg', 6),
(2583, 155, 'https://www.gutenberg.org/cache/epub/10136/pg10136.cover.small.jpg', 6),
(2584, 155, 'https://www.gutenberg.org/cache/epub/10136/pg10136-h.zip', 7),
(2585, 156, 'https://www.gutenberg.org/files/10137/10137-m/10137-m-readme.txt', 4),
(2586, 156, 'https://www.gutenberg.org/files/10137/10137-m/10137-m-001.mp3', 13),
(2587, 156, 'https://www.gutenberg.org/ebooks/10137.rdf', 5),
(2588, 156, 'https://www.gutenberg.org/cache/epub/10137/pg10137.cover.medium.jpg', 6),
(2589, 156, 'https://www.gutenberg.org/cache/epub/10137/pg10137.cover.small.jpg', 6),
(2590, 157, 'https://www.gutenberg.org/ebooks/10138.html.images', 1),
(2591, 157, 'https://www.gutenberg.org/files/10138/10138-h/10138-h.htm', 1),
(2592, 157, 'https://www.gutenberg.org/files/10138/10138-h.zip', 1),
(2593, 157, 'https://www.gutenberg.org/ebooks/10138.epub3.images', 2),
(2594, 157, 'https://www.gutenberg.org/ebooks/10138.epub.images', 2),
(2595, 157, 'https://www.gutenberg.org/ebooks/10138.epub.noimages', 2),
(2596, 157, 'https://www.gutenberg.org/ebooks/10138.kf8.images', 3),
(2597, 157, 'https://www.gutenberg.org/ebooks/10138.kindle.images', 3),
(2598, 157, 'https://www.gutenberg.org/ebooks/10138.kindle.noimages', 3),
(2599, 157, 'https://www.gutenberg.org/ebooks/10138.txt.utf-8', 4),
(2600, 157, 'https://www.gutenberg.org/files/10138/10138-8.txt', 10),
(2601, 157, 'https://www.gutenberg.org/files/10138/10138-8.zip', 10),
(2602, 157, 'https://www.gutenberg.org/files/10138/10138.txt', 4),
(2603, 157, 'https://www.gutenberg.org/files/10138/10138.zip', 4),
(2604, 157, 'https://www.gutenberg.org/ebooks/10138.rdf', 5),
(2605, 157, 'https://www.gutenberg.org/cache/epub/10138/pg10138.cover.medium.jpg', 6),
(2606, 157, 'https://www.gutenberg.org/cache/epub/10138/pg10138.cover.small.jpg', 6),
(2607, 157, 'https://www.gutenberg.org/cache/epub/10138/pg10138-h.zip', 7),
(2608, 158, 'https://www.gutenberg.org/ebooks/10139.html.images', 1),
(2609, 158, 'https://www.gutenberg.org/ebooks/10139.html.noimages', 1),
(2610, 158, 'https://www.gutenberg.org/ebooks/10139.epub3.images', 2),
(2611, 158, 'https://www.gutenberg.org/ebooks/10139.epub.images', 2),
(2612, 158, 'https://www.gutenberg.org/ebooks/10139.epub.noimages', 2),
(2613, 158, 'https://www.gutenberg.org/ebooks/10139.kf8.images', 3),
(2614, 158, 'https://www.gutenberg.org/ebooks/10139.kindle.images', 3),
(2615, 158, 'https://www.gutenberg.org/ebooks/10139.kindle.noimages', 3),
(2616, 158, 'https://www.gutenberg.org/ebooks/10139.txt.utf-8', 4),
(2617, 158, 'https://www.gutenberg.org/files/10139/10139-8.txt', 10),
(2618, 158, 'https://www.gutenberg.org/files/10139/10139-8.zip', 10),
(2619, 158, 'https://www.gutenberg.org/files/10139/10139.txt', 4),
(2620, 158, 'https://www.gutenberg.org/files/10139/10139.zip', 4),
(2621, 158, 'https://www.gutenberg.org/ebooks/10139.rdf', 5),
(2622, 158, 'https://www.gutenberg.org/cache/epub/10139/pg10139.cover.medium.jpg', 6),
(2623, 158, 'https://www.gutenberg.org/cache/epub/10139/pg10139.cover.small.jpg', 6),
(2624, 158, 'https://www.gutenberg.org/cache/epub/10139/pg10139-h.zip', 7),
(2625, 159, 'https://www.gutenberg.org/ebooks/1014.html.images', 1),
(2626, 159, 'https://www.gutenberg.org/files/1014/1014-h/1014-h.htm', 12),
(2627, 159, 'https://www.gutenberg.org/files/1014/1014-h.zip', 12),
(2628, 159, 'https://www.gutenberg.org/ebooks/1014.epub3.images', 2),
(2629, 159, 'https://www.gutenberg.org/ebooks/1014.epub.images', 2),
(2630, 159, 'https://www.gutenberg.org/ebooks/1014.epub.noimages', 2),
(2631, 159, 'https://www.gutenberg.org/ebooks/1014.kf8.images', 3),
(2632, 159, 'https://www.gutenberg.org/ebooks/1014.kindle.images', 3),
(2633, 159, 'https://www.gutenberg.org/ebooks/1014.kindle.noimages', 3),
(2634, 159, 'https://www.gutenberg.org/ebooks/1014.txt.utf-8', 4),
(2635, 159, 'https://www.gutenberg.org/files/1014/1014-0.txt', 8),
(2636, 159, 'https://www.gutenberg.org/files/1014/1014-0.zip', 8),
(2637, 159, 'https://www.gutenberg.org/files/1014/1014.txt', 4),
(2638, 159, 'https://www.gutenberg.org/files/1014/1014.zip', 4),
(2639, 159, 'https://www.gutenberg.org/ebooks/1014.rdf', 5),
(2640, 159, 'https://www.gutenberg.org/cache/epub/1014/pg1014.cover.medium.jpg', 6),
(2641, 159, 'https://www.gutenberg.org/cache/epub/1014/pg1014.cover.small.jpg', 6),
(2642, 159, 'https://www.gutenberg.org/cache/epub/1014/pg1014-h.zip', 7),
(2643, 160, 'https://www.gutenberg.org/ebooks/10140.html.images', 1),
(2644, 160, 'https://www.gutenberg.org/files/10140/10140-h/10140-h.htm', 12),
(2645, 160, 'https://www.gutenberg.org/files/10140/10140-h.zip', 1),
(2646, 160, 'https://www.gutenberg.org/ebooks/10140.epub3.images', 2),
(2647, 160, 'https://www.gutenberg.org/ebooks/10140.epub.images', 2),
(2648, 160, 'https://www.gutenberg.org/ebooks/10140.epub.noimages', 2),
(2649, 160, 'https://www.gutenberg.org/ebooks/10140.kf8.images', 3),
(2650, 160, 'https://www.gutenberg.org/ebooks/10140.kindle.images', 3),
(2651, 160, 'https://www.gutenberg.org/ebooks/10140.kindle.noimages', 3),
(2652, 160, 'https://www.gutenberg.org/ebooks/10140.txt.utf-8', 4),
(2653, 160, 'https://www.gutenberg.org/files/10140/10140-0.txt', 8),
(2654, 160, 'https://www.gutenberg.org/files/10140/10140-0.zip', 8),
(2655, 160, 'https://www.gutenberg.org/ebooks/10140.rdf', 5),
(2656, 160, 'https://www.gutenberg.org/cache/epub/10140/pg10140.cover.medium.jpg', 6),
(2657, 160, 'https://www.gutenberg.org/cache/epub/10140/pg10140.cover.small.jpg', 6),
(2658, 160, 'https://www.gutenberg.org/cache/epub/10140/pg10140-h.zip', 7),
(2659, 161, 'https://www.gutenberg.org/ebooks/10141.html.images', 1),
(2660, 161, 'https://www.gutenberg.org/files/10141/10141-h/10141-h.htm', 1),
(2661, 161, 'https://www.gutenberg.org/files/10141/10141-h.zip', 1),
(2662, 161, 'https://www.gutenberg.org/ebooks/10141.epub3.images', 2),
(2663, 161, 'https://www.gutenberg.org/ebooks/10141.epub.images', 2),
(2664, 161, 'https://www.gutenberg.org/ebooks/10141.epub.noimages', 2),
(2665, 161, 'https://www.gutenberg.org/ebooks/10141.kf8.images', 3),
(2666, 161, 'https://www.gutenberg.org/ebooks/10141.kindle.images', 3),
(2667, 161, 'https://www.gutenberg.org/ebooks/10141.kindle.noimages', 3),
(2668, 161, 'https://www.gutenberg.org/ebooks/10141.txt.utf-8', 4),
(2669, 161, 'https://www.gutenberg.org/files/10141/10141.txt', 4),
(2670, 161, 'https://www.gutenberg.org/files/10141/10141.zip', 4),
(2671, 161, 'https://www.gutenberg.org/ebooks/10141.rdf', 5),
(2672, 161, 'https://www.gutenberg.org/cache/epub/10141/pg10141.cover.medium.jpg', 6),
(2673, 161, 'https://www.gutenberg.org/cache/epub/10141/pg10141.cover.small.jpg', 6),
(2674, 161, 'https://www.gutenberg.org/cache/epub/10141/pg10141-h.zip', 7),
(2675, 162, 'https://www.gutenberg.org/ebooks/10142.html.images', 1),
(2676, 162, 'https://www.gutenberg.org/files/10142/10142-h/10142-h.htm', 9),
(2677, 162, 'https://www.gutenberg.org/files/10142/10142-h.zip', 9),
(2678, 162, 'https://www.gutenberg.org/ebooks/10142.epub3.images', 2),
(2679, 162, 'https://www.gutenberg.org/ebooks/10142.epub.images', 2),
(2680, 162, 'https://www.gutenberg.org/ebooks/10142.epub.noimages', 2),
(2681, 162, 'https://www.gutenberg.org/ebooks/10142.kf8.images', 3),
(2682, 162, 'https://www.gutenberg.org/ebooks/10142.kindle.images', 3),
(2683, 162, 'https://www.gutenberg.org/ebooks/10142.kindle.noimages', 3),
(2684, 162, 'https://www.gutenberg.org/ebooks/10142.txt.utf-8', 4),
(2685, 162, 'https://www.gutenberg.org/files/10142/10142-8.txt', 10),
(2686, 162, 'https://www.gutenberg.org/files/10142/10142-8.zip', 10),
(2687, 162, 'https://www.gutenberg.org/files/10142/10142.txt', 4),
(2688, 162, 'https://www.gutenberg.org/files/10142/10142.zip', 4),
(2689, 162, 'https://www.gutenberg.org/ebooks/10142.rdf', 5),
(2690, 162, 'https://www.gutenberg.org/cache/epub/10142/pg10142.cover.medium.jpg', 6),
(2691, 162, 'https://www.gutenberg.org/cache/epub/10142/pg10142.cover.small.jpg', 6),
(2692, 162, 'https://www.gutenberg.org/cache/epub/10142/pg10142-h.zip', 7),
(2693, 163, 'https://www.gutenberg.org/ebooks/10143.html.images', 1),
(2694, 163, 'https://www.gutenberg.org/files/10143/10143-h/10143-h.htm', 9),
(2695, 163, 'https://www.gutenberg.org/files/10143/10143-h.zip', 9),
(2696, 163, 'https://www.gutenberg.org/ebooks/10143.epub3.images', 2),
(2697, 163, 'https://www.gutenberg.org/ebooks/10143.epub.images', 2),
(2698, 163, 'https://www.gutenberg.org/ebooks/10143.epub.noimages', 2),
(2699, 163, 'https://www.gutenberg.org/ebooks/10143.kf8.images', 3),
(2700, 163, 'https://www.gutenberg.org/ebooks/10143.kindle.images', 3),
(2701, 163, 'https://www.gutenberg.org/ebooks/10143.kindle.noimages', 3),
(2702, 163, 'https://www.gutenberg.org/ebooks/10143.txt.utf-8', 4),
(2703, 163, 'https://www.gutenberg.org/files/10143/10143-8.txt', 10),
(2704, 163, 'https://www.gutenberg.org/files/10143/10143-8.zip', 10),
(2705, 163, 'https://www.gutenberg.org/files/10143/10143.txt', 4),
(2706, 163, 'https://www.gutenberg.org/files/10143/10143.zip', 4),
(2707, 163, 'https://www.gutenberg.org/ebooks/10143.rdf', 5),
(2708, 163, 'https://www.gutenberg.org/cache/epub/10143/pg10143.cover.medium.jpg', 6),
(2709, 163, 'https://www.gutenberg.org/cache/epub/10143/pg10143.cover.small.jpg', 6),
(2710, 163, 'https://www.gutenberg.org/cache/epub/10143/pg10143-h.zip', 7),
(2711, 164, 'https://www.gutenberg.org/ebooks/10144.html.images', 1),
(2712, 164, 'https://www.gutenberg.org/files/10144/10144-h/10144-h.htm', 9),
(2713, 164, 'https://www.gutenberg.org/files/10144/10144-h.zip', 9),
(2714, 164, 'https://www.gutenberg.org/ebooks/10144.epub3.images', 2),
(2715, 164, 'https://www.gutenberg.org/ebooks/10144.epub.images', 2),
(2716, 164, 'https://www.gutenberg.org/ebooks/10144.epub.noimages', 2),
(2717, 164, 'https://www.gutenberg.org/ebooks/10144.kf8.images', 3),
(2718, 164, 'https://www.gutenberg.org/ebooks/10144.kindle.images', 3),
(2719, 164, 'https://www.gutenberg.org/ebooks/10144.kindle.noimages', 3),
(2720, 164, 'https://www.gutenberg.org/ebooks/10144.txt.utf-8', 4),
(2721, 164, 'https://www.gutenberg.org/files/10144/10144-8.txt', 10),
(2722, 164, 'https://www.gutenberg.org/files/10144/10144-8.zip', 10),
(2723, 164, 'https://www.gutenberg.org/files/10144/10144.txt', 4),
(2724, 164, 'https://www.gutenberg.org/files/10144/10144.zip', 4),
(2725, 164, 'https://www.gutenberg.org/ebooks/10144.rdf', 5),
(2726, 164, 'https://www.gutenberg.org/cache/epub/10144/pg10144.cover.medium.jpg', 6),
(2727, 164, 'https://www.gutenberg.org/cache/epub/10144/pg10144.cover.small.jpg', 6),
(2728, 164, 'https://www.gutenberg.org/cache/epub/10144/pg10144-h.zip', 7),
(2729, 165, 'https://www.gutenberg.org/ebooks/10145.html.images', 1),
(2730, 165, 'https://www.gutenberg.org/ebooks/10145.html.noimages', 1),
(2731, 165, 'https://www.gutenberg.org/ebooks/10145.epub3.images', 2),
(2732, 165, 'https://www.gutenberg.org/ebooks/10145.epub.images', 2),
(2733, 165, 'https://www.gutenberg.org/ebooks/10145.epub.noimages', 2),
(2734, 165, 'https://www.gutenberg.org/ebooks/10145.kf8.images', 3),
(2735, 165, 'https://www.gutenberg.org/ebooks/10145.kindle.images', 3),
(2736, 165, 'https://www.gutenberg.org/ebooks/10145.kindle.noimages', 3),
(2737, 165, 'https://www.gutenberg.org/ebooks/10145.txt.utf-8', 4),
(2738, 165, 'https://www.gutenberg.org/files/10145/10145-8.txt', 10),
(2739, 165, 'https://www.gutenberg.org/files/10145/10145-8.zip', 10),
(2740, 165, 'https://www.gutenberg.org/files/10145/10145.txt', 4),
(2741, 165, 'https://www.gutenberg.org/files/10145/10145.zip', 4),
(2742, 165, 'https://www.gutenberg.org/ebooks/10145.rdf', 5),
(2743, 165, 'https://www.gutenberg.org/cache/epub/10145/pg10145.cover.medium.jpg', 6),
(2744, 165, 'https://www.gutenberg.org/cache/epub/10145/pg10145.cover.small.jpg', 6),
(2745, 165, 'https://www.gutenberg.org/cache/epub/10145/pg10145-h.zip', 7),
(2746, 166, 'https://www.gutenberg.org/ebooks/10146.html.images', 1),
(2747, 166, 'https://www.gutenberg.org/ebooks/10146.html.noimages', 1),
(2748, 166, 'https://www.gutenberg.org/ebooks/10146.epub3.images', 2),
(2749, 166, 'https://www.gutenberg.org/ebooks/10146.epub.images', 2),
(2750, 166, 'https://www.gutenberg.org/ebooks/10146.epub.noimages', 2),
(2751, 166, 'https://www.gutenberg.org/ebooks/10146.kf8.images', 3),
(2752, 166, 'https://www.gutenberg.org/ebooks/10146.kindle.images', 3),
(2753, 166, 'https://www.gutenberg.org/ebooks/10146.kindle.noimages', 3),
(2754, 166, 'https://www.gutenberg.org/ebooks/10146.txt.utf-8', 4),
(2755, 166, 'https://www.gutenberg.org/files/10146/10146.txt', 4),
(2756, 166, 'https://www.gutenberg.org/files/10146/10146.zip', 4),
(2757, 166, 'https://www.gutenberg.org/ebooks/10146.rdf', 5),
(2758, 166, 'https://www.gutenberg.org/cache/epub/10146/pg10146.cover.medium.jpg', 6),
(2759, 166, 'https://www.gutenberg.org/cache/epub/10146/pg10146.cover.small.jpg', 6),
(2760, 166, 'https://www.gutenberg.org/cache/epub/10146/pg10146-h.zip', 7),
(2761, 167, 'https://www.gutenberg.org/ebooks/10147.html.images', 1),
(2762, 167, 'https://www.gutenberg.org/files/10147/10147-h/10147-h.htm', 9),
(2763, 167, 'https://www.gutenberg.org/files/10147/10147-h.zip', 9),
(2764, 167, 'https://www.gutenberg.org/ebooks/10147.epub3.images', 2),
(2765, 167, 'https://www.gutenberg.org/ebooks/10147.epub.images', 2),
(2766, 167, 'https://www.gutenberg.org/ebooks/10147.epub.noimages', 2),
(2767, 167, 'https://www.gutenberg.org/ebooks/10147.kf8.images', 3),
(2768, 167, 'https://www.gutenberg.org/ebooks/10147.kindle.images', 3),
(2769, 167, 'https://www.gutenberg.org/ebooks/10147.kindle.noimages', 3),
(2770, 167, 'https://www.gutenberg.org/ebooks/10147.txt.utf-8', 4),
(2771, 167, 'https://www.gutenberg.org/files/10147/10147-8.txt', 10),
(2772, 167, 'https://www.gutenberg.org/files/10147/10147-8.zip', 10),
(2773, 167, 'https://www.gutenberg.org/files/10147/10147.txt', 4),
(2774, 167, 'https://www.gutenberg.org/files/10147/10147.zip', 4),
(2775, 167, 'https://www.gutenberg.org/ebooks/10147.rdf', 5),
(2776, 167, 'https://www.gutenberg.org/cache/epub/10147/pg10147.cover.medium.jpg', 6),
(2777, 167, 'https://www.gutenberg.org/cache/epub/10147/pg10147.cover.small.jpg', 6),
(2778, 167, 'https://www.gutenberg.org/cache/epub/10147/pg10147-h.zip', 7),
(2779, 168, 'https://www.gutenberg.org/ebooks/10148.html.images', 1),
(2780, 168, 'https://www.gutenberg.org/files/10148/10148-h/10148-h.htm', 11),
(2781, 168, 'https://www.gutenberg.org/files/10148/10148-h.zip', 11),
(2782, 168, 'https://www.gutenberg.org/ebooks/10148.epub3.images', 2),
(2783, 168, 'https://www.gutenberg.org/ebooks/10148.epub.images', 2),
(2784, 168, 'https://www.gutenberg.org/ebooks/10148.epub.noimages', 2),
(2785, 168, 'https://www.gutenberg.org/ebooks/10148.kf8.images', 3),
(2786, 168, 'https://www.gutenberg.org/ebooks/10148.kindle.images', 3),
(2787, 168, 'https://www.gutenberg.org/ebooks/10148.kindle.noimages', 3),
(2788, 168, 'https://www.gutenberg.org/ebooks/10148.txt.utf-8', 4),
(2789, 168, 'https://www.gutenberg.org/files/10148/10148.txt', 4),
(2790, 168, 'https://www.gutenberg.org/files/10148/10148.zip', 4),
(2791, 168, 'https://www.gutenberg.org/ebooks/10148.rdf', 5),
(2792, 168, 'https://www.gutenberg.org/cache/epub/10148/pg10148.cover.medium.jpg', 6),
(2793, 168, 'https://www.gutenberg.org/cache/epub/10148/pg10148.cover.small.jpg', 6),
(2794, 168, 'https://www.gutenberg.org/cache/epub/10148/pg10148-h.zip', 7),
(2795, 169, 'https://www.gutenberg.org/ebooks/10149.html.images', 1),
(2796, 169, 'https://www.gutenberg.org/files/10149/10149-h/10149-h.htm', 1),
(2797, 169, 'https://www.gutenberg.org/files/10149/10149-h.zip', 1),
(2798, 169, 'https://www.gutenberg.org/ebooks/10149.epub3.images', 2),
(2799, 169, 'https://www.gutenberg.org/ebooks/10149.epub.images', 2),
(2800, 169, 'https://www.gutenberg.org/ebooks/10149.epub.noimages', 2),
(2801, 169, 'https://www.gutenberg.org/ebooks/10149.kf8.images', 3),
(2802, 169, 'https://www.gutenberg.org/ebooks/10149.kindle.images', 3),
(2803, 169, 'https://www.gutenberg.org/ebooks/10149.kindle.noimages', 3),
(2804, 169, 'https://www.gutenberg.org/ebooks/10149.txt.utf-8', 4),
(2805, 169, 'https://www.gutenberg.org/files/10149/10149-8.txt', 10),
(2806, 169, 'https://www.gutenberg.org/files/10149/10149-8.zip', 10),
(2807, 169, 'https://www.gutenberg.org/files/10149/10149.txt', 4),
(2808, 169, 'https://www.gutenberg.org/files/10149/10149.zip', 4),
(2809, 169, 'https://www.gutenberg.org/ebooks/10149.rdf', 5),
(2810, 169, 'https://www.gutenberg.org/cache/epub/10149/pg10149.cover.medium.jpg', 6),
(2811, 169, 'https://www.gutenberg.org/cache/epub/10149/pg10149.cover.small.jpg', 6),
(2812, 169, 'https://www.gutenberg.org/cache/epub/10149/pg10149-h.zip', 7),
(2813, 170, 'https://www.gutenberg.org/ebooks/1015.html.images', 1),
(2814, 170, 'https://www.gutenberg.org/files/1015/1015-h/1015-h.htm', 12),
(2815, 170, 'https://www.gutenberg.org/files/1015/1015-h.zip', 12),
(2816, 170, 'https://www.gutenberg.org/ebooks/1015.epub3.images', 2),
(2817, 170, 'https://www.gutenberg.org/ebooks/1015.epub.images', 2),
(2818, 170, 'https://www.gutenberg.org/ebooks/1015.epub.noimages', 2),
(2819, 170, 'https://www.gutenberg.org/ebooks/1015.kf8.images', 3),
(2820, 170, 'https://www.gutenberg.org/ebooks/1015.kindle.images', 3),
(2821, 170, 'https://www.gutenberg.org/ebooks/1015.kindle.noimages', 3),
(2822, 170, 'https://www.gutenberg.org/ebooks/1015.txt.utf-8', 4),
(2823, 170, 'https://www.gutenberg.org/files/1015/1015-0.txt', 8),
(2824, 170, 'https://www.gutenberg.org/files/1015/1015-0.zip', 8),
(2825, 170, 'https://www.gutenberg.org/files/1015/1015.txt', 4),
(2826, 170, 'https://www.gutenberg.org/files/1015/1015.zip', 4),
(2827, 170, 'https://www.gutenberg.org/ebooks/1015.rdf', 5),
(2828, 170, 'https://www.gutenberg.org/cache/epub/1015/pg1015.cover.medium.jpg', 6),
(2829, 170, 'https://www.gutenberg.org/cache/epub/1015/pg1015.cover.small.jpg', 6),
(2830, 170, 'https://www.gutenberg.org/cache/epub/1015/pg1015-h.zip', 7),
(2831, 171, 'https://www.gutenberg.org/ebooks/10150.html.images', 1),
(2832, 171, 'https://www.gutenberg.org/files/10150/10150-h/10150-h.htm', 12),
(2833, 171, 'https://www.gutenberg.org/files/10150/10150-h.zip', 12),
(2834, 171, 'https://www.gutenberg.org/ebooks/10150.epub3.images', 2),
(2835, 171, 'https://www.gutenberg.org/ebooks/10150.epub.images', 2),
(2836, 171, 'https://www.gutenberg.org/ebooks/10150.epub.noimages', 2),
(2837, 171, 'https://www.gutenberg.org/ebooks/10150.kf8.images', 3),
(2838, 171, 'https://www.gutenberg.org/ebooks/10150.kindle.images', 3),
(2839, 171, 'https://www.gutenberg.org/ebooks/10150.kindle.noimages', 3),
(2840, 171, 'https://www.gutenberg.org/ebooks/10150.txt.utf-8', 4),
(2841, 171, 'https://www.gutenberg.org/files/10150/10150-0.txt', 8),
(2842, 171, 'https://www.gutenberg.org/files/10150/10150-0.zip', 8),
(2843, 171, 'https://www.gutenberg.org/ebooks/10150.rdf', 5),
(2844, 171, 'https://www.gutenberg.org/cache/epub/10150/pg10150.cover.medium.jpg', 6),
(2845, 171, 'https://www.gutenberg.org/cache/epub/10150/pg10150.cover.small.jpg', 6),
(2846, 171, 'https://www.gutenberg.org/cache/epub/10150/pg10150-h.zip', 7),
(2847, 172, 'https://www.gutenberg.org/ebooks/10151.html.images', 1),
(2848, 172, 'https://www.gutenberg.org/files/10151/10151-h/10151-h.htm', 1),
(2849, 172, 'https://www.gutenberg.org/files/10151/10151-h.zip', 1),
(2850, 172, 'https://www.gutenberg.org/ebooks/10151.epub3.images', 2),
(2851, 172, 'https://www.gutenberg.org/ebooks/10151.epub.images', 2),
(2852, 172, 'https://www.gutenberg.org/ebooks/10151.epub.noimages', 2),
(2853, 172, 'https://www.gutenberg.org/ebooks/10151.kf8.images', 3),
(2854, 172, 'https://www.gutenberg.org/ebooks/10151.kindle.images', 3),
(2855, 172, 'https://www.gutenberg.org/ebooks/10151.kindle.noimages', 3),
(2856, 172, 'https://www.gutenberg.org/ebooks/10151.txt.utf-8', 4),
(2857, 172, 'https://www.gutenberg.org/files/10151/10151-8.txt', 10),
(2858, 172, 'https://www.gutenberg.org/files/10151/10151-8.zip', 10),
(2859, 172, 'https://www.gutenberg.org/files/10151/10151.txt', 4),
(2860, 172, 'https://www.gutenberg.org/files/10151/10151.zip', 4),
(2861, 172, 'https://www.gutenberg.org/ebooks/10151.rdf', 5),
(2862, 172, 'https://www.gutenberg.org/cache/epub/10151/pg10151.cover.medium.jpg', 6),
(2863, 172, 'https://www.gutenberg.org/cache/epub/10151/pg10151.cover.small.jpg', 6),
(2864, 172, 'https://www.gutenberg.org/cache/epub/10151/pg10151-h.zip', 7),
(2865, 173, 'https://www.gutenberg.org/files/10152/10152-m/10152-m-readme.txt', 4),
(2866, 173, 'https://www.gutenberg.org/files/10152/10152-m/10152-m-001.mp3', 13),
(2867, 173, 'https://www.gutenberg.org/ebooks/10152.rdf', 5),
(2868, 173, 'https://www.gutenberg.org/cache/epub/10152/pg10152.cover.medium.jpg', 6),
(2869, 173, 'https://www.gutenberg.org/cache/epub/10152/pg10152.cover.small.jpg', 6),
(2870, 174, 'https://www.gutenberg.org/files/10153/10153-m/10153-m-readme.txt', 4),
(2871, 174, 'https://www.gutenberg.org/files/10153/10153-m/10153-m-001.mp3', 13),
(2872, 174, 'https://www.gutenberg.org/ebooks/10153.rdf', 5),
(2873, 174, 'https://www.gutenberg.org/cache/epub/10153/pg10153.cover.medium.jpg', 6),
(2874, 174, 'https://www.gutenberg.org/cache/epub/10153/pg10153.cover.small.jpg', 6),
(2875, 175, 'https://www.gutenberg.org/files/10154/10154-m/10154-m-readme.txt', 4),
(2876, 175, 'https://www.gutenberg.org/files/10154/10154-m/10154-m-001.mp3', 13),
(2877, 175, 'https://www.gutenberg.org/ebooks/10154.rdf', 5),
(2878, 175, 'https://www.gutenberg.org/cache/epub/10154/pg10154.cover.medium.jpg', 6),
(2879, 175, 'https://www.gutenberg.org/cache/epub/10154/pg10154.cover.small.jpg', 6),
(2880, 176, 'https://www.gutenberg.org/files/10155/10155-m/10155-m-readme.txt', 4),
(2881, 176, 'https://www.gutenberg.org/files/10155/10155-m/10155-m-001.mp3', 13),
(2882, 176, 'https://www.gutenberg.org/ebooks/10155.rdf', 5),
(2883, 176, 'https://www.gutenberg.org/cache/epub/10155/pg10155.cover.medium.jpg', 6),
(2884, 176, 'https://www.gutenberg.org/cache/epub/10155/pg10155.cover.small.jpg', 6),
(2885, 177, 'https://www.gutenberg.org/files/10156/10156-m/10156-m-readme.txt', 4),
(2886, 177, 'https://www.gutenberg.org/files/10156/10156-m/10156-m-001.mp3', 13),
(2887, 177, 'https://www.gutenberg.org/ebooks/10156.rdf', 5),
(2888, 177, 'https://www.gutenberg.org/cache/epub/10156/pg10156.cover.medium.jpg', 6),
(2889, 177, 'https://www.gutenberg.org/cache/epub/10156/pg10156.cover.small.jpg', 6),
(2890, 178, 'https://www.gutenberg.org/files/10157/10157-m/10157-m-readme.txt', 4),
(2891, 178, 'https://www.gutenberg.org/files/10157/10157-m/10157-m-001.mp3', 13);
INSERT INTO `booklinks` (`Link_id`, `Book_id`, `Link`, `type_id`) VALUES
(2892, 178, 'https://www.gutenberg.org/ebooks/10157.rdf', 5),
(2893, 178, 'https://www.gutenberg.org/cache/epub/10157/pg10157.cover.medium.jpg', 6),
(2894, 178, 'https://www.gutenberg.org/cache/epub/10157/pg10157.cover.small.jpg', 6),
(2895, 179, 'https://www.gutenberg.org/files/10158/10158-m/10158-m-readme.txt', 4),
(2896, 179, 'https://www.gutenberg.org/files/10158/10158-m/10158-m-001.mp3', 13),
(2897, 179, 'https://www.gutenberg.org/ebooks/10158.rdf', 5),
(2898, 179, 'https://www.gutenberg.org/cache/epub/10158/pg10158.cover.medium.jpg', 6),
(2899, 179, 'https://www.gutenberg.org/cache/epub/10158/pg10158.cover.small.jpg', 6),
(2900, 180, 'https://www.gutenberg.org/ebooks/10159.html.images', 1),
(2901, 180, 'https://www.gutenberg.org/ebooks/10159.html.noimages', 1),
(2902, 180, 'https://www.gutenberg.org/ebooks/10159.epub3.images', 2),
(2903, 180, 'https://www.gutenberg.org/ebooks/10159.epub.images', 2),
(2904, 180, 'https://www.gutenberg.org/ebooks/10159.epub.noimages', 2),
(2905, 180, 'https://www.gutenberg.org/ebooks/10159.kf8.images', 3),
(2906, 180, 'https://www.gutenberg.org/ebooks/10159.kindle.images', 3),
(2907, 180, 'https://www.gutenberg.org/ebooks/10159.kindle.noimages', 3),
(2908, 180, 'https://www.gutenberg.org/ebooks/10159.txt.utf-8', 4),
(2909, 180, 'https://www.gutenberg.org/files/10159/10159-8.txt', 10),
(2910, 180, 'https://www.gutenberg.org/files/10159/10159-8.zip', 10),
(2911, 180, 'https://www.gutenberg.org/files/10159/10159.txt', 4),
(2912, 180, 'https://www.gutenberg.org/files/10159/10159.zip', 4),
(2913, 180, 'https://www.gutenberg.org/ebooks/10159.rdf', 5),
(2914, 180, 'https://www.gutenberg.org/cache/epub/10159/pg10159.cover.medium.jpg', 6),
(2915, 180, 'https://www.gutenberg.org/cache/epub/10159/pg10159.cover.small.jpg', 6),
(2916, 180, 'https://www.gutenberg.org/cache/epub/10159/pg10159-h.zip', 7),
(2917, 181, 'https://www.gutenberg.org/ebooks/1016.html.images', 1),
(2918, 181, 'https://www.gutenberg.org/files/1016/1016-h/1016-h.htm', 9),
(2919, 181, 'https://www.gutenberg.org/files/1016/1016-h.zip', 9),
(2920, 181, 'https://www.gutenberg.org/ebooks/1016.epub3.images', 2),
(2921, 181, 'https://www.gutenberg.org/ebooks/1016.epub.images', 2),
(2922, 181, 'https://www.gutenberg.org/ebooks/1016.epub.noimages', 2),
(2923, 181, 'https://www.gutenberg.org/ebooks/1016.kf8.images', 3),
(2924, 181, 'https://www.gutenberg.org/ebooks/1016.kindle.images', 3),
(2925, 181, 'https://www.gutenberg.org/ebooks/1016.kindle.noimages', 3),
(2926, 181, 'https://www.gutenberg.org/ebooks/1016.txt.utf-8', 4),
(2927, 181, 'https://www.gutenberg.org/files/1016/1016.txt', 4),
(2928, 181, 'https://www.gutenberg.org/files/1016/1016.zip', 4),
(2929, 181, 'https://www.gutenberg.org/ebooks/1016.rdf', 5),
(2930, 181, 'https://www.gutenberg.org/cache/epub/1016/pg1016.cover.medium.jpg', 6),
(2931, 181, 'https://www.gutenberg.org/cache/epub/1016/pg1016.cover.small.jpg', 6),
(2932, 181, 'https://www.gutenberg.org/cache/epub/1016/pg1016-h.zip', 7),
(2933, 182, 'https://www.gutenberg.org/ebooks/10160.html.images', 1),
(2934, 182, 'https://www.gutenberg.org/ebooks/10160.html.noimages', 1),
(2935, 182, 'https://www.gutenberg.org/ebooks/10160.epub3.images', 2),
(2936, 182, 'https://www.gutenberg.org/ebooks/10160.epub.images', 2),
(2937, 182, 'https://www.gutenberg.org/ebooks/10160.epub.noimages', 2),
(2938, 182, 'https://www.gutenberg.org/ebooks/10160.kf8.images', 3),
(2939, 182, 'https://www.gutenberg.org/ebooks/10160.kindle.images', 3),
(2940, 182, 'https://www.gutenberg.org/ebooks/10160.kindle.noimages', 3),
(2941, 182, 'https://www.gutenberg.org/ebooks/10160.txt.utf-8', 4),
(2942, 182, 'https://www.gutenberg.org/files/10160/10160-8.txt', 10),
(2943, 182, 'https://www.gutenberg.org/files/10160/10160.txt', 10),
(2944, 182, 'https://www.gutenberg.org/files/10160/10160-8.zip', 10),
(2945, 182, 'https://www.gutenberg.org/files/10160/10160.zip', 10),
(2946, 182, 'https://www.gutenberg.org/ebooks/10160.rdf', 5),
(2947, 182, 'https://www.gutenberg.org/cache/epub/10160/pg10160.cover.medium.jpg', 6),
(2948, 182, 'https://www.gutenberg.org/cache/epub/10160/pg10160.cover.small.jpg', 6),
(2949, 182, 'https://www.gutenberg.org/cache/epub/10160/pg10160-h.zip', 7),
(2950, 183, 'https://www.gutenberg.org/ebooks/10161.html.images', 1),
(2951, 183, 'https://www.gutenberg.org/ebooks/10161.html.noimages', 1),
(2952, 183, 'https://www.gutenberg.org/ebooks/10161.epub3.images', 2),
(2953, 183, 'https://www.gutenberg.org/ebooks/10161.epub.images', 2),
(2954, 183, 'https://www.gutenberg.org/ebooks/10161.epub.noimages', 2),
(2955, 183, 'https://www.gutenberg.org/ebooks/10161.kf8.images', 3),
(2956, 183, 'https://www.gutenberg.org/ebooks/10161.kindle.images', 3),
(2957, 183, 'https://www.gutenberg.org/ebooks/10161.kindle.noimages', 3),
(2958, 183, 'https://www.gutenberg.org/ebooks/10161.txt.utf-8', 4),
(2959, 183, 'https://www.gutenberg.org/files/10161/10161-8.txt', 10),
(2960, 183, 'https://www.gutenberg.org/files/10161/10161-8.zip', 10),
(2961, 183, 'https://www.gutenberg.org/files/10161/10161.txt', 4),
(2962, 183, 'https://www.gutenberg.org/files/10161/10161.zip', 4),
(2963, 183, 'https://www.gutenberg.org/ebooks/10161.rdf', 5),
(2964, 183, 'https://www.gutenberg.org/cache/epub/10161/pg10161.cover.medium.jpg', 6),
(2965, 183, 'https://www.gutenberg.org/cache/epub/10161/pg10161.cover.small.jpg', 6),
(2966, 183, 'https://www.gutenberg.org/cache/epub/10161/pg10161-h.zip', 7),
(2967, 184, 'https://www.gutenberg.org/ebooks/10162.html.images', 1),
(2968, 184, 'https://www.gutenberg.org/ebooks/10162.html.noimages', 1),
(2969, 184, 'https://www.gutenberg.org/ebooks/10162.epub3.images', 2),
(2970, 184, 'https://www.gutenberg.org/ebooks/10162.epub.images', 2),
(2971, 184, 'https://www.gutenberg.org/ebooks/10162.epub.noimages', 2),
(2972, 184, 'https://www.gutenberg.org/ebooks/10162.kf8.images', 3),
(2973, 184, 'https://www.gutenberg.org/ebooks/10162.kindle.images', 3),
(2974, 184, 'https://www.gutenberg.org/ebooks/10162.kindle.noimages', 3),
(2975, 184, 'https://www.gutenberg.org/ebooks/10162.txt.utf-8', 4),
(2976, 184, 'https://www.gutenberg.org/files/10162/10162-8.txt', 10),
(2977, 184, 'https://www.gutenberg.org/files/10162/10162-8.zip', 10),
(2978, 184, 'https://www.gutenberg.org/files/10162/10162.txt', 4),
(2979, 184, 'https://www.gutenberg.org/files/10162/10162.zip', 4),
(2980, 184, 'https://www.gutenberg.org/ebooks/10162.rdf', 5),
(2981, 184, 'https://www.gutenberg.org/cache/epub/10162/pg10162.cover.medium.jpg', 6),
(2982, 184, 'https://www.gutenberg.org/cache/epub/10162/pg10162.cover.small.jpg', 6),
(2983, 184, 'https://www.gutenberg.org/cache/epub/10162/pg10162-h.zip', 7),
(2984, 185, 'https://www.gutenberg.org/ebooks/10163.html.images', 1),
(2985, 185, 'https://www.gutenberg.org/ebooks/10163.html.noimages', 1),
(2986, 185, 'https://www.gutenberg.org/ebooks/10163.epub3.images', 2),
(2987, 185, 'https://www.gutenberg.org/ebooks/10163.epub.images', 2),
(2988, 185, 'https://www.gutenberg.org/ebooks/10163.epub.noimages', 2),
(2989, 185, 'https://www.gutenberg.org/ebooks/10163.kf8.images', 3),
(2990, 185, 'https://www.gutenberg.org/ebooks/10163.kindle.images', 3),
(2991, 185, 'https://www.gutenberg.org/ebooks/10163.kindle.noimages', 3),
(2992, 185, 'https://www.gutenberg.org/ebooks/10163.txt.utf-8', 4),
(2993, 185, 'https://www.gutenberg.org/files/10163/10163-8.txt', 10),
(2994, 185, 'https://www.gutenberg.org/files/10163/10163-8.zip', 10),
(2995, 185, 'https://www.gutenberg.org/files/10163/10163.txt', 4),
(2996, 185, 'https://www.gutenberg.org/files/10163/10163.zip', 4),
(2997, 185, 'https://www.gutenberg.org/ebooks/10163.rdf', 5),
(2998, 185, 'https://www.gutenberg.org/cache/epub/10163/pg10163.cover.medium.jpg', 6),
(2999, 185, 'https://www.gutenberg.org/cache/epub/10163/pg10163.cover.small.jpg', 6),
(3000, 185, 'https://www.gutenberg.org/cache/epub/10163/pg10163-h.zip', 7),
(3001, 186, 'https://www.gutenberg.org/ebooks/10164.html.images', 1),
(3002, 186, 'https://www.gutenberg.org/ebooks/10164.html.noimages', 1),
(3003, 186, 'https://www.gutenberg.org/ebooks/10164.epub3.images', 2),
(3004, 186, 'https://www.gutenberg.org/ebooks/10164.epub.images', 2),
(3005, 186, 'https://www.gutenberg.org/ebooks/10164.epub.noimages', 2),
(3006, 186, 'https://www.gutenberg.org/ebooks/10164.kf8.images', 3),
(3007, 186, 'https://www.gutenberg.org/ebooks/10164.kindle.images', 3),
(3008, 186, 'https://www.gutenberg.org/ebooks/10164.kindle.noimages', 3),
(3009, 186, 'https://www.gutenberg.org/ebooks/10164.txt.utf-8', 4),
(3010, 186, 'https://www.gutenberg.org/files/10164/10164-8.txt', 10),
(3011, 186, 'https://www.gutenberg.org/files/10164/10164-8.zip', 10),
(3012, 186, 'https://www.gutenberg.org/files/10164/10164.txt', 4),
(3013, 186, 'https://www.gutenberg.org/files/10164/10164.zip', 4),
(3014, 186, 'https://www.gutenberg.org/ebooks/10164.rdf', 5),
(3015, 186, 'https://www.gutenberg.org/cache/epub/10164/pg10164.cover.medium.jpg', 6),
(3016, 186, 'https://www.gutenberg.org/cache/epub/10164/pg10164.cover.small.jpg', 6),
(3017, 186, 'https://www.gutenberg.org/cache/epub/10164/pg10164-h.zip', 7),
(3018, 187, 'https://www.gutenberg.org/ebooks/10165.html.images', 1),
(3019, 187, 'https://www.gutenberg.org/ebooks/10165.html.noimages', 1),
(3020, 187, 'https://www.gutenberg.org/ebooks/10165.epub3.images', 2),
(3021, 187, 'https://www.gutenberg.org/ebooks/10165.epub.images', 2),
(3022, 187, 'https://www.gutenberg.org/ebooks/10165.epub.noimages', 2),
(3023, 187, 'https://www.gutenberg.org/ebooks/10165.kf8.images', 3),
(3024, 187, 'https://www.gutenberg.org/ebooks/10165.kindle.images', 3),
(3025, 187, 'https://www.gutenberg.org/ebooks/10165.kindle.noimages', 3),
(3026, 187, 'https://www.gutenberg.org/ebooks/10165.txt.utf-8', 4),
(3027, 187, 'https://www.gutenberg.org/files/10165/10165-0.txt', 4),
(3028, 187, 'https://www.gutenberg.org/ebooks/10165.rdf', 5),
(3029, 187, 'https://www.gutenberg.org/cache/epub/10165/pg10165.cover.medium.jpg', 6),
(3030, 187, 'https://www.gutenberg.org/cache/epub/10165/pg10165.cover.small.jpg', 6),
(3031, 187, 'https://www.gutenberg.org/cache/epub/10165/pg10165-h.zip', 7),
(3032, 188, 'https://www.gutenberg.org/ebooks/10166.html.images', 1),
(3033, 188, 'https://www.gutenberg.org/files/10166/10166-h/10166-h.htm', 9),
(3034, 188, 'https://www.gutenberg.org/files/10166/10166-h.zip', 9),
(3035, 188, 'https://www.gutenberg.org/ebooks/10166.epub3.images', 2),
(3036, 188, 'https://www.gutenberg.org/ebooks/10166.epub.images', 2),
(3037, 188, 'https://www.gutenberg.org/ebooks/10166.epub.noimages', 2),
(3038, 188, 'https://www.gutenberg.org/ebooks/10166.kf8.images', 3),
(3039, 188, 'https://www.gutenberg.org/ebooks/10166.kindle.images', 3),
(3040, 188, 'https://www.gutenberg.org/ebooks/10166.kindle.noimages', 3),
(3041, 188, 'https://www.gutenberg.org/ebooks/10166.txt.utf-8', 4),
(3042, 188, 'https://www.gutenberg.org/files/10166/10166-8.txt', 10),
(3043, 188, 'https://www.gutenberg.org/files/10166/10166-8.zip', 10),
(3044, 188, 'https://www.gutenberg.org/files/10166/10166.txt', 4),
(3045, 188, 'https://www.gutenberg.org/files/10166/10166.zip', 4),
(3046, 188, 'https://www.gutenberg.org/ebooks/10166.rdf', 5),
(3047, 188, 'https://www.gutenberg.org/cache/epub/10166/pg10166.cover.medium.jpg', 6),
(3048, 188, 'https://www.gutenberg.org/cache/epub/10166/pg10166.cover.small.jpg', 6),
(3049, 188, 'https://www.gutenberg.org/cache/epub/10166/pg10166-h.zip', 7),
(3050, 189, 'https://www.gutenberg.org/files/10167/10167-m/10167-m-readme.txt', 4),
(3051, 189, 'https://www.gutenberg.org/files/10167/10167-m/10167-m-001.mp3', 13),
(3052, 189, 'https://www.gutenberg.org/ebooks/10167.rdf', 5),
(3053, 189, 'https://www.gutenberg.org/cache/epub/10167/pg10167.cover.medium.jpg', 6),
(3054, 189, 'https://www.gutenberg.org/cache/epub/10167/pg10167.cover.small.jpg', 6),
(3055, 190, 'https://www.gutenberg.org/files/10168/10168-m/10168-m-readme.txt', 4),
(3056, 190, 'https://www.gutenberg.org/files/10168/10168-m/10168-m-001.mp3', 13),
(3057, 190, 'https://www.gutenberg.org/ebooks/10168.rdf', 5),
(3058, 190, 'https://www.gutenberg.org/cache/epub/10168/pg10168.cover.medium.jpg', 6),
(3059, 190, 'https://www.gutenberg.org/cache/epub/10168/pg10168.cover.small.jpg', 6),
(3060, 191, 'https://www.gutenberg.org/files/10169/10169-m/10169-m-readme.txt', 4),
(3061, 191, 'https://www.gutenberg.org/files/10169/10169-m/10169-m-001.mp3', 13),
(3062, 191, 'https://www.gutenberg.org/ebooks/10169.rdf', 5),
(3063, 191, 'https://www.gutenberg.org/cache/epub/10169/pg10169.cover.medium.jpg', 6),
(3064, 191, 'https://www.gutenberg.org/cache/epub/10169/pg10169.cover.small.jpg', 6),
(3065, 192, 'https://www.gutenberg.org/ebooks/1017.html.images', 1),
(3066, 192, 'https://www.gutenberg.org/files/1017/1017-h/1017-h.htm', 1),
(3067, 192, 'https://www.gutenberg.org/files/1017/1017-h.zip', 1),
(3068, 192, 'https://www.gutenberg.org/ebooks/1017.epub3.images', 2),
(3069, 192, 'https://www.gutenberg.org/ebooks/1017.epub.images', 2),
(3070, 192, 'https://www.gutenberg.org/ebooks/1017.epub.noimages', 2),
(3071, 192, 'https://www.gutenberg.org/ebooks/1017.kf8.images', 3),
(3072, 192, 'https://www.gutenberg.org/ebooks/1017.kindle.images', 3),
(3073, 192, 'https://www.gutenberg.org/ebooks/1017.kindle.noimages', 3),
(3074, 192, 'https://www.gutenberg.org/ebooks/1017.txt.utf-8', 4),
(3075, 192, 'https://www.gutenberg.org/files/1017/1017-0.txt', 8),
(3076, 192, 'https://www.gutenberg.org/files/1017/1017-0.zip', 8),
(3077, 192, 'https://www.gutenberg.org/ebooks/1017.rdf', 5),
(3078, 192, 'https://www.gutenberg.org/cache/epub/1017/pg1017.cover.medium.jpg', 6),
(3079, 192, 'https://www.gutenberg.org/cache/epub/1017/pg1017.cover.small.jpg', 6),
(3080, 192, 'https://www.gutenberg.org/cache/epub/1017/pg1017-h.zip', 7),
(3081, 193, 'https://www.gutenberg.org/files/10170/10170-m/10170-m-readme.txt', 4),
(3082, 193, 'https://www.gutenberg.org/files/10170/10170-m/10170-m-001.mp3', 13),
(3083, 193, 'https://www.gutenberg.org/ebooks/10170.rdf', 5),
(3084, 193, 'https://www.gutenberg.org/cache/epub/10170/pg10170.cover.medium.jpg', 6),
(3085, 193, 'https://www.gutenberg.org/cache/epub/10170/pg10170.cover.small.jpg', 6),
(3086, 194, 'https://www.gutenberg.org/files/10171/10171-m/10171-m-readme.txt', 4),
(3087, 194, 'https://www.gutenberg.org/files/10171/10171-m/10171-m-001.mp3', 13),
(3088, 194, 'https://www.gutenberg.org/ebooks/10171.rdf', 5),
(3089, 194, 'https://www.gutenberg.org/cache/epub/10171/pg10171.cover.medium.jpg', 6),
(3090, 194, 'https://www.gutenberg.org/cache/epub/10171/pg10171.cover.small.jpg', 6),
(3091, 195, 'https://www.gutenberg.org/files/10172/10172-m/10172-m-readme.txt', 4),
(3092, 195, 'https://www.gutenberg.org/files/10172/10172-m/10172-m-001.mp3', 13),
(3093, 195, 'https://www.gutenberg.org/ebooks/10172.rdf', 5),
(3094, 195, 'https://www.gutenberg.org/cache/epub/10172/pg10172.cover.medium.jpg', 6),
(3095, 195, 'https://www.gutenberg.org/cache/epub/10172/pg10172.cover.small.jpg', 6),
(3096, 196, 'https://www.gutenberg.org/files/10173/10173-m/10173-m-readme.txt', 4),
(3097, 196, 'https://www.gutenberg.org/files/10173/10173-m/10173-m-001.mp3', 13),
(3098, 196, 'https://www.gutenberg.org/ebooks/10173.rdf', 5),
(3099, 196, 'https://www.gutenberg.org/cache/epub/10173/pg10173.cover.medium.jpg', 6),
(3100, 196, 'https://www.gutenberg.org/cache/epub/10173/pg10173.cover.small.jpg', 6),
(3101, 197, 'https://www.gutenberg.org/files/10174/10174-m/10174-m-readme.txt', 4),
(3102, 197, 'https://www.gutenberg.org/files/10174/10174-m/10174-m-001.mp3', 13),
(3103, 197, 'https://www.gutenberg.org/ebooks/10174.rdf', 5),
(3104, 197, 'https://www.gutenberg.org/cache/epub/10174/pg10174.cover.medium.jpg', 6),
(3105, 197, 'https://www.gutenberg.org/cache/epub/10174/pg10174.cover.small.jpg', 6),
(3106, 198, 'https://www.gutenberg.org/files/10175/10175-m/10175-m-readme.txt', 4),
(3107, 198, 'https://www.gutenberg.org/files/10175/10175-m/10175-m-001.mp3', 13),
(3108, 198, 'https://www.gutenberg.org/ebooks/10175.rdf', 5),
(3109, 198, 'https://www.gutenberg.org/cache/epub/10175/pg10175.cover.medium.jpg', 6),
(3110, 198, 'https://www.gutenberg.org/cache/epub/10175/pg10175.cover.small.jpg', 6),
(3111, 199, 'https://www.gutenberg.org/files/10176/10176-m/10176-m-readme.txt', 4),
(3112, 199, 'https://www.gutenberg.org/files/10176/10176-m/10176-m-001.mp3', 13),
(3113, 199, 'https://www.gutenberg.org/ebooks/10176.rdf', 5),
(3114, 199, 'https://www.gutenberg.org/cache/epub/10176/pg10176.cover.medium.jpg', 6),
(3115, 199, 'https://www.gutenberg.org/cache/epub/10176/pg10176.cover.small.jpg', 6),
(3116, 200, 'https://www.gutenberg.org/files/10177/10177-m/10177-m-readme.txt', 4),
(3117, 200, 'https://www.gutenberg.org/files/10177/10177-m/10177-m-001.mp3', 13),
(3118, 200, 'https://www.gutenberg.org/ebooks/10177.rdf', 5),
(3119, 200, 'https://www.gutenberg.org/cache/epub/10177/pg10177.cover.medium.jpg', 6),
(3120, 200, 'https://www.gutenberg.org/cache/epub/10177/pg10177.cover.small.jpg', 6),
(3121, 201, 'https://www.gutenberg.org/files/10178/10178-m/10178-m-readme.txt', 4),
(3122, 201, 'https://www.gutenberg.org/files/10178/10178-m/10178-m-001.mp3', 13),
(3123, 201, 'https://www.gutenberg.org/ebooks/10178.rdf', 5),
(3124, 201, 'https://www.gutenberg.org/cache/epub/10178/pg10178.cover.medium.jpg', 6),
(3125, 201, 'https://www.gutenberg.org/cache/epub/10178/pg10178.cover.small.jpg', 6),
(3126, 202, 'https://www.gutenberg.org/files/10179/10179-m/10179-m-readme.txt', 4),
(3127, 202, 'https://www.gutenberg.org/files/10179/10179-m/10179-m-001.mp3', 13),
(3128, 202, 'https://www.gutenberg.org/ebooks/10179.rdf', 5),
(3129, 202, 'https://www.gutenberg.org/cache/epub/10179/pg10179.cover.medium.jpg', 6),
(3130, 202, 'https://www.gutenberg.org/cache/epub/10179/pg10179.cover.small.jpg', 6),
(3131, 203, 'https://www.gutenberg.org/ebooks/1018.html.images', 1),
(3132, 203, 'https://www.gutenberg.org/files/1018/1018-h/1018-h.htm', 1),
(3133, 203, 'https://www.gutenberg.org/files/1018/1018-h.zip', 1),
(3134, 203, 'https://www.gutenberg.org/ebooks/1018.epub3.images', 2),
(3135, 203, 'https://www.gutenberg.org/ebooks/1018.epub.images', 2),
(3136, 203, 'https://www.gutenberg.org/ebooks/1018.epub.noimages', 2),
(3137, 203, 'https://www.gutenberg.org/ebooks/1018.kf8.images', 3),
(3138, 203, 'https://www.gutenberg.org/ebooks/1018.kindle.images', 3),
(3139, 203, 'https://www.gutenberg.org/ebooks/1018.kindle.noimages', 3),
(3140, 203, 'https://www.gutenberg.org/ebooks/1018.txt.utf-8', 4),
(3141, 203, 'https://www.gutenberg.org/files/1018/1018-0.txt', 8),
(3142, 203, 'https://www.gutenberg.org/files/1018/1018-0.zip', 8),
(3143, 203, 'https://www.gutenberg.org/ebooks/1018.rdf', 5),
(3144, 203, 'https://www.gutenberg.org/cache/epub/1018/pg1018.cover.medium.jpg', 6),
(3145, 203, 'https://www.gutenberg.org/cache/epub/1018/pg1018.cover.small.jpg', 6),
(3146, 203, 'https://www.gutenberg.org/cache/epub/1018/pg1018-h.zip', 7),
(3147, 204, 'https://www.gutenberg.org/files/10180/10180-m/10180-m-readme.txt', 4),
(3148, 204, 'https://www.gutenberg.org/files/10180/10180-m/10180-m-001.mp3', 13),
(3149, 204, 'https://www.gutenberg.org/ebooks/10180.rdf', 5),
(3150, 204, 'https://www.gutenberg.org/cache/epub/10180/pg10180.cover.medium.jpg', 6),
(3151, 204, 'https://www.gutenberg.org/cache/epub/10180/pg10180.cover.small.jpg', 6),
(3152, 205, 'https://www.gutenberg.org/files/10181/10181-m/10181-m-readme.txt', 4),
(3153, 205, 'https://www.gutenberg.org/files/10181/10181-m/10181-m-001.mp3', 13),
(3154, 205, 'https://www.gutenberg.org/ebooks/10181.rdf', 5),
(3155, 205, 'https://www.gutenberg.org/cache/epub/10181/pg10181.cover.medium.jpg', 6),
(3156, 205, 'https://www.gutenberg.org/cache/epub/10181/pg10181.cover.small.jpg', 6),
(3157, 206, 'https://www.gutenberg.org/files/10182/10182-m/10182-m-readme.txt', 4),
(3158, 206, 'https://www.gutenberg.org/files/10182/10182-m/10182-m-001.mp3', 13),
(3159, 206, 'https://www.gutenberg.org/ebooks/10182.rdf', 5),
(3160, 206, 'https://www.gutenberg.org/cache/epub/10182/pg10182.cover.medium.jpg', 6),
(3161, 206, 'https://www.gutenberg.org/cache/epub/10182/pg10182.cover.small.jpg', 6),
(3162, 207, 'https://www.gutenberg.org/files/10183/10183-m/10183-m-readme.txt', 4),
(3163, 207, 'https://www.gutenberg.org/files/10183/10183-m/10183-m-001.mp3', 13),
(3164, 207, 'https://www.gutenberg.org/ebooks/10183.rdf', 5),
(3165, 207, 'https://www.gutenberg.org/cache/epub/10183/pg10183.cover.medium.jpg', 6),
(3166, 207, 'https://www.gutenberg.org/cache/epub/10183/pg10183.cover.small.jpg', 6),
(3167, 208, 'https://www.gutenberg.org/files/10184/10184-m/10184-m-readme.txt', 4),
(3168, 208, 'https://www.gutenberg.org/files/10184/10184-m/10184-m-001.mp3', 13),
(3169, 208, 'https://www.gutenberg.org/ebooks/10184.rdf', 5),
(3170, 208, 'https://www.gutenberg.org/cache/epub/10184/pg10184.cover.medium.jpg', 6),
(3171, 208, 'https://www.gutenberg.org/cache/epub/10184/pg10184.cover.small.jpg', 6),
(3172, 209, 'https://www.gutenberg.org/files/10185/10185-m/10185-m-readme.txt', 4),
(3173, 209, 'https://www.gutenberg.org/files/10185/10185-m/10185-m-001.mp3', 13),
(3174, 209, 'https://www.gutenberg.org/ebooks/10185.rdf', 5),
(3175, 209, 'https://www.gutenberg.org/cache/epub/10185/pg10185.cover.medium.jpg', 6),
(3176, 209, 'https://www.gutenberg.org/cache/epub/10185/pg10185.cover.small.jpg', 6),
(3177, 210, 'https://www.gutenberg.org/files/10186/10186-m/10186-m-readme.txt', 4),
(3178, 210, 'https://www.gutenberg.org/files/10186/10186-m/10186-m-001.mp3', 13),
(3179, 210, 'https://www.gutenberg.org/ebooks/10186.rdf', 5),
(3180, 210, 'https://www.gutenberg.org/cache/epub/10186/pg10186.cover.medium.jpg', 6),
(3181, 210, 'https://www.gutenberg.org/cache/epub/10186/pg10186.cover.small.jpg', 6),
(3182, 211, 'https://www.gutenberg.org/files/10187/10187-m/10187-m-readme.txt', 4),
(3183, 211, 'https://www.gutenberg.org/files/10187/10187-m/10187-m-001.mp3', 13),
(3184, 211, 'https://www.gutenberg.org/ebooks/10187.rdf', 5),
(3185, 211, 'https://www.gutenberg.org/cache/epub/10187/pg10187.cover.medium.jpg', 6),
(3186, 211, 'https://www.gutenberg.org/cache/epub/10187/pg10187.cover.small.jpg', 6),
(3187, 212, 'https://www.gutenberg.org/files/10188/10188-m/10188-m-readme.txt', 4),
(3188, 212, 'https://www.gutenberg.org/files/10188/10188-m/10188-m-001.mp3', 13),
(3189, 212, 'https://www.gutenberg.org/ebooks/10188.rdf', 5),
(3190, 212, 'https://www.gutenberg.org/cache/epub/10188/pg10188.cover.medium.jpg', 6),
(3191, 212, 'https://www.gutenberg.org/cache/epub/10188/pg10188.cover.small.jpg', 6),
(3192, 213, 'https://www.gutenberg.org/files/10189/10189-m/10189-m-readme.txt', 4),
(3193, 213, 'https://www.gutenberg.org/files/10189/10189-m/10189-m-001.mp3', 13),
(3194, 213, 'https://www.gutenberg.org/ebooks/10189.rdf', 5),
(3195, 213, 'https://www.gutenberg.org/cache/epub/10189/pg10189.cover.medium.jpg', 6),
(3196, 213, 'https://www.gutenberg.org/cache/epub/10189/pg10189.cover.small.jpg', 6),
(3197, 214, 'https://www.gutenberg.org/ebooks/1019.html.images', 1),
(3198, 214, 'https://www.gutenberg.org/files/1019/1019-h/1019-h.htm', 11),
(3199, 214, 'https://www.gutenberg.org/files/1019/1019-h.zip', 11),
(3200, 214, 'https://www.gutenberg.org/ebooks/1019.epub3.images', 2),
(3201, 214, 'https://www.gutenberg.org/ebooks/1019.epub.images', 2),
(3202, 214, 'https://www.gutenberg.org/ebooks/1019.epub.noimages', 2),
(3203, 214, 'https://www.gutenberg.org/ebooks/1019.kf8.images', 3),
(3204, 214, 'https://www.gutenberg.org/ebooks/1019.kindle.images', 3),
(3205, 214, 'https://www.gutenberg.org/ebooks/1019.kindle.noimages', 3),
(3206, 214, 'https://www.gutenberg.org/ebooks/1019.txt.utf-8', 4),
(3207, 214, 'https://www.gutenberg.org/files/1019/1019-0.txt', 8),
(3208, 214, 'https://www.gutenberg.org/files/1019/1019-0.zip', 8),
(3209, 214, 'https://www.gutenberg.org/ebooks/1019.rdf', 5),
(3210, 214, 'https://www.gutenberg.org/cache/epub/1019/pg1019.cover.medium.jpg', 6),
(3211, 214, 'https://www.gutenberg.org/cache/epub/1019/pg1019.cover.small.jpg', 6),
(3212, 214, 'https://www.gutenberg.org/cache/epub/1019/pg1019-h.zip', 7),
(3213, 215, 'https://www.gutenberg.org/files/10190/10190-m/10190-m-readme.txt', 4),
(3214, 215, 'https://www.gutenberg.org/files/10190/10190-m/10190-m-001.mp3', 13),
(3215, 215, 'https://www.gutenberg.org/ebooks/10190.rdf', 5),
(3216, 215, 'https://www.gutenberg.org/cache/epub/10190/pg10190.cover.medium.jpg', 6),
(3217, 215, 'https://www.gutenberg.org/cache/epub/10190/pg10190.cover.small.jpg', 6),
(3218, 216, 'https://www.gutenberg.org/files/10191/10191-m/10191-m-readme.txt', 4),
(3219, 216, 'https://www.gutenberg.org/files/10191/10191-m/10191-m-001.mp3', 13),
(3220, 216, 'https://www.gutenberg.org/ebooks/10191.rdf', 5),
(3221, 216, 'https://www.gutenberg.org/cache/epub/10191/pg10191.cover.medium.jpg', 6),
(3222, 216, 'https://www.gutenberg.org/cache/epub/10191/pg10191.cover.small.jpg', 6),
(3223, 217, 'https://www.gutenberg.org/files/10192/10192-m/10192-m-readme.txt', 4),
(3224, 217, 'https://www.gutenberg.org/files/10192/10192-m/10192-m-001.mp3', 13),
(3225, 217, 'https://www.gutenberg.org/ebooks/10192.rdf', 5),
(3226, 217, 'https://www.gutenberg.org/cache/epub/10192/pg10192.cover.medium.jpg', 6),
(3227, 217, 'https://www.gutenberg.org/cache/epub/10192/pg10192.cover.small.jpg', 6),
(3228, 218, 'https://www.gutenberg.org/files/10193/10193-m/10193-m-readme.txt', 4),
(3229, 218, 'https://www.gutenberg.org/files/10193/10193-m/10193-m-001.mp3', 13),
(3230, 218, 'https://www.gutenberg.org/ebooks/10193.rdf', 5),
(3231, 218, 'https://www.gutenberg.org/cache/epub/10193/pg10193.cover.medium.jpg', 6),
(3232, 218, 'https://www.gutenberg.org/cache/epub/10193/pg10193.cover.small.jpg', 6),
(3233, 219, 'https://www.gutenberg.org/files/10194/10194-m/10194-m-readme.txt', 4),
(3234, 219, 'https://www.gutenberg.org/files/10194/10194-m/10194-m-001.mp3', 13),
(3235, 219, 'https://www.gutenberg.org/ebooks/10194.rdf', 5),
(3236, 219, 'https://www.gutenberg.org/cache/epub/10194/pg10194.cover.medium.jpg', 6),
(3237, 219, 'https://www.gutenberg.org/cache/epub/10194/pg10194.cover.small.jpg', 6),
(3238, 220, 'https://www.gutenberg.org/files/10195/10195-m/10195-m-readme.txt', 4),
(3239, 220, 'https://www.gutenberg.org/files/10195/10195-m/10195-m-001.mp3', 13),
(3240, 220, 'https://www.gutenberg.org/ebooks/10195.rdf', 5),
(3241, 220, 'https://www.gutenberg.org/cache/epub/10195/pg10195.cover.medium.jpg', 6),
(3242, 220, 'https://www.gutenberg.org/cache/epub/10195/pg10195.cover.small.jpg', 6),
(3243, 221, 'https://www.gutenberg.org/files/10196/10196-m/10196-m-readme.txt', 4),
(3244, 221, 'https://www.gutenberg.org/files/10196/10196-m/10196-m-001.mp3', 13),
(3245, 221, 'https://www.gutenberg.org/ebooks/10196.rdf', 5),
(3246, 221, 'https://www.gutenberg.org/cache/epub/10196/pg10196.cover.medium.jpg', 6),
(3247, 221, 'https://www.gutenberg.org/cache/epub/10196/pg10196.cover.small.jpg', 6),
(3248, 222, 'https://www.gutenberg.org/files/10197/10197-m/10197-m-readme.txt', 4),
(3249, 222, 'https://www.gutenberg.org/files/10197/10197-m/10197-m-001.mp3', 13),
(3250, 222, 'https://www.gutenberg.org/ebooks/10197.rdf', 5),
(3251, 222, 'https://www.gutenberg.org/cache/epub/10197/pg10197.cover.medium.jpg', 6),
(3252, 222, 'https://www.gutenberg.org/cache/epub/10197/pg10197.cover.small.jpg', 6),
(3253, 223, 'https://www.gutenberg.org/files/10198/10198-m/10198-m-readme.txt', 4),
(3254, 223, 'https://www.gutenberg.org/files/10198/10198-m/10198-m-001.mp3', 13),
(3255, 223, 'https://www.gutenberg.org/ebooks/10198.rdf', 5),
(3256, 223, 'https://www.gutenberg.org/cache/epub/10198/pg10198.cover.medium.jpg', 6),
(3257, 223, 'https://www.gutenberg.org/cache/epub/10198/pg10198.cover.small.jpg', 6),
(3258, 224, 'https://www.gutenberg.org/files/10199/10199-m/10199-m-readme.txt', 4),
(3259, 224, 'https://www.gutenberg.org/files/10199/10199-m/10199-m-001.mp3', 13),
(3260, 224, 'https://www.gutenberg.org/ebooks/10199.rdf', 5),
(3261, 224, 'https://www.gutenberg.org/cache/epub/10199/pg10199.cover.medium.jpg', 6),
(3262, 224, 'https://www.gutenberg.org/cache/epub/10199/pg10199.cover.small.jpg', 6),
(3263, 225, 'https://www.gutenberg.org/ebooks/102.html.images', 1),
(3264, 225, 'https://www.gutenberg.org/files/102/102-h/102-h.htm', 1),
(3265, 225, 'https://www.gutenberg.org/ebooks/102.epub3.images', 2),
(3266, 225, 'https://www.gutenberg.org/ebooks/102.epub.images', 2),
(3267, 225, 'https://www.gutenberg.org/ebooks/102.epub.noimages', 2),
(3268, 225, 'https://www.gutenberg.org/ebooks/102.kf8.images', 3),
(3269, 225, 'https://www.gutenberg.org/ebooks/102.kindle.images', 3),
(3270, 225, 'https://www.gutenberg.org/ebooks/102.kindle.noimages', 3),
(3271, 225, 'https://www.gutenberg.org/ebooks/102.txt.utf-8', 4),
(3272, 225, 'https://www.gutenberg.org/files/102/102-0.txt', 4),
(3273, 225, 'https://www.gutenberg.org/ebooks/102.rdf', 5),
(3274, 225, 'https://www.gutenberg.org/cache/epub/102/pg102.cover.medium.jpg', 6),
(3275, 225, 'https://www.gutenberg.org/cache/epub/102/pg102.cover.small.jpg', 6),
(3276, 225, 'https://www.gutenberg.org/files/102/102-0.zip', 7),
(3277, 225, 'https://www.gutenberg.org/files/102/102-h.zip', 7),
(3278, 225, 'https://www.gutenberg.org/cache/epub/102/pg102-h.zip', 7),
(3279, 226, 'https://www.gutenberg.org/ebooks/1020.html.images', 1),
(3280, 226, 'https://www.gutenberg.org/files/1020/1020-h/1020-h.htm', 9),
(3281, 226, 'https://www.gutenberg.org/files/1020/1020-h.zip', 9),
(3282, 226, 'https://www.gutenberg.org/ebooks/1020.epub3.images', 2),
(3283, 226, 'https://www.gutenberg.org/ebooks/1020.epub.images', 2),
(3284, 226, 'https://www.gutenberg.org/ebooks/1020.epub.noimages', 2),
(3285, 226, 'https://www.gutenberg.org/ebooks/1020.kf8.images', 3),
(3286, 226, 'https://www.gutenberg.org/ebooks/1020.kindle.images', 3),
(3287, 226, 'https://www.gutenberg.org/ebooks/1020.kindle.noimages', 3),
(3288, 226, 'https://www.gutenberg.org/ebooks/1020.txt.utf-8', 4),
(3289, 226, 'https://www.gutenberg.org/files/1020/1020-8.txt', 10),
(3290, 226, 'https://www.gutenberg.org/files/1020/1020-8.zip', 10),
(3291, 226, 'https://www.gutenberg.org/files/1020/1020.txt', 4),
(3292, 226, 'https://www.gutenberg.org/files/1020/1020.zip', 4),
(3293, 226, 'https://www.gutenberg.org/ebooks/1020.rdf', 5),
(3294, 226, 'https://www.gutenberg.org/cache/epub/1020/pg1020.cover.medium.jpg', 6),
(3295, 226, 'https://www.gutenberg.org/cache/epub/1020/pg1020.cover.small.jpg', 6),
(3296, 226, 'https://www.gutenberg.org/cache/epub/1020/pg1020-h.zip', 7),
(3297, 227, 'https://www.gutenberg.org/files/10200/10200-m/10200-m-readme.txt', 4),
(3298, 227, 'https://www.gutenberg.org/files/10200/10200-m/10200-m-001.mp3', 13),
(3299, 227, 'https://www.gutenberg.org/ebooks/10200.rdf', 5),
(3300, 227, 'https://www.gutenberg.org/cache/epub/10200/pg10200.cover.medium.jpg', 6),
(3301, 227, 'https://www.gutenberg.org/cache/epub/10200/pg10200.cover.small.jpg', 6),
(3302, 228, 'https://www.gutenberg.org/ebooks/10201.html.images', 1),
(3303, 228, 'https://www.gutenberg.org/files/10201/10201-h/10201-h.htm', 1),
(3304, 228, 'https://www.gutenberg.org/ebooks/10201.epub3.images', 2),
(3305, 228, 'https://www.gutenberg.org/ebooks/10201.epub.images', 2),
(3306, 228, 'https://www.gutenberg.org/ebooks/10201.epub.noimages', 2),
(3307, 228, 'https://www.gutenberg.org/ebooks/10201.kf8.images', 3),
(3308, 228, 'https://www.gutenberg.org/ebooks/10201.kindle.images', 3),
(3309, 228, 'https://www.gutenberg.org/ebooks/10201.kindle.noimages', 3),
(3310, 228, 'https://www.gutenberg.org/ebooks/10201.txt.utf-8', 4),
(3311, 228, 'https://www.gutenberg.org/files/10201/10201-8.txt', 4),
(3312, 228, 'https://www.gutenberg.org/files/10201/10201.txt', 4),
(3313, 228, 'https://www.gutenberg.org/ebooks/10201.rdf', 5),
(3314, 228, 'https://www.gutenberg.org/cache/epub/10201/pg10201.cover.medium.jpg', 6),
(3315, 228, 'https://www.gutenberg.org/cache/epub/10201/pg10201.cover.small.jpg', 6),
(3316, 228, 'https://www.gutenberg.org/files/10201/10201-8.zip', 7),
(3317, 228, 'https://www.gutenberg.org/files/10201/10201-h.zip', 7),
(3318, 228, 'https://www.gutenberg.org/files/10201/10201.zip', 7),
(3319, 228, 'https://www.gutenberg.org/cache/epub/10201/pg10201-h.zip', 7),
(3320, 229, 'https://www.gutenberg.org/ebooks/10202.html.images', 1),
(3321, 229, 'https://www.gutenberg.org/ebooks/10202.html.noimages', 1),
(3322, 229, 'https://www.gutenberg.org/ebooks/10202.epub3.images', 2),
(3323, 229, 'https://www.gutenberg.org/ebooks/10202.epub.images', 2),
(3324, 229, 'https://www.gutenberg.org/ebooks/10202.epub.noimages', 2),
(3325, 229, 'https://www.gutenberg.org/ebooks/10202.kf8.images', 3),
(3326, 229, 'https://www.gutenberg.org/ebooks/10202.kindle.images', 3),
(3327, 229, 'https://www.gutenberg.org/ebooks/10202.kindle.noimages', 3),
(3328, 229, 'https://www.gutenberg.org/ebooks/10202.txt.utf-8', 4),
(3329, 229, 'https://www.gutenberg.org/files/10202/10202-8.txt', 10),
(3330, 229, 'https://www.gutenberg.org/files/10202/10202-8.zip', 10),
(3331, 229, 'https://www.gutenberg.org/files/10202/10202.txt', 4),
(3332, 229, 'https://www.gutenberg.org/files/10202/10202.zip', 4),
(3333, 229, 'https://www.gutenberg.org/ebooks/10202.rdf', 5),
(3334, 229, 'https://www.gutenberg.org/cache/epub/10202/pg10202.cover.medium.jpg', 6),
(3335, 229, 'https://www.gutenberg.org/cache/epub/10202/pg10202.cover.small.jpg', 6),
(3336, 229, 'https://www.gutenberg.org/cache/epub/10202/pg10202-h.zip', 7),
(3337, 230, 'https://www.gutenberg.org/files/10203/10203-m/10203-m-readme.txt', 4),
(3338, 230, 'https://www.gutenberg.org/files/10203/10203-m/10203-m-001.mp3', 13),
(3339, 230, 'https://www.gutenberg.org/ebooks/10203.rdf', 5),
(3340, 230, 'https://www.gutenberg.org/cache/epub/10203/pg10203.cover.medium.jpg', 6),
(3341, 230, 'https://www.gutenberg.org/cache/epub/10203/pg10203.cover.small.jpg', 6),
(3342, 231, 'https://www.gutenberg.org/files/10204/10204-m/10204-m-readme.txt', 4),
(3343, 231, 'https://www.gutenberg.org/files/10204/10204-m/10204-m-001.mp3', 13),
(3344, 231, 'https://www.gutenberg.org/ebooks/10204.rdf', 5),
(3345, 231, 'https://www.gutenberg.org/cache/epub/10204/pg10204.cover.medium.jpg', 6),
(3346, 231, 'https://www.gutenberg.org/cache/epub/10204/pg10204.cover.small.jpg', 6),
(3347, 232, 'https://www.gutenberg.org/files/10205/10205-m/10205-m-readme.txt', 4),
(3348, 232, 'https://www.gutenberg.org/files/10205/10205-m/10205-m-001.mp3', 13),
(3349, 232, 'https://www.gutenberg.org/ebooks/10205.rdf', 5),
(3350, 232, 'https://www.gutenberg.org/cache/epub/10205/pg10205.cover.medium.jpg', 6),
(3351, 232, 'https://www.gutenberg.org/cache/epub/10205/pg10205.cover.small.jpg', 6),
(3352, 233, 'https://www.gutenberg.org/files/10206/10206-m/10206-m-readme.txt', 4),
(3353, 233, 'https://www.gutenberg.org/files/10206/10206-m/10206-m-001.mp3', 13),
(3354, 233, 'https://www.gutenberg.org/ebooks/10206.rdf', 5),
(3355, 233, 'https://www.gutenberg.org/cache/epub/10206/pg10206.cover.medium.jpg', 6),
(3356, 233, 'https://www.gutenberg.org/cache/epub/10206/pg10206.cover.small.jpg', 6),
(3357, 234, 'https://www.gutenberg.org/files/10207/10207-m/10207-m-readme.txt', 4),
(3358, 234, 'https://www.gutenberg.org/files/10207/10207-m/10207-m-001.mp3', 13),
(3359, 234, 'https://www.gutenberg.org/ebooks/10207.rdf', 5),
(3360, 234, 'https://www.gutenberg.org/cache/epub/10207/pg10207.cover.medium.jpg', 6),
(3361, 234, 'https://www.gutenberg.org/cache/epub/10207/pg10207.cover.small.jpg', 6),
(3362, 235, 'https://www.gutenberg.org/files/10208/10208-m/10208-m-readme.txt', 4),
(3363, 235, 'https://www.gutenberg.org/files/10208/10208-m/10208-m-001.mp3', 13),
(3364, 235, 'https://www.gutenberg.org/ebooks/10208.rdf', 5),
(3365, 235, 'https://www.gutenberg.org/cache/epub/10208/pg10208.cover.medium.jpg', 6),
(3366, 235, 'https://www.gutenberg.org/cache/epub/10208/pg10208.cover.small.jpg', 6),
(3367, 236, 'https://www.gutenberg.org/files/10209/10209-m/10209-m-readme.txt', 4),
(3368, 236, 'https://www.gutenberg.org/files/10209/10209-m/10209-m-001.mp3', 13),
(3369, 236, 'https://www.gutenberg.org/ebooks/10209.rdf', 5),
(3370, 236, 'https://www.gutenberg.org/cache/epub/10209/pg10209.cover.medium.jpg', 6),
(3371, 236, 'https://www.gutenberg.org/cache/epub/10209/pg10209.cover.small.jpg', 6),
(3372, 237, 'https://www.gutenberg.org/ebooks/1021.html.images', 1),
(3373, 237, 'https://www.gutenberg.org/files/1021/1021-h/1021-h.htm', 11),
(3374, 237, 'https://www.gutenberg.org/files/1021/1021-h.zip', 11),
(3375, 237, 'https://www.gutenberg.org/ebooks/1021.epub3.images', 2),
(3376, 237, 'https://www.gutenberg.org/ebooks/1021.epub.images', 2),
(3377, 237, 'https://www.gutenberg.org/ebooks/1021.epub.noimages', 2),
(3378, 237, 'https://www.gutenberg.org/ebooks/1021.kf8.images', 3),
(3379, 237, 'https://www.gutenberg.org/ebooks/1021.kindle.images', 3),
(3380, 237, 'https://www.gutenberg.org/ebooks/1021.kindle.noimages', 3),
(3381, 237, 'https://www.gutenberg.org/ebooks/1021.txt.utf-8', 4),
(3382, 237, 'https://www.gutenberg.org/files/1021/1021.txt', 4),
(3383, 237, 'https://www.gutenberg.org/files/1021/1021.zip', 4),
(3384, 237, 'https://www.gutenberg.org/ebooks/1021.rdf', 5),
(3385, 237, 'https://www.gutenberg.org/cache/epub/1021/pg1021.cover.medium.jpg', 6),
(3386, 237, 'https://www.gutenberg.org/cache/epub/1021/pg1021.cover.small.jpg', 6),
(3387, 237, 'https://www.gutenberg.org/cache/epub/1021/pg1021-h.zip', 7),
(3388, 238, 'https://www.gutenberg.org/ebooks/10210.html.images', 1),
(3389, 238, 'https://www.gutenberg.org/ebooks/10210.html.noimages', 1),
(3390, 238, 'https://www.gutenberg.org/ebooks/10210.epub3.images', 2),
(3391, 238, 'https://www.gutenberg.org/ebooks/10210.epub.images', 2),
(3392, 238, 'https://www.gutenberg.org/ebooks/10210.epub.noimages', 2),
(3393, 238, 'https://www.gutenberg.org/ebooks/10210.kf8.images', 3),
(3394, 238, 'https://www.gutenberg.org/ebooks/10210.kindle.images', 3),
(3395, 238, 'https://www.gutenberg.org/ebooks/10210.kindle.noimages', 3),
(3396, 238, 'https://www.gutenberg.org/ebooks/10210.txt.utf-8', 4),
(3397, 238, 'https://www.gutenberg.org/files/10210/10210-8.txt', 10),
(3398, 238, 'https://www.gutenberg.org/files/10210/10210-8.zip', 10),
(3399, 238, 'https://www.gutenberg.org/files/10210/10210.txt', 4),
(3400, 238, 'https://www.gutenberg.org/files/10210/10210.zip', 4),
(3401, 238, 'https://www.gutenberg.org/ebooks/10210.rdf', 5),
(3402, 238, 'https://www.gutenberg.org/cache/epub/10210/pg10210.cover.medium.jpg', 6),
(3403, 238, 'https://www.gutenberg.org/cache/epub/10210/pg10210.cover.small.jpg', 6),
(3404, 238, 'https://www.gutenberg.org/cache/epub/10210/pg10210-h.zip', 7),
(3405, 239, 'https://www.gutenberg.org/ebooks/10211.html.images', 1),
(3406, 239, 'https://www.gutenberg.org/files/10211/10211-h/10211-h.htm', 11),
(3407, 239, 'https://www.gutenberg.org/files/10211/10211-h.zip', 1),
(3408, 239, 'https://www.gutenberg.org/ebooks/10211.epub3.images', 2),
(3409, 239, 'https://www.gutenberg.org/ebooks/10211.epub.images', 2),
(3410, 239, 'https://www.gutenberg.org/ebooks/10211.epub.noimages', 2),
(3411, 239, 'https://www.gutenberg.org/ebooks/10211.kf8.images', 3),
(3412, 239, 'https://www.gutenberg.org/ebooks/10211.kindle.images', 3),
(3413, 239, 'https://www.gutenberg.org/ebooks/10211.kindle.noimages', 3),
(3414, 239, 'https://www.gutenberg.org/ebooks/10211.txt.utf-8', 4),
(3415, 239, 'https://www.gutenberg.org/files/10211/10211.txt', 4),
(3416, 239, 'https://www.gutenberg.org/files/10211/10211.zip', 4),
(3417, 239, 'https://www.gutenberg.org/ebooks/10211.rdf', 5),
(3418, 239, 'https://www.gutenberg.org/cache/epub/10211/pg10211.cover.medium.jpg', 6),
(3419, 239, 'https://www.gutenberg.org/cache/epub/10211/pg10211.cover.small.jpg', 6),
(3420, 239, 'https://www.gutenberg.org/cache/epub/10211/pg10211-h.zip', 7),
(3421, 240, 'https://www.gutenberg.org/ebooks/10212.html.images', 1),
(3422, 240, 'https://www.gutenberg.org/files/10212/10212-h/10212-h.htm', 11),
(3423, 240, 'https://www.gutenberg.org/files/10212/10212-h.zip', 11),
(3424, 240, 'https://www.gutenberg.org/ebooks/10212.epub3.images', 2),
(3425, 240, 'https://www.gutenberg.org/ebooks/10212.epub.images', 2),
(3426, 240, 'https://www.gutenberg.org/ebooks/10212.epub.noimages', 2),
(3427, 240, 'https://www.gutenberg.org/ebooks/10212.kf8.images', 3),
(3428, 240, 'https://www.gutenberg.org/ebooks/10212.kindle.images', 3),
(3429, 240, 'https://www.gutenberg.org/ebooks/10212.kindle.noimages', 3),
(3430, 240, 'https://www.gutenberg.org/ebooks/10212.txt.utf-8', 4),
(3431, 240, 'https://www.gutenberg.org/files/10212/10212.txt', 4),
(3432, 240, 'https://www.gutenberg.org/files/10212/10212.zip', 4),
(3433, 240, 'https://www.gutenberg.org/ebooks/10212.rdf', 5),
(3434, 240, 'https://www.gutenberg.org/cache/epub/10212/pg10212.cover.medium.jpg', 6),
(3435, 240, 'https://www.gutenberg.org/cache/epub/10212/pg10212.cover.small.jpg', 6),
(3436, 240, 'https://www.gutenberg.org/cache/epub/10212/pg10212-h.zip', 7),
(3437, 241, 'https://www.gutenberg.org/ebooks/10213.html.images', 1),
(3438, 241, 'https://www.gutenberg.org/ebooks/10213.html.noimages', 1),
(3439, 241, 'https://www.gutenberg.org/ebooks/10213.epub3.images', 2),
(3440, 241, 'https://www.gutenberg.org/ebooks/10213.epub.images', 2),
(3441, 241, 'https://www.gutenberg.org/ebooks/10213.epub.noimages', 2),
(3442, 241, 'https://www.gutenberg.org/ebooks/10213.kf8.images', 3),
(3443, 241, 'https://www.gutenberg.org/ebooks/10213.kindle.images', 3),
(3444, 241, 'https://www.gutenberg.org/ebooks/10213.kindle.noimages', 3),
(3445, 241, 'https://www.gutenberg.org/ebooks/10213.txt.utf-8', 4),
(3446, 241, 'https://www.gutenberg.org/files/10213/10213-8.txt', 10),
(3447, 241, 'https://www.gutenberg.org/files/10213/10213-8.zip', 10),
(3448, 241, 'https://www.gutenberg.org/files/10213/10213.txt', 4),
(3449, 241, 'https://www.gutenberg.org/files/10213/10213.zip', 4),
(3450, 241, 'https://www.gutenberg.org/ebooks/10213.rdf', 5),
(3451, 241, 'https://www.gutenberg.org/cache/epub/10213/pg10213.cover.medium.jpg', 6),
(3452, 241, 'https://www.gutenberg.org/cache/epub/10213/pg10213.cover.small.jpg', 6),
(3453, 241, 'https://www.gutenberg.org/cache/epub/10213/pg10213-h.zip', 7),
(3454, 242, 'https://www.gutenberg.org/ebooks/10214.html.images', 1),
(3455, 242, 'https://www.gutenberg.org/ebooks/10214.html.noimages', 1),
(3456, 242, 'https://www.gutenberg.org/ebooks/10214.epub3.images', 2),
(3457, 242, 'https://www.gutenberg.org/ebooks/10214.epub.images', 2),
(3458, 242, 'https://www.gutenberg.org/ebooks/10214.epub.noimages', 2),
(3459, 242, 'https://www.gutenberg.org/ebooks/10214.kf8.images', 3),
(3460, 242, 'https://www.gutenberg.org/ebooks/10214.kindle.images', 3),
(3461, 242, 'https://www.gutenberg.org/ebooks/10214.kindle.noimages', 3),
(3462, 242, 'https://www.gutenberg.org/ebooks/10214.txt.utf-8', 4),
(3463, 242, 'https://www.gutenberg.org/files/10214/10214-8.txt', 10),
(3464, 242, 'https://www.gutenberg.org/files/10214/10214.txt', 10),
(3465, 242, 'https://www.gutenberg.org/files/10214/10214-8.zip', 10),
(3466, 242, 'https://www.gutenberg.org/files/10214/10214.zip', 10),
(3467, 242, 'https://www.gutenberg.org/ebooks/10214.rdf', 5),
(3468, 242, 'https://www.gutenberg.org/cache/epub/10214/pg10214.cover.medium.jpg', 6),
(3469, 242, 'https://www.gutenberg.org/cache/epub/10214/pg10214.cover.small.jpg', 6),
(3470, 242, 'https://www.gutenberg.org/cache/epub/10214/pg10214-h.zip', 7),
(3471, 243, 'https://www.gutenberg.org/ebooks/10215.html.images', 1),
(3472, 243, 'https://www.gutenberg.org/ebooks/10215.html.noimages', 1),
(3473, 243, 'https://www.gutenberg.org/ebooks/10215.epub3.images', 2),
(3474, 243, 'https://www.gutenberg.org/ebooks/10215.epub.images', 2),
(3475, 243, 'https://www.gutenberg.org/ebooks/10215.epub.noimages', 2),
(3476, 243, 'https://www.gutenberg.org/ebooks/10215.kf8.images', 3),
(3477, 243, 'https://www.gutenberg.org/ebooks/10215.kindle.images', 3),
(3478, 243, 'https://www.gutenberg.org/ebooks/10215.kindle.noimages', 3),
(3479, 243, 'https://www.gutenberg.org/ebooks/10215.txt.utf-8', 4),
(3480, 243, 'https://www.gutenberg.org/files/10215/10215-8.txt', 10),
(3481, 243, 'https://www.gutenberg.org/files/10215/10215-8.zip', 10),
(3482, 243, 'https://www.gutenberg.org/files/10215/10215.txt', 4),
(3483, 243, 'https://www.gutenberg.org/files/10215/10215.zip', 4),
(3484, 243, 'https://www.gutenberg.org/ebooks/10215.rdf', 5),
(3485, 243, 'https://www.gutenberg.org/cache/epub/10215/pg10215.cover.medium.jpg', 6),
(3486, 243, 'https://www.gutenberg.org/cache/epub/10215/pg10215.cover.small.jpg', 6),
(3487, 243, 'https://www.gutenberg.org/cache/epub/10215/pg10215-h.zip', 7),
(3488, 244, 'https://www.gutenberg.org/ebooks/10216.html.images', 1),
(3489, 244, 'https://www.gutenberg.org/ebooks/10216.html.noimages', 1),
(3490, 244, 'https://www.gutenberg.org/ebooks/10216.epub3.images', 2),
(3491, 244, 'https://www.gutenberg.org/ebooks/10216.epub.images', 2),
(3492, 244, 'https://www.gutenberg.org/ebooks/10216.epub.noimages', 2),
(3493, 244, 'https://www.gutenberg.org/ebooks/10216.kf8.images', 3),
(3494, 244, 'https://www.gutenberg.org/ebooks/10216.kindle.images', 3),
(3495, 244, 'https://www.gutenberg.org/ebooks/10216.kindle.noimages', 3),
(3496, 244, 'https://www.gutenberg.org/ebooks/10216.txt.utf-8', 4),
(3497, 244, 'https://www.gutenberg.org/files/10216/10216.txt', 4),
(3498, 244, 'https://www.gutenberg.org/files/10216/10216.zip', 4),
(3499, 244, 'https://www.gutenberg.org/ebooks/10216.rdf', 5),
(3500, 244, 'https://www.gutenberg.org/cache/epub/10216/pg10216.cover.medium.jpg', 6),
(3501, 244, 'https://www.gutenberg.org/cache/epub/10216/pg10216.cover.small.jpg', 6),
(3502, 244, 'https://www.gutenberg.org/cache/epub/10216/pg10216-h.zip', 7),
(3503, 245, 'https://www.gutenberg.org/ebooks/10217.html.images', 1),
(3504, 245, 'https://www.gutenberg.org/ebooks/10217.html.noimages', 1),
(3505, 245, 'https://www.gutenberg.org/ebooks/10217.epub3.images', 2),
(3506, 245, 'https://www.gutenberg.org/ebooks/10217.epub.images', 2),
(3507, 245, 'https://www.gutenberg.org/ebooks/10217.epub.noimages', 2),
(3508, 245, 'https://www.gutenberg.org/ebooks/10217.kf8.images', 3),
(3509, 245, 'https://www.gutenberg.org/ebooks/10217.kindle.images', 3),
(3510, 245, 'https://www.gutenberg.org/ebooks/10217.kindle.noimages', 3),
(3511, 245, 'https://www.gutenberg.org/ebooks/10217.txt.utf-8', 4),
(3512, 245, 'https://www.gutenberg.org/files/10217/10217-8.txt', 10),
(3513, 245, 'https://www.gutenberg.org/files/10217/10217-8.zip', 10),
(3514, 245, 'https://www.gutenberg.org/files/10217/10217.txt', 4),
(3515, 245, 'https://www.gutenberg.org/files/10217/10217.zip', 4),
(3516, 245, 'https://www.gutenberg.org/ebooks/10217.rdf', 5),
(3517, 245, 'https://www.gutenberg.org/cache/epub/10217/pg10217.cover.medium.jpg', 6),
(3518, 245, 'https://www.gutenberg.org/cache/epub/10217/pg10217.cover.small.jpg', 6),
(3519, 245, 'https://www.gutenberg.org/cache/epub/10217/pg10217-h.zip', 7),
(3520, 246, 'https://www.gutenberg.org/ebooks/10218.html.images', 1),
(3521, 246, 'https://www.gutenberg.org/ebooks/10218.html.noimages', 1),
(3522, 246, 'https://www.gutenberg.org/ebooks/10218.epub3.images', 2),
(3523, 246, 'https://www.gutenberg.org/ebooks/10218.epub.images', 2),
(3524, 246, 'https://www.gutenberg.org/ebooks/10218.epub.noimages', 2),
(3525, 246, 'https://www.gutenberg.org/ebooks/10218.kf8.images', 3),
(3526, 246, 'https://www.gutenberg.org/ebooks/10218.kindle.images', 3),
(3527, 246, 'https://www.gutenberg.org/ebooks/10218.kindle.noimages', 3),
(3528, 246, 'https://www.gutenberg.org/ebooks/10218.txt.utf-8', 4),
(3529, 246, 'https://www.gutenberg.org/files/10218/10218-8.txt', 10),
(3530, 246, 'https://www.gutenberg.org/files/10218/10218.txt', 10),
(3531, 246, 'https://www.gutenberg.org/files/10218/10218-8.zip', 10),
(3532, 246, 'https://www.gutenberg.org/files/10218/10218.zip', 10),
(3533, 246, 'https://www.gutenberg.org/ebooks/10218.rdf', 5),
(3534, 246, 'https://www.gutenberg.org/cache/epub/10218/pg10218.cover.medium.jpg', 6),
(3535, 246, 'https://www.gutenberg.org/cache/epub/10218/pg10218.cover.small.jpg', 6),
(3536, 246, 'https://www.gutenberg.org/cache/epub/10218/pg10218-h.zip', 7),
(3537, 247, 'https://www.gutenberg.org/ebooks/10219.html.images', 1),
(3538, 247, 'https://www.gutenberg.org/files/10219/10219-h/10219-h.htm', 9),
(3539, 247, 'https://www.gutenberg.org/files/10219/10219-h.zip', 9),
(3540, 247, 'https://www.gutenberg.org/ebooks/10219.epub3.images', 2),
(3541, 247, 'https://www.gutenberg.org/ebooks/10219.epub.images', 2),
(3542, 247, 'https://www.gutenberg.org/ebooks/10219.epub.noimages', 2),
(3543, 247, 'https://www.gutenberg.org/ebooks/10219.kf8.images', 3),
(3544, 247, 'https://www.gutenberg.org/ebooks/10219.kindle.images', 3),
(3545, 247, 'https://www.gutenberg.org/ebooks/10219.kindle.noimages', 3),
(3546, 247, 'https://www.gutenberg.org/ebooks/10219.txt.utf-8', 4),
(3547, 247, 'https://www.gutenberg.org/files/10219/10219-8.txt', 10),
(3548, 247, 'https://www.gutenberg.org/files/10219/10219-8.zip', 10),
(3549, 247, 'https://www.gutenberg.org/files/10219/10219.txt', 4),
(3550, 247, 'https://www.gutenberg.org/files/10219/10219.zip', 4),
(3551, 247, 'https://www.gutenberg.org/ebooks/10219.rdf', 5),
(3552, 247, 'https://www.gutenberg.org/cache/epub/10219/pg10219.cover.medium.jpg', 6),
(3553, 247, 'https://www.gutenberg.org/cache/epub/10219/pg10219.cover.small.jpg', 6),
(3554, 247, 'https://www.gutenberg.org/cache/epub/10219/pg10219-h.zip', 7),
(3555, 248, 'https://www.gutenberg.org/ebooks/1022.html.images', 1),
(3556, 248, 'https://www.gutenberg.org/files/1022/1022-h/1022-h.htm', 12),
(3557, 248, 'https://www.gutenberg.org/files/1022/1022-h.zip', 12),
(3558, 248, 'https://www.gutenberg.org/ebooks/1022.epub3.images', 2),
(3559, 248, 'https://www.gutenberg.org/ebooks/1022.epub.images', 2),
(3560, 248, 'https://www.gutenberg.org/ebooks/1022.epub.noimages', 2),
(3561, 248, 'https://www.gutenberg.org/ebooks/1022.kf8.images', 3),
(3562, 248, 'https://www.gutenberg.org/ebooks/1022.kindle.images', 3),
(3563, 248, 'https://www.gutenberg.org/ebooks/1022.kindle.noimages', 3),
(3564, 248, 'https://www.gutenberg.org/ebooks/1022.txt.utf-8', 4),
(3565, 248, 'https://www.gutenberg.org/files/1022/1022-0.txt', 8),
(3566, 248, 'https://www.gutenberg.org/files/1022/1022-0.zip', 8),
(3567, 248, 'https://www.gutenberg.org/ebooks/1022.rdf', 5),
(3568, 248, 'https://www.gutenberg.org/cache/epub/1022/pg1022.cover.medium.jpg', 6),
(3569, 248, 'https://www.gutenberg.org/cache/epub/1022/pg1022.cover.small.jpg', 6),
(3570, 248, 'https://www.gutenberg.org/cache/epub/1022/pg1022-h.zip', 7),
(3571, 249, 'https://www.gutenberg.org/ebooks/10220.html.images', 1),
(3572, 249, 'https://www.gutenberg.org/ebooks/10220.html.noimages', 1),
(3573, 249, 'https://www.gutenberg.org/ebooks/10220.epub3.images', 2),
(3574, 249, 'https://www.gutenberg.org/ebooks/10220.epub.images', 2),
(3575, 249, 'https://www.gutenberg.org/ebooks/10220.epub.noimages', 2),
(3576, 249, 'https://www.gutenberg.org/ebooks/10220.kf8.images', 3),
(3577, 249, 'https://www.gutenberg.org/ebooks/10220.kindle.images', 3),
(3578, 249, 'https://www.gutenberg.org/ebooks/10220.kindle.noimages', 3),
(3579, 249, 'https://www.gutenberg.org/ebooks/10220.txt.utf-8', 4),
(3580, 249, 'https://www.gutenberg.org/files/10220/10220.txt', 4),
(3581, 249, 'https://www.gutenberg.org/files/10220/10220.zip', 4);
INSERT INTO `booklinks` (`Link_id`, `Book_id`, `Link`, `type_id`) VALUES
(3582, 249, 'https://www.gutenberg.org/ebooks/10220.rdf', 5),
(3583, 249, 'https://www.gutenberg.org/cache/epub/10220/pg10220.cover.medium.jpg', 6),
(3584, 249, 'https://www.gutenberg.org/cache/epub/10220/pg10220.cover.small.jpg', 6),
(3585, 249, 'https://www.gutenberg.org/cache/epub/10220/pg10220-h.zip', 7),
(3586, 250, 'https://www.gutenberg.org/ebooks/10221.html.images', 1),
(3587, 250, 'https://www.gutenberg.org/ebooks/10221.html.noimages', 1),
(3588, 250, 'https://www.gutenberg.org/ebooks/10221.epub3.images', 2),
(3589, 250, 'https://www.gutenberg.org/ebooks/10221.epub.images', 2),
(3590, 250, 'https://www.gutenberg.org/ebooks/10221.epub.noimages', 2),
(3591, 250, 'https://www.gutenberg.org/ebooks/10221.kf8.images', 3),
(3592, 250, 'https://www.gutenberg.org/ebooks/10221.kindle.images', 3),
(3593, 250, 'https://www.gutenberg.org/ebooks/10221.kindle.noimages', 3),
(3594, 250, 'https://www.gutenberg.org/ebooks/10221.txt.utf-8', 4),
(3595, 250, 'https://www.gutenberg.org/files/10221/10221.txt', 4),
(3596, 250, 'https://www.gutenberg.org/files/10221/10221.zip', 4),
(3597, 250, 'https://www.gutenberg.org/ebooks/10221.rdf', 5),
(3598, 250, 'https://www.gutenberg.org/cache/epub/10221/pg10221.cover.medium.jpg', 6),
(3599, 250, 'https://www.gutenberg.org/cache/epub/10221/pg10221.cover.small.jpg', 6),
(3600, 250, 'https://www.gutenberg.org/cache/epub/10221/pg10221-h.zip', 7),
(3601, 251, 'https://www.gutenberg.org/ebooks/10222.html.images', 1),
(3602, 251, 'https://www.gutenberg.org/ebooks/10222.html.noimages', 1),
(3603, 251, 'https://www.gutenberg.org/ebooks/10222.epub3.images', 2),
(3604, 251, 'https://www.gutenberg.org/ebooks/10222.epub.images', 2),
(3605, 251, 'https://www.gutenberg.org/ebooks/10222.epub.noimages', 2),
(3606, 251, 'https://www.gutenberg.org/ebooks/10222.kf8.images', 3),
(3607, 251, 'https://www.gutenberg.org/ebooks/10222.kindle.images', 3),
(3608, 251, 'https://www.gutenberg.org/ebooks/10222.kindle.noimages', 3),
(3609, 251, 'https://www.gutenberg.org/ebooks/10222.txt.utf-8', 4),
(3610, 251, 'https://www.gutenberg.org/files/10222/10222-8.txt', 10),
(3611, 251, 'https://www.gutenberg.org/files/10222/10222-8.zip', 10),
(3612, 251, 'https://www.gutenberg.org/files/10222/10222.txt', 4),
(3613, 251, 'https://www.gutenberg.org/files/10222/10222.zip', 4),
(3614, 251, 'https://www.gutenberg.org/ebooks/10222.rdf', 5),
(3615, 251, 'https://www.gutenberg.org/cache/epub/10222/pg10222.cover.medium.jpg', 6),
(3616, 251, 'https://www.gutenberg.org/cache/epub/10222/pg10222.cover.small.jpg', 6),
(3617, 251, 'https://www.gutenberg.org/cache/epub/10222/pg10222-h.zip', 7),
(3618, 252, 'https://www.gutenberg.org/ebooks/10223.html.images', 1),
(3619, 252, 'https://www.gutenberg.org/files/10223/10223-h/10223-h.htm', 1),
(3620, 252, 'https://www.gutenberg.org/ebooks/10223.epub3.images', 2),
(3621, 252, 'https://www.gutenberg.org/ebooks/10223.epub.images', 2),
(3622, 252, 'https://www.gutenberg.org/ebooks/10223.epub.noimages', 2),
(3623, 252, 'https://www.gutenberg.org/ebooks/10223.kf8.images', 3),
(3624, 252, 'https://www.gutenberg.org/ebooks/10223.kindle.images', 3),
(3625, 252, 'https://www.gutenberg.org/ebooks/10223.kindle.noimages', 3),
(3626, 252, 'https://www.gutenberg.org/ebooks/10223.txt.utf-8', 4),
(3627, 252, 'https://www.gutenberg.org/files/10223/10223-0.txt', 4),
(3628, 252, 'https://www.gutenberg.org/ebooks/10223.rdf', 5),
(3629, 252, 'https://www.gutenberg.org/cache/epub/10223/pg10223.cover.medium.jpg', 6),
(3630, 252, 'https://www.gutenberg.org/cache/epub/10223/pg10223.cover.small.jpg', 6),
(3631, 252, 'https://www.gutenberg.org/cache/epub/10223/pg10223-h.zip', 7),
(3632, 253, 'https://www.gutenberg.org/ebooks/10224.html.images', 1),
(3633, 253, 'https://www.gutenberg.org/files/10224/10224-h/10224-h.htm', 9),
(3634, 253, 'https://www.gutenberg.org/files/10224/10224-h.zip', 9),
(3635, 253, 'https://www.gutenberg.org/ebooks/10224.epub3.images', 2),
(3636, 253, 'https://www.gutenberg.org/ebooks/10224.epub.images', 2),
(3637, 253, 'https://www.gutenberg.org/ebooks/10224.epub.noimages', 2),
(3638, 253, 'https://www.gutenberg.org/ebooks/10224.kf8.images', 3),
(3639, 253, 'https://www.gutenberg.org/ebooks/10224.kindle.images', 3),
(3640, 253, 'https://www.gutenberg.org/ebooks/10224.kindle.noimages', 3),
(3641, 253, 'https://www.gutenberg.org/ebooks/10224.txt.utf-8', 4),
(3642, 253, 'https://www.gutenberg.org/files/10224/10224-8.txt', 10),
(3643, 253, 'https://www.gutenberg.org/files/10224/10224-8.zip', 10),
(3644, 253, 'https://www.gutenberg.org/files/10224/10224.txt', 4),
(3645, 253, 'https://www.gutenberg.org/files/10224/10224.zip', 4),
(3646, 253, 'https://www.gutenberg.org/ebooks/10224.rdf', 5),
(3647, 253, 'https://www.gutenberg.org/cache/epub/10224/pg10224.cover.medium.jpg', 6),
(3648, 253, 'https://www.gutenberg.org/cache/epub/10224/pg10224.cover.small.jpg', 6),
(3649, 253, 'https://www.gutenberg.org/cache/epub/10224/pg10224-h.zip', 7),
(3650, 254, 'https://www.gutenberg.org/ebooks/10225.html.images', 1),
(3651, 254, 'https://www.gutenberg.org/ebooks/10225.html.noimages', 1),
(3652, 254, 'https://www.gutenberg.org/ebooks/10225.epub3.images', 2),
(3653, 254, 'https://www.gutenberg.org/ebooks/10225.epub.images', 2),
(3654, 254, 'https://www.gutenberg.org/ebooks/10225.epub.noimages', 2),
(3655, 254, 'https://www.gutenberg.org/ebooks/10225.kf8.images', 3),
(3656, 254, 'https://www.gutenberg.org/ebooks/10225.kindle.images', 3),
(3657, 254, 'https://www.gutenberg.org/ebooks/10225.kindle.noimages', 3),
(3658, 254, 'https://www.gutenberg.org/ebooks/10225.txt.utf-8', 4),
(3659, 254, 'https://www.gutenberg.org/files/10225/10225-8.txt', 10),
(3660, 254, 'https://www.gutenberg.org/files/10225/10225-8.zip', 10),
(3661, 254, 'https://www.gutenberg.org/files/10225/10225.txt', 4),
(3662, 254, 'https://www.gutenberg.org/files/10225/10225.zip', 4),
(3663, 254, 'https://www.gutenberg.org/ebooks/10225.rdf', 5),
(3664, 254, 'https://www.gutenberg.org/cache/epub/10225/pg10225.cover.medium.jpg', 6),
(3665, 254, 'https://www.gutenberg.org/cache/epub/10225/pg10225.cover.small.jpg', 6),
(3666, 254, 'https://www.gutenberg.org/cache/epub/10225/pg10225-h.zip', 7),
(3667, 255, 'https://www.gutenberg.org/ebooks/10226.html.images', 1),
(3668, 255, 'https://www.gutenberg.org/files/10226/10226-h/10226-h.htm', 11),
(3669, 255, 'https://www.gutenberg.org/files/10226/10226-h.zip', 11),
(3670, 255, 'https://www.gutenberg.org/ebooks/10226.epub3.images', 2),
(3671, 255, 'https://www.gutenberg.org/ebooks/10226.epub.images', 2),
(3672, 255, 'https://www.gutenberg.org/ebooks/10226.epub.noimages', 2),
(3673, 255, 'https://www.gutenberg.org/ebooks/10226.kf8.images', 3),
(3674, 255, 'https://www.gutenberg.org/ebooks/10226.kindle.images', 3),
(3675, 255, 'https://www.gutenberg.org/ebooks/10226.kindle.noimages', 3),
(3676, 255, 'https://www.gutenberg.org/ebooks/10226.txt.utf-8', 4),
(3677, 255, 'https://www.gutenberg.org/files/10226/10226.txt', 4),
(3678, 255, 'https://www.gutenberg.org/files/10226/10226.zip', 4),
(3679, 255, 'https://www.gutenberg.org/ebooks/10226.rdf', 5),
(3680, 255, 'https://www.gutenberg.org/cache/epub/10226/pg10226.cover.medium.jpg', 6),
(3681, 255, 'https://www.gutenberg.org/cache/epub/10226/pg10226.cover.small.jpg', 6),
(3682, 255, 'https://www.gutenberg.org/cache/epub/10226/pg10226-h.zip', 7),
(3683, 256, 'https://www.gutenberg.org/files/10227/10227-m/10227-m-readme.txt', 4),
(3684, 256, 'https://www.gutenberg.org/files/10227/10227-m/10227-m-001.mp3', 13),
(3685, 256, 'https://www.gutenberg.org/ebooks/10227.rdf', 5),
(3686, 256, 'https://www.gutenberg.org/cache/epub/10227/pg10227.cover.medium.jpg', 6),
(3687, 256, 'https://www.gutenberg.org/cache/epub/10227/pg10227.cover.small.jpg', 6),
(3688, 257, 'https://www.gutenberg.org/files/10228/10228-m/10228-m-readme.txt', 4),
(3689, 257, 'https://www.gutenberg.org/files/10228/10228-m/10228-m-001.mp3', 13),
(3690, 257, 'https://www.gutenberg.org/ebooks/10228.rdf', 5),
(3691, 257, 'https://www.gutenberg.org/cache/epub/10228/pg10228.cover.medium.jpg', 6),
(3692, 257, 'https://www.gutenberg.org/cache/epub/10228/pg10228.cover.small.jpg', 6),
(3693, 258, 'https://www.gutenberg.org/files/10229/10229-m/10229-m-readme.txt', 4),
(3694, 258, 'https://www.gutenberg.org/files/10229/10229-m/10229-m-001.mp3', 13),
(3695, 258, 'https://www.gutenberg.org/ebooks/10229.rdf', 5),
(3696, 258, 'https://www.gutenberg.org/cache/epub/10229/pg10229.cover.medium.jpg', 6),
(3697, 258, 'https://www.gutenberg.org/cache/epub/10229/pg10229.cover.small.jpg', 6),
(3698, 259, 'https://www.gutenberg.org/ebooks/1023.html.images', 1),
(3699, 259, 'https://www.gutenberg.org/files/1023/1023-h/1023-h.htm', 1),
(3700, 259, 'https://www.gutenberg.org/ebooks/1023.epub3.images', 2),
(3701, 259, 'https://www.gutenberg.org/ebooks/1023.epub.images', 2),
(3702, 259, 'https://www.gutenberg.org/ebooks/1023.epub.noimages', 2),
(3703, 259, 'https://www.gutenberg.org/ebooks/1023.kf8.images', 3),
(3704, 259, 'https://www.gutenberg.org/ebooks/1023.kindle.images', 3),
(3705, 259, 'https://www.gutenberg.org/ebooks/1023.kindle.noimages', 3),
(3706, 259, 'https://www.gutenberg.org/ebooks/1023.txt.utf-8', 4),
(3707, 259, 'https://www.gutenberg.org/files/1023/1023-0.txt', 4),
(3708, 259, 'https://www.gutenberg.org/ebooks/1023.rdf', 5),
(3709, 259, 'https://www.gutenberg.org/cache/epub/1023/pg1023.cover.medium.jpg', 6),
(3710, 259, 'https://www.gutenberg.org/cache/epub/1023/pg1023.cover.small.jpg', 6),
(3711, 259, 'https://www.gutenberg.org/cache/epub/1023/pg1023-h.zip', 7),
(3712, 260, 'https://www.gutenberg.org/files/10230/10230-m/10230-m-readme.txt', 4),
(3713, 260, 'https://www.gutenberg.org/files/10230/10230-m/10230-m-001.mp3', 13),
(3714, 260, 'https://www.gutenberg.org/ebooks/10230.rdf', 5),
(3715, 260, 'https://www.gutenberg.org/cache/epub/10230/pg10230.cover.medium.jpg', 6),
(3716, 260, 'https://www.gutenberg.org/cache/epub/10230/pg10230.cover.small.jpg', 6),
(3717, 261, 'https://www.gutenberg.org/files/10231/10231-m/10231-m-readme.txt', 4),
(3718, 261, 'https://www.gutenberg.org/files/10231/10231-m/10231-m-001.mp3', 13),
(3719, 261, 'https://www.gutenberg.org/ebooks/10231.rdf', 5),
(3720, 261, 'https://www.gutenberg.org/cache/epub/10231/pg10231.cover.medium.jpg', 6),
(3721, 261, 'https://www.gutenberg.org/cache/epub/10231/pg10231.cover.small.jpg', 6),
(3722, 262, 'https://www.gutenberg.org/files/10232/10232-m/10232-m-readme.txt', 4),
(3723, 262, 'https://www.gutenberg.org/files/10232/10232-m/10232-m-001.mp3', 13),
(3724, 262, 'https://www.gutenberg.org/ebooks/10232.rdf', 5),
(3725, 262, 'https://www.gutenberg.org/cache/epub/10232/pg10232.cover.medium.jpg', 6),
(3726, 262, 'https://www.gutenberg.org/cache/epub/10232/pg10232.cover.small.jpg', 6),
(3727, 263, 'https://www.gutenberg.org/files/10233/10233-m/10233-m-readme.txt', 4),
(3728, 263, 'https://www.gutenberg.org/files/10233/10233-m/10233-m-001.mp3', 13),
(3729, 263, 'https://www.gutenberg.org/ebooks/10233.rdf', 5),
(3730, 263, 'https://www.gutenberg.org/cache/epub/10233/pg10233.cover.medium.jpg', 6),
(3731, 263, 'https://www.gutenberg.org/cache/epub/10233/pg10233.cover.small.jpg', 6),
(3732, 264, 'https://www.gutenberg.org/ebooks/10234.html.images', 1),
(3733, 264, 'https://www.gutenberg.org/ebooks/10234.html.noimages', 1),
(3734, 264, 'https://www.gutenberg.org/ebooks/10234.epub3.images', 2),
(3735, 264, 'https://www.gutenberg.org/ebooks/10234.epub.images', 2),
(3736, 264, 'https://www.gutenberg.org/ebooks/10234.epub.noimages', 2),
(3737, 264, 'https://www.gutenberg.org/ebooks/10234.kf8.images', 3),
(3738, 264, 'https://www.gutenberg.org/ebooks/10234.kindle.images', 3),
(3739, 264, 'https://www.gutenberg.org/ebooks/10234.kindle.noimages', 3),
(3740, 264, 'https://www.gutenberg.org/ebooks/10234.txt.utf-8', 4),
(3741, 264, 'https://www.gutenberg.org/files/10234/10234-8.txt', 10),
(3742, 264, 'https://www.gutenberg.org/files/10234/10234-8.zip', 10),
(3743, 264, 'https://www.gutenberg.org/files/10234/10234.txt', 4),
(3744, 264, 'https://www.gutenberg.org/files/10234/10234.zip', 4),
(3745, 264, 'https://www.gutenberg.org/ebooks/10234.rdf', 5),
(3746, 264, 'https://www.gutenberg.org/cache/epub/10234/pg10234.cover.medium.jpg', 6),
(3747, 264, 'https://www.gutenberg.org/cache/epub/10234/pg10234.cover.small.jpg', 6),
(3748, 264, 'https://www.gutenberg.org/cache/epub/10234/pg10234-h.zip', 7),
(3749, 265, 'https://www.gutenberg.org/files/10235/10235-m/10235-m-readme.txt', 4),
(3750, 265, 'https://www.gutenberg.org/files/10235/10235-m/10235-m-001.mp3', 13),
(3751, 265, 'https://www.gutenberg.org/ebooks/10235.rdf', 5),
(3752, 265, 'https://www.gutenberg.org/cache/epub/10235/pg10235.cover.medium.jpg', 6),
(3753, 265, 'https://www.gutenberg.org/cache/epub/10235/pg10235.cover.small.jpg', 6),
(3754, 266, 'https://www.gutenberg.org/files/10236/10236-m/10236-m-readme.txt', 4),
(3755, 266, 'https://www.gutenberg.org/files/10236/10236-m/10236-m-001.mp3', 13),
(3756, 266, 'https://www.gutenberg.org/ebooks/10236.rdf', 5),
(3757, 266, 'https://www.gutenberg.org/cache/epub/10236/pg10236.cover.medium.jpg', 6),
(3758, 266, 'https://www.gutenberg.org/cache/epub/10236/pg10236.cover.small.jpg', 6),
(3759, 267, 'https://www.gutenberg.org/files/10237/10237-m/10237-m-readme.txt', 4),
(3760, 267, 'https://www.gutenberg.org/files/10237/10237-m/10237-m-001.mp3', 13),
(3761, 267, 'https://www.gutenberg.org/ebooks/10237.rdf', 5),
(3762, 267, 'https://www.gutenberg.org/cache/epub/10237/pg10237.cover.medium.jpg', 6),
(3763, 267, 'https://www.gutenberg.org/cache/epub/10237/pg10237.cover.small.jpg', 6),
(3764, 268, 'https://www.gutenberg.org/files/10238/10238-m/10238-m-readme.txt', 4),
(3765, 268, 'https://www.gutenberg.org/files/10238/10238-m/10238-m-001.mp3', 13),
(3766, 268, 'https://www.gutenberg.org/ebooks/10238.rdf', 5),
(3767, 268, 'https://www.gutenberg.org/cache/epub/10238/pg10238.cover.medium.jpg', 6),
(3768, 268, 'https://www.gutenberg.org/cache/epub/10238/pg10238.cover.small.jpg', 6),
(3769, 269, 'https://www.gutenberg.org/files/10239/10239-m/10239-m-readme.txt', 4),
(3770, 269, 'https://www.gutenberg.org/files/10239/10239-m/10239-m-001.mp3', 13),
(3771, 269, 'https://www.gutenberg.org/ebooks/10239.rdf', 5),
(3772, 269, 'https://www.gutenberg.org/cache/epub/10239/pg10239.cover.medium.jpg', 6),
(3773, 269, 'https://www.gutenberg.org/cache/epub/10239/pg10239.cover.small.jpg', 6),
(3774, 270, 'https://www.gutenberg.org/ebooks/1024.html.images', 1),
(3775, 270, 'https://www.gutenberg.org/files/1024/1024-h/1024-h.htm', 12),
(3776, 270, 'https://www.gutenberg.org/files/1024/1024-h.zip', 12),
(3777, 270, 'https://www.gutenberg.org/ebooks/1024.epub3.images', 2),
(3778, 270, 'https://www.gutenberg.org/ebooks/1024.epub.images', 2),
(3779, 270, 'https://www.gutenberg.org/ebooks/1024.epub.noimages', 2),
(3780, 270, 'https://www.gutenberg.org/ebooks/1024.kf8.images', 3),
(3781, 270, 'https://www.gutenberg.org/ebooks/1024.kindle.images', 3),
(3782, 270, 'https://www.gutenberg.org/ebooks/1024.kindle.noimages', 3),
(3783, 270, 'https://www.gutenberg.org/ebooks/1024.txt.utf-8', 4),
(3784, 270, 'https://www.gutenberg.org/files/1024/1024-0.txt', 8),
(3785, 270, 'https://www.gutenberg.org/files/1024/1024-0.zip', 8),
(3786, 270, 'https://www.gutenberg.org/files/1024/1024.txt', 4),
(3787, 270, 'https://www.gutenberg.org/files/1024/1024.zip', 4),
(3788, 270, 'https://www.gutenberg.org/ebooks/1024.rdf', 5),
(3789, 270, 'https://www.gutenberg.org/cache/epub/1024/pg1024.cover.medium.jpg', 6),
(3790, 270, 'https://www.gutenberg.org/cache/epub/1024/pg1024.cover.small.jpg', 6),
(3791, 270, 'https://www.gutenberg.org/cache/epub/1024/pg1024-h.zip', 7),
(3792, 271, 'https://www.gutenberg.org/files/10240/10240-m/10240-m-readme.txt', 4),
(3793, 271, 'https://www.gutenberg.org/files/10240/10240-m/10240-m-001.mp3', 13),
(3794, 271, 'https://www.gutenberg.org/ebooks/10240.rdf', 5),
(3795, 271, 'https://www.gutenberg.org/cache/epub/10240/pg10240.cover.medium.jpg', 6),
(3796, 271, 'https://www.gutenberg.org/cache/epub/10240/pg10240.cover.small.jpg', 6),
(3797, 272, 'https://www.gutenberg.org/files/10241/10241-m/10241-m-readme.txt', 4),
(3798, 272, 'https://www.gutenberg.org/files/10241/10241-m/10241-m-001.mp3', 13),
(3799, 272, 'https://www.gutenberg.org/ebooks/10241.rdf', 5),
(3800, 272, 'https://www.gutenberg.org/cache/epub/10241/pg10241.cover.medium.jpg', 6),
(3801, 272, 'https://www.gutenberg.org/cache/epub/10241/pg10241.cover.small.jpg', 6),
(3802, 273, 'https://www.gutenberg.org/files/10242/10242-m/10242-m-readme.txt', 4),
(3803, 273, 'https://www.gutenberg.org/files/10242/10242-m/10242-m-001.mp3', 13),
(3804, 273, 'https://www.gutenberg.org/ebooks/10242.rdf', 5),
(3805, 273, 'https://www.gutenberg.org/cache/epub/10242/pg10242.cover.medium.jpg', 6),
(3806, 273, 'https://www.gutenberg.org/cache/epub/10242/pg10242.cover.small.jpg', 6),
(3807, 274, 'https://www.gutenberg.org/files/10243/10243-m/10243-m-readme.txt', 4),
(3808, 274, 'https://www.gutenberg.org/files/10243/10243-m/10243-m-001.mp3', 13),
(3809, 274, 'https://www.gutenberg.org/ebooks/10243.rdf', 5),
(3810, 274, 'https://www.gutenberg.org/cache/epub/10243/pg10243.cover.medium.jpg', 6),
(3811, 274, 'https://www.gutenberg.org/cache/epub/10243/pg10243.cover.small.jpg', 6),
(3812, 275, 'https://www.gutenberg.org/files/10244/10244-m/10244-m-readme.txt', 4),
(3813, 275, 'https://www.gutenberg.org/files/10244/10244-m/10244-m-001.mp3', 13),
(3814, 275, 'https://www.gutenberg.org/ebooks/10244.rdf', 5),
(3815, 275, 'https://www.gutenberg.org/cache/epub/10244/pg10244.cover.medium.jpg', 6),
(3816, 275, 'https://www.gutenberg.org/cache/epub/10244/pg10244.cover.small.jpg', 6),
(3817, 276, 'https://www.gutenberg.org/files/10245/10245-m/10245-m-readme.txt', 4),
(3818, 276, 'https://www.gutenberg.org/files/10245/10245-m/10245-m-001.mp3', 13),
(3819, 276, 'https://www.gutenberg.org/ebooks/10245.rdf', 5),
(3820, 276, 'https://www.gutenberg.org/cache/epub/10245/pg10245.cover.medium.jpg', 6),
(3821, 276, 'https://www.gutenberg.org/cache/epub/10245/pg10245.cover.small.jpg', 6),
(3822, 277, 'https://www.gutenberg.org/files/10246/10246-m/10246-m-readme.txt', 4),
(3823, 277, 'https://www.gutenberg.org/files/10246/10246-m/10246-m-001.mp3', 13),
(3824, 277, 'https://www.gutenberg.org/ebooks/10246.rdf', 5),
(3825, 277, 'https://www.gutenberg.org/cache/epub/10246/pg10246.cover.medium.jpg', 6),
(3826, 277, 'https://www.gutenberg.org/cache/epub/10246/pg10246.cover.small.jpg', 6),
(3827, 278, 'https://www.gutenberg.org/files/10247/10247-m/10247-m-readme.txt', 4),
(3828, 278, 'https://www.gutenberg.org/files/10247/10247-m/10247-m-001.mp3', 13),
(3829, 278, 'https://www.gutenberg.org/ebooks/10247.rdf', 5),
(3830, 278, 'https://www.gutenberg.org/cache/epub/10247/pg10247.cover.medium.jpg', 6),
(3831, 278, 'https://www.gutenberg.org/cache/epub/10247/pg10247.cover.small.jpg', 6),
(3832, 279, 'https://www.gutenberg.org/files/10248/10248-m/10248-m-readme.txt', 4),
(3833, 279, 'https://www.gutenberg.org/files/10248/10248-m/10248-m-001.mp3', 13),
(3834, 279, 'https://www.gutenberg.org/ebooks/10248.rdf', 5),
(3835, 279, 'https://www.gutenberg.org/cache/epub/10248/pg10248.cover.medium.jpg', 6),
(3836, 279, 'https://www.gutenberg.org/cache/epub/10248/pg10248.cover.small.jpg', 6),
(3837, 280, 'https://www.gutenberg.org/files/10249/10249-m/10249-m-readme.txt', 4),
(3838, 280, 'https://www.gutenberg.org/files/10249/10249-m/10249-m-001.mp3', 13),
(3839, 280, 'https://www.gutenberg.org/ebooks/10249.rdf', 5),
(3840, 280, 'https://www.gutenberg.org/cache/epub/10249/pg10249.cover.medium.jpg', 6),
(3841, 280, 'https://www.gutenberg.org/cache/epub/10249/pg10249.cover.small.jpg', 6),
(3842, 281, 'https://www.gutenberg.org/ebooks/1025.html.images', 1),
(3843, 281, 'https://www.gutenberg.org/ebooks/1025.html.noimages', 1),
(3844, 281, 'https://www.gutenberg.org/ebooks/1025.epub3.images', 2),
(3845, 281, 'https://www.gutenberg.org/ebooks/1025.epub.images', 2),
(3846, 281, 'https://www.gutenberg.org/ebooks/1025.epub.noimages', 2),
(3847, 281, 'https://www.gutenberg.org/ebooks/1025.kf8.images', 3),
(3848, 281, 'https://www.gutenberg.org/ebooks/1025.kindle.images', 3),
(3849, 281, 'https://www.gutenberg.org/ebooks/1025.kindle.noimages', 3),
(3850, 281, 'https://www.gutenberg.org/ebooks/1025.txt.utf-8', 4),
(3851, 281, 'https://www.gutenberg.org/files/1025/1025.txt', 4),
(3852, 281, 'https://www.gutenberg.org/files/1025/1025.zip', 4),
(3853, 281, 'https://www.gutenberg.org/ebooks/1025.rdf', 5),
(3854, 281, 'https://www.gutenberg.org/cache/epub/1025/pg1025.cover.medium.jpg', 6),
(3855, 281, 'https://www.gutenberg.org/cache/epub/1025/pg1025.cover.small.jpg', 6),
(3856, 281, 'https://www.gutenberg.org/cache/epub/1025/pg1025-h.zip', 7),
(3857, 282, 'https://www.gutenberg.org/files/10250/10250-m/10250-m-readme.txt', 4),
(3858, 282, 'https://www.gutenberg.org/files/10250/10250-m/10250-m-001.mp3', 13),
(3859, 282, 'https://www.gutenberg.org/ebooks/10250.rdf', 5),
(3860, 282, 'https://www.gutenberg.org/cache/epub/10250/pg10250.cover.medium.jpg', 6),
(3861, 282, 'https://www.gutenberg.org/cache/epub/10250/pg10250.cover.small.jpg', 6),
(3862, 283, 'https://www.gutenberg.org/ebooks/10251.html.images', 1),
(3863, 283, 'https://www.gutenberg.org/files/10251/10251-h/10251-h.htm', 1),
(3864, 283, 'https://www.gutenberg.org/files/10251/10251-h.zip', 1),
(3865, 283, 'https://www.gutenberg.org/ebooks/10251.epub3.images', 2),
(3866, 283, 'https://www.gutenberg.org/ebooks/10251.epub.images', 2),
(3867, 283, 'https://www.gutenberg.org/ebooks/10251.epub.noimages', 2),
(3868, 283, 'https://www.gutenberg.org/ebooks/10251.kf8.images', 3),
(3869, 283, 'https://www.gutenberg.org/ebooks/10251.kindle.images', 3),
(3870, 283, 'https://www.gutenberg.org/ebooks/10251.kindle.noimages', 3),
(3871, 283, 'https://www.gutenberg.org/ebooks/10251.txt.utf-8', 4),
(3872, 283, 'https://www.gutenberg.org/files/10251/10251.txt', 4),
(3873, 283, 'https://www.gutenberg.org/files/10251/10251.zip', 4),
(3874, 283, 'https://www.gutenberg.org/ebooks/10251.rdf', 5),
(3875, 283, 'https://www.gutenberg.org/cache/epub/10251/pg10251.cover.medium.jpg', 6),
(3876, 283, 'https://www.gutenberg.org/cache/epub/10251/pg10251.cover.small.jpg', 6),
(3877, 283, 'https://www.gutenberg.org/cache/epub/10251/pg10251-h.zip', 7),
(3878, 284, 'https://www.gutenberg.org/files/10252/10252-m/10252-m-readme.txt', 4),
(3879, 284, 'https://www.gutenberg.org/files/10252/10252-m/10252-m-001.mp3', 13),
(3880, 284, 'https://www.gutenberg.org/ebooks/10252.rdf', 5),
(3881, 284, 'https://www.gutenberg.org/cache/epub/10252/pg10252.cover.medium.jpg', 6),
(3882, 284, 'https://www.gutenberg.org/cache/epub/10252/pg10252.cover.small.jpg', 6),
(3883, 285, 'https://www.gutenberg.org/files/10253/10253-m/10253-m-readme.txt', 4),
(3884, 285, 'https://www.gutenberg.org/files/10253/10253-m/10253-m-001.mp3', 13),
(3885, 285, 'https://www.gutenberg.org/ebooks/10253.rdf', 5),
(3886, 285, 'https://www.gutenberg.org/cache/epub/10253/pg10253.cover.medium.jpg', 6),
(3887, 285, 'https://www.gutenberg.org/cache/epub/10253/pg10253.cover.small.jpg', 6),
(3888, 286, 'https://www.gutenberg.org/files/10254/10254-m/10254-m-readme.txt', 4),
(3889, 286, 'https://www.gutenberg.org/files/10254/10254-m/10254-m-001.mp3', 13),
(3890, 286, 'https://www.gutenberg.org/ebooks/10254.rdf', 5),
(3891, 286, 'https://www.gutenberg.org/cache/epub/10254/pg10254.cover.medium.jpg', 6),
(3892, 286, 'https://www.gutenberg.org/cache/epub/10254/pg10254.cover.small.jpg', 6),
(3893, 287, 'https://www.gutenberg.org/files/10255/10255-m/10255-m-readme.txt', 4),
(3894, 287, 'https://www.gutenberg.org/files/10255/10255-m/10255-m-001.mp3', 13),
(3895, 287, 'https://www.gutenberg.org/ebooks/10255.rdf', 5),
(3896, 287, 'https://www.gutenberg.org/cache/epub/10255/pg10255.cover.medium.jpg', 6),
(3897, 287, 'https://www.gutenberg.org/cache/epub/10255/pg10255.cover.small.jpg', 6),
(3898, 288, 'https://www.gutenberg.org/files/10256/10256-m/10256-m-readme.txt', 4),
(3899, 288, 'https://www.gutenberg.org/files/10256/10256-m/10256-m-001.mp3', 13),
(3900, 288, 'https://www.gutenberg.org/ebooks/10256.rdf', 5),
(3901, 288, 'https://www.gutenberg.org/cache/epub/10256/pg10256.cover.medium.jpg', 6),
(3902, 288, 'https://www.gutenberg.org/cache/epub/10256/pg10256.cover.small.jpg', 6),
(3903, 289, 'https://www.gutenberg.org/files/10257/10257-m/10257-m-readme.txt', 4),
(3904, 289, 'https://www.gutenberg.org/files/10257/10257-m/10257-m-001.mp3', 13),
(3905, 289, 'https://www.gutenberg.org/ebooks/10257.rdf', 5),
(3906, 289, 'https://www.gutenberg.org/cache/epub/10257/pg10257.cover.medium.jpg', 6),
(3907, 289, 'https://www.gutenberg.org/cache/epub/10257/pg10257.cover.small.jpg', 6),
(3908, 290, 'https://www.gutenberg.org/files/10258/10258-m/10258-m-readme.txt', 4),
(3909, 290, 'https://www.gutenberg.org/files/10258/10258-m/10258-m-001.mp3', 13),
(3910, 290, 'https://www.gutenberg.org/ebooks/10258.rdf', 5),
(3911, 290, 'https://www.gutenberg.org/cache/epub/10258/pg10258.cover.medium.jpg', 6),
(3912, 290, 'https://www.gutenberg.org/cache/epub/10258/pg10258.cover.small.jpg', 6),
(3913, 291, 'https://www.gutenberg.org/files/10259/10259-m/10259-m-readme.txt', 4),
(3914, 291, 'https://www.gutenberg.org/files/10259/10259-m/10259-m-001.mp3', 13),
(3915, 291, 'https://www.gutenberg.org/ebooks/10259.rdf', 5),
(3916, 291, 'https://www.gutenberg.org/cache/epub/10259/pg10259.cover.medium.jpg', 6),
(3917, 291, 'https://www.gutenberg.org/cache/epub/10259/pg10259.cover.small.jpg', 6),
(3918, 292, 'https://www.gutenberg.org/ebooks/1026.html.images', 1),
(3919, 292, 'https://www.gutenberg.org/files/1026/1026-h/1026-h.htm', 1),
(3920, 292, 'https://www.gutenberg.org/ebooks/1026.epub3.images', 2),
(3921, 292, 'https://www.gutenberg.org/ebooks/1026.epub.images', 2),
(3922, 292, 'https://www.gutenberg.org/ebooks/1026.epub.noimages', 2),
(3923, 292, 'https://www.gutenberg.org/ebooks/1026.kf8.images', 3),
(3924, 292, 'https://www.gutenberg.org/ebooks/1026.kindle.images', 3),
(3925, 292, 'https://www.gutenberg.org/ebooks/1026.kindle.noimages', 3),
(3926, 292, 'https://www.gutenberg.org/ebooks/1026.txt.utf-8', 4),
(3927, 292, 'https://www.gutenberg.org/files/1026/1026-0.txt', 4),
(3928, 292, 'https://www.gutenberg.org/ebooks/1026.rdf', 5),
(3929, 292, 'https://www.gutenberg.org/cache/epub/1026/pg1026.cover.medium.jpg', 6),
(3930, 292, 'https://www.gutenberg.org/cache/epub/1026/pg1026.cover.small.jpg', 6),
(3931, 292, 'https://www.gutenberg.org/files/1026/1026-0.zip', 7),
(3932, 292, 'https://www.gutenberg.org/files/1026/1026-h.zip', 7),
(3933, 292, 'https://www.gutenberg.org/cache/epub/1026/pg1026-h.zip', 7),
(3934, 293, 'https://www.gutenberg.org/files/10260/10260-m/10260-m-001.mp3', 13),
(3935, 293, 'https://www.gutenberg.org/ebooks/10260.rdf', 5),
(3936, 294, 'https://www.gutenberg.org/files/10261/10261-m/10261-m-readme.txt', 4),
(3937, 294, 'https://www.gutenberg.org/files/10261/10261-m/10261-m-001.mp3', 13),
(3938, 294, 'https://www.gutenberg.org/ebooks/10261.rdf', 5),
(3939, 294, 'https://www.gutenberg.org/cache/epub/10261/pg10261.cover.medium.jpg', 6),
(3940, 294, 'https://www.gutenberg.org/cache/epub/10261/pg10261.cover.small.jpg', 6),
(3941, 295, 'https://www.gutenberg.org/files/10262/10262-m/10262-m-readme.txt', 4),
(3942, 295, 'https://www.gutenberg.org/files/10262/10262-m/10262-m-001.mp3', 13),
(3943, 295, 'https://www.gutenberg.org/ebooks/10262.rdf', 5),
(3944, 295, 'https://www.gutenberg.org/cache/epub/10262/pg10262.cover.medium.jpg', 6),
(3945, 295, 'https://www.gutenberg.org/cache/epub/10262/pg10262.cover.small.jpg', 6),
(3946, 296, 'https://www.gutenberg.org/files/10263/10263-m/10263-m-readme.txt', 4),
(3947, 296, 'https://www.gutenberg.org/files/10263/10263-m/10263-m-001.mp3', 13),
(3948, 296, 'https://www.gutenberg.org/ebooks/10263.rdf', 5),
(3949, 296, 'https://www.gutenberg.org/cache/epub/10263/pg10263.cover.medium.jpg', 6),
(3950, 296, 'https://www.gutenberg.org/cache/epub/10263/pg10263.cover.small.jpg', 6),
(3951, 297, 'https://www.gutenberg.org/files/10264/10264-m/10264-m-readme.txt', 4),
(3952, 297, 'https://www.gutenberg.org/files/10264/10264-m/10264-m-001.mp3', 13),
(3953, 297, 'https://www.gutenberg.org/ebooks/10264.rdf', 5),
(3954, 297, 'https://www.gutenberg.org/cache/epub/10264/pg10264.cover.medium.jpg', 6),
(3955, 297, 'https://www.gutenberg.org/cache/epub/10264/pg10264.cover.small.jpg', 6),
(3956, 298, 'https://www.gutenberg.org/files/10265/10265-m/10265-m-readme.txt', 4),
(3957, 298, 'https://www.gutenberg.org/files/10265/10265-m/10265-m-001.mp3', 13),
(3958, 298, 'https://www.gutenberg.org/ebooks/10265.rdf', 5),
(3959, 298, 'https://www.gutenberg.org/cache/epub/10265/pg10265.cover.medium.jpg', 6),
(3960, 298, 'https://www.gutenberg.org/cache/epub/10265/pg10265.cover.small.jpg', 6),
(3961, 299, 'https://www.gutenberg.org/ebooks/10266.html.images', 1),
(3962, 299, 'https://www.gutenberg.org/ebooks/10266.html.noimages', 1),
(3963, 299, 'https://www.gutenberg.org/ebooks/10266.epub3.images', 2),
(3964, 299, 'https://www.gutenberg.org/ebooks/10266.epub.images', 2),
(3965, 299, 'https://www.gutenberg.org/ebooks/10266.epub.noimages', 2),
(3966, 299, 'https://www.gutenberg.org/ebooks/10266.kf8.images', 3),
(3967, 299, 'https://www.gutenberg.org/ebooks/10266.kindle.images', 3),
(3968, 299, 'https://www.gutenberg.org/ebooks/10266.kindle.noimages', 3),
(3969, 299, 'https://www.gutenberg.org/ebooks/10266.txt.utf-8', 4),
(3970, 299, 'https://www.gutenberg.org/files/10266/10266-8.txt', 10),
(3971, 299, 'https://www.gutenberg.org/files/10266/10266-8.zip', 10),
(3972, 299, 'https://www.gutenberg.org/files/10266/10266.txt', 4),
(3973, 299, 'https://www.gutenberg.org/files/10266/10266.zip', 4),
(3974, 299, 'https://www.gutenberg.org/ebooks/10266.rdf', 5),
(3975, 299, 'https://www.gutenberg.org/cache/epub/10266/pg10266.cover.medium.jpg', 6),
(3976, 299, 'https://www.gutenberg.org/cache/epub/10266/pg10266.cover.small.jpg', 6),
(3977, 299, 'https://www.gutenberg.org/cache/epub/10266/pg10266-h.zip', 7),
(3978, 300, 'https://www.gutenberg.org/ebooks/10267.html.images', 1),
(3979, 300, 'https://www.gutenberg.org/ebooks/10267.html.noimages', 1),
(3980, 300, 'https://www.gutenberg.org/ebooks/10267.epub3.images', 2),
(3981, 300, 'https://www.gutenberg.org/ebooks/10267.epub.images', 2),
(3982, 300, 'https://www.gutenberg.org/ebooks/10267.epub.noimages', 2),
(3983, 300, 'https://www.gutenberg.org/ebooks/10267.kf8.images', 3),
(3984, 300, 'https://www.gutenberg.org/ebooks/10267.kindle.images', 3),
(3985, 300, 'https://www.gutenberg.org/ebooks/10267.kindle.noimages', 3),
(3986, 300, 'https://www.gutenberg.org/ebooks/10267.txt.utf-8', 4),
(3987, 300, 'https://www.gutenberg.org/files/10267/10267.txt', 4),
(3988, 300, 'https://www.gutenberg.org/files/10267/10267.zip', 4),
(3989, 300, 'https://www.gutenberg.org/ebooks/10267.rdf', 5),
(3990, 300, 'https://www.gutenberg.org/cache/epub/10267/pg10267.cover.medium.jpg', 6),
(3991, 300, 'https://www.gutenberg.org/cache/epub/10267/pg10267.cover.small.jpg', 6),
(3992, 300, 'https://www.gutenberg.org/cache/epub/10267/pg10267-h.zip', 7),
(3993, 301, 'https://www.gutenberg.org/ebooks/10268.html.images', 1),
(3994, 301, 'https://www.gutenberg.org/ebooks/10268.html.noimages', 1),
(3995, 301, 'https://www.gutenberg.org/ebooks/10268.epub3.images', 2),
(3996, 301, 'https://www.gutenberg.org/ebooks/10268.epub.images', 2),
(3997, 301, 'https://www.gutenberg.org/ebooks/10268.epub.noimages', 2),
(3998, 301, 'https://www.gutenberg.org/ebooks/10268.kf8.images', 3),
(3999, 301, 'https://www.gutenberg.org/ebooks/10268.kindle.images', 3),
(4000, 301, 'https://www.gutenberg.org/ebooks/10268.kindle.noimages', 3),
(4001, 301, 'https://www.gutenberg.org/ebooks/10268.txt.utf-8', 4),
(4002, 301, 'https://www.gutenberg.org/files/10268/10268-8.txt', 10),
(4003, 301, 'https://www.gutenberg.org/files/10268/10268-8.zip', 10),
(4004, 301, 'https://www.gutenberg.org/files/10268/10268.txt', 4),
(4005, 301, 'https://www.gutenberg.org/files/10268/10268.zip', 4),
(4006, 301, 'https://www.gutenberg.org/ebooks/10268.rdf', 5),
(4007, 301, 'https://www.gutenberg.org/cache/epub/10268/pg10268.cover.medium.jpg', 6),
(4008, 301, 'https://www.gutenberg.org/cache/epub/10268/pg10268.cover.small.jpg', 6),
(4009, 301, 'https://www.gutenberg.org/cache/epub/10268/pg10268-h.zip', 7),
(4010, 302, 'https://www.gutenberg.org/files/10269/10269-m/10269-m-readme.txt', 4),
(4011, 302, 'https://www.gutenberg.org/files/10269/10269-m/10269-m-001.mp3', 13),
(4012, 302, 'https://www.gutenberg.org/ebooks/10269.rdf', 5),
(4013, 302, 'https://www.gutenberg.org/cache/epub/10269/pg10269.cover.medium.jpg', 6),
(4014, 302, 'https://www.gutenberg.org/cache/epub/10269/pg10269.cover.small.jpg', 6),
(4015, 303, 'https://www.gutenberg.org/ebooks/1027.html.images', 1),
(4016, 303, 'https://www.gutenberg.org/files/1027/1027-h/1027-h.htm', 12),
(4017, 303, 'https://www.gutenberg.org/files/1027/1027-h.zip', 12),
(4018, 303, 'https://www.gutenberg.org/ebooks/1027.epub3.images', 2),
(4019, 303, 'https://www.gutenberg.org/ebooks/1027.epub.images', 2),
(4020, 303, 'https://www.gutenberg.org/ebooks/1027.epub.noimages', 2),
(4021, 303, 'https://www.gutenberg.org/ebooks/1027.kf8.images', 3),
(4022, 303, 'https://www.gutenberg.org/ebooks/1027.kindle.images', 3),
(4023, 303, 'https://www.gutenberg.org/ebooks/1027.kindle.noimages', 3),
(4024, 303, 'https://www.gutenberg.org/ebooks/1027.txt.utf-8', 4),
(4025, 303, 'https://www.gutenberg.org/files/1027/1027-0.txt', 8),
(4026, 303, 'https://www.gutenberg.org/files/1027/1027-0.zip', 8),
(4027, 303, 'https://www.gutenberg.org/files/1027/1027.txt', 4),
(4028, 303, 'https://www.gutenberg.org/files/1027/1027.zip', 4),
(4029, 303, 'https://www.gutenberg.org/ebooks/1027.rdf', 5),
(4030, 303, 'https://www.gutenberg.org/cache/epub/1027/pg1027.cover.medium.jpg', 6),
(4031, 303, 'https://www.gutenberg.org/cache/epub/1027/pg1027.cover.small.jpg', 6),
(4032, 303, 'https://www.gutenberg.org/cache/epub/1027/pg1027-h.zip', 7),
(4033, 304, 'https://www.gutenberg.org/files/10270/10270-m/10270-m-readme.txt', 4),
(4034, 304, 'https://www.gutenberg.org/files/10270/10270-m/10270-m-001.mp3', 13),
(4035, 304, 'https://www.gutenberg.org/ebooks/10270.rdf', 5),
(4036, 304, 'https://www.gutenberg.org/cache/epub/10270/pg10270.cover.medium.jpg', 6),
(4037, 304, 'https://www.gutenberg.org/cache/epub/10270/pg10270.cover.small.jpg', 6),
(4038, 305, 'https://www.gutenberg.org/files/10271/10271-m/10271-m-readme.txt', 4),
(4039, 305, 'https://www.gutenberg.org/files/10271/10271-m/10271-m-001.mp3', 13),
(4040, 305, 'https://www.gutenberg.org/ebooks/10271.rdf', 5),
(4041, 305, 'https://www.gutenberg.org/cache/epub/10271/pg10271.cover.medium.jpg', 6),
(4042, 305, 'https://www.gutenberg.org/cache/epub/10271/pg10271.cover.small.jpg', 6),
(4043, 306, 'https://www.gutenberg.org/files/10272/10272-m/10272-m-readme.txt', 4),
(4044, 306, 'https://www.gutenberg.org/files/10272/10272-m/10272-m-001.mp3', 13),
(4045, 306, 'https://www.gutenberg.org/ebooks/10272.rdf', 5),
(4046, 306, 'https://www.gutenberg.org/cache/epub/10272/pg10272.cover.medium.jpg', 6),
(4047, 306, 'https://www.gutenberg.org/cache/epub/10272/pg10272.cover.small.jpg', 6),
(4048, 307, 'https://www.gutenberg.org/files/10273/10273-m/10273-m-readme.txt', 4),
(4049, 307, 'https://www.gutenberg.org/files/10273/10273-m/10273-m-001.mp3', 13),
(4050, 307, 'https://www.gutenberg.org/ebooks/10273.rdf', 5),
(4051, 307, 'https://www.gutenberg.org/cache/epub/10273/pg10273.cover.medium.jpg', 6),
(4052, 307, 'https://www.gutenberg.org/cache/epub/10273/pg10273.cover.small.jpg', 6),
(4053, 308, 'https://www.gutenberg.org/ebooks/10274.html.images', 1),
(4054, 308, 'https://www.gutenberg.org/files/10274/10274-h/10274-h.htm', 1),
(4055, 308, 'https://www.gutenberg.org/files/10274/10274-h.zip', 1),
(4056, 308, 'https://www.gutenberg.org/ebooks/10274.epub3.images', 2),
(4057, 308, 'https://www.gutenberg.org/ebooks/10274.epub.images', 2),
(4058, 308, 'https://www.gutenberg.org/ebooks/10274.epub.noimages', 2),
(4059, 308, 'https://www.gutenberg.org/ebooks/10274.kf8.images', 3),
(4060, 308, 'https://www.gutenberg.org/ebooks/10274.kindle.images', 3),
(4061, 308, 'https://www.gutenberg.org/ebooks/10274.kindle.noimages', 3),
(4062, 308, 'https://www.gutenberg.org/ebooks/10274.txt.utf-8', 4),
(4063, 308, 'https://www.gutenberg.org/files/10274/10274.txt', 4),
(4064, 308, 'https://www.gutenberg.org/files/10274/10274.zip', 4),
(4065, 308, 'https://www.gutenberg.org/ebooks/10274.rdf', 5),
(4066, 308, 'https://www.gutenberg.org/cache/epub/10274/pg10274.cover.medium.jpg', 6),
(4067, 308, 'https://www.gutenberg.org/cache/epub/10274/pg10274.cover.small.jpg', 6),
(4068, 308, 'https://www.gutenberg.org/cache/epub/10274/pg10274-h.zip', 7),
(4069, 309, 'https://www.gutenberg.org/files/10275/10275-m/10275-m-readme.txt', 4),
(4070, 309, 'https://www.gutenberg.org/files/10275/10275-m/10275-m-001.mp3', 13),
(4071, 309, 'https://www.gutenberg.org/ebooks/10275.rdf', 5),
(4072, 309, 'https://www.gutenberg.org/cache/epub/10275/pg10275.cover.medium.jpg', 6),
(4073, 309, 'https://www.gutenberg.org/cache/epub/10275/pg10275.cover.small.jpg', 6),
(4074, 310, 'https://www.gutenberg.org/files/10276/10276-m/10276-m-readme.txt', 4),
(4075, 310, 'https://www.gutenberg.org/files/10276/10276-m/10276-m-001.mp3', 13),
(4076, 310, 'https://www.gutenberg.org/ebooks/10276.rdf', 5),
(4077, 310, 'https://www.gutenberg.org/cache/epub/10276/pg10276.cover.medium.jpg', 6),
(4078, 310, 'https://www.gutenberg.org/cache/epub/10276/pg10276.cover.small.jpg', 6),
(4079, 311, 'https://www.gutenberg.org/files/10277/10277-m/10277-m-readme.txt', 4),
(4080, 311, 'https://www.gutenberg.org/files/10277/10277-m/10277-m-001.mp3', 13),
(4081, 311, 'https://www.gutenberg.org/ebooks/10277.rdf', 5),
(4082, 311, 'https://www.gutenberg.org/cache/epub/10277/pg10277.cover.medium.jpg', 6),
(4083, 311, 'https://www.gutenberg.org/cache/epub/10277/pg10277.cover.small.jpg', 6),
(4084, 312, 'https://www.gutenberg.org/files/10278/10278-m/10278-m-readme.txt', 4),
(4085, 312, 'https://www.gutenberg.org/files/10278/10278-m/10278-m-001.mp3', 13),
(4086, 312, 'https://www.gutenberg.org/ebooks/10278.rdf', 5),
(4087, 312, 'https://www.gutenberg.org/cache/epub/10278/pg10278.cover.medium.jpg', 6),
(4088, 312, 'https://www.gutenberg.org/cache/epub/10278/pg10278.cover.small.jpg', 6),
(4089, 313, 'https://www.gutenberg.org/files/10279/10279-m/10279-m-readme.txt', 4),
(4090, 313, 'https://www.gutenberg.org/files/10279/10279-m/10279-m-001.mp3', 13),
(4091, 313, 'https://www.gutenberg.org/ebooks/10279.rdf', 5),
(4092, 313, 'https://www.gutenberg.org/cache/epub/10279/pg10279.cover.medium.jpg', 6),
(4093, 313, 'https://www.gutenberg.org/cache/epub/10279/pg10279.cover.small.jpg', 6),
(4094, 314, 'https://www.gutenberg.org/ebooks/1028.html.images', 1),
(4095, 314, 'https://www.gutenberg.org/files/1028/1028-h/1028-h.htm', 1),
(4096, 314, 'https://www.gutenberg.org/ebooks/1028.epub3.images', 2),
(4097, 314, 'https://www.gutenberg.org/ebooks/1028.epub.images', 2),
(4098, 314, 'https://www.gutenberg.org/ebooks/1028.epub.noimages', 2),
(4099, 314, 'https://www.gutenberg.org/ebooks/1028.kf8.images', 3),
(4100, 314, 'https://www.gutenberg.org/ebooks/1028.kindle.images', 3),
(4101, 314, 'https://www.gutenberg.org/ebooks/1028.kindle.noimages', 3),
(4102, 314, 'https://www.gutenberg.org/ebooks/1028.txt.utf-8', 4),
(4103, 314, 'https://www.gutenberg.org/files/1028/1028-0.txt', 4),
(4104, 314, 'https://www.gutenberg.org/ebooks/1028.rdf', 5),
(4105, 314, 'https://www.gutenberg.org/cache/epub/1028/pg1028.cover.medium.jpg', 6),
(4106, 314, 'https://www.gutenberg.org/cache/epub/1028/pg1028.cover.small.jpg', 6),
(4107, 314, 'https://www.gutenberg.org/cache/epub/1028/pg1028-h.zip', 7),
(4108, 315, 'https://www.gutenberg.org/files/10280/10280-m/10280-m-readme.txt', 4),
(4109, 315, 'https://www.gutenberg.org/files/10280/10280-m/10280-m-001.mp3', 13),
(4110, 315, 'https://www.gutenberg.org/ebooks/10280.rdf', 5),
(4111, 315, 'https://www.gutenberg.org/cache/epub/10280/pg10280.cover.medium.jpg', 6),
(4112, 315, 'https://www.gutenberg.org/cache/epub/10280/pg10280.cover.small.jpg', 6),
(4113, 316, 'https://www.gutenberg.org/files/10281/10281-m/10281-m-readme.txt', 4),
(4114, 316, 'https://www.gutenberg.org/files/10281/10281-m/10281-m-001.mp3', 13),
(4115, 316, 'https://www.gutenberg.org/ebooks/10281.rdf', 5),
(4116, 316, 'https://www.gutenberg.org/cache/epub/10281/pg10281.cover.medium.jpg', 6),
(4117, 316, 'https://www.gutenberg.org/cache/epub/10281/pg10281.cover.small.jpg', 6),
(4118, 317, 'https://www.gutenberg.org/files/10282/10282-m/10282-m-readme.txt', 4),
(4119, 317, 'https://www.gutenberg.org/files/10282/10282-m/10282-m-001.mp3', 13),
(4120, 317, 'https://www.gutenberg.org/ebooks/10282.rdf', 5),
(4121, 317, 'https://www.gutenberg.org/cache/epub/10282/pg10282.cover.medium.jpg', 6),
(4122, 317, 'https://www.gutenberg.org/cache/epub/10282/pg10282.cover.small.jpg', 6),
(4123, 318, 'https://www.gutenberg.org/files/10283/10283-m/10283-m-readme.txt', 4),
(4124, 318, 'https://www.gutenberg.org/files/10283/10283-m/10283-m-001.mp3', 13),
(4125, 318, 'https://www.gutenberg.org/ebooks/10283.rdf', 5),
(4126, 318, 'https://www.gutenberg.org/cache/epub/10283/pg10283.cover.medium.jpg', 6),
(4127, 318, 'https://www.gutenberg.org/cache/epub/10283/pg10283.cover.small.jpg', 6),
(4128, 319, 'https://www.gutenberg.org/files/10284/10284-m/10284-m-readme.txt', 4),
(4129, 319, 'https://www.gutenberg.org/files/10284/10284-m/10284-m-001.mp3', 13),
(4130, 319, 'https://www.gutenberg.org/ebooks/10284.rdf', 5),
(4131, 319, 'https://www.gutenberg.org/cache/epub/10284/pg10284.cover.medium.jpg', 6),
(4132, 319, 'https://www.gutenberg.org/cache/epub/10284/pg10284.cover.small.jpg', 6),
(4133, 320, 'https://www.gutenberg.org/files/10285/10285-m/10285-m-readme.txt', 4),
(4134, 320, 'https://www.gutenberg.org/files/10285/10285-m/10285-m-001.mp3', 13),
(4135, 320, 'https://www.gutenberg.org/ebooks/10285.rdf', 5),
(4136, 320, 'https://www.gutenberg.org/cache/epub/10285/pg10285.cover.medium.jpg', 6),
(4137, 320, 'https://www.gutenberg.org/cache/epub/10285/pg10285.cover.small.jpg', 6),
(4138, 321, 'https://www.gutenberg.org/files/10286/10286-m/10286-m-readme.txt', 4),
(4139, 321, 'https://www.gutenberg.org/files/10286/10286-m/10286-m-001.mp3', 13),
(4140, 321, 'https://www.gutenberg.org/ebooks/10286.rdf', 5),
(4141, 321, 'https://www.gutenberg.org/cache/epub/10286/pg10286.cover.medium.jpg', 6),
(4142, 321, 'https://www.gutenberg.org/cache/epub/10286/pg10286.cover.small.jpg', 6),
(4143, 322, 'https://www.gutenberg.org/files/10287/10287-m/10287-m-readme.txt', 4),
(4144, 322, 'https://www.gutenberg.org/files/10287/10287-m/10287-m-001.mp3', 13),
(4145, 322, 'https://www.gutenberg.org/ebooks/10287.rdf', 5),
(4146, 322, 'https://www.gutenberg.org/cache/epub/10287/pg10287.cover.medium.jpg', 6),
(4147, 322, 'https://www.gutenberg.org/cache/epub/10287/pg10287.cover.small.jpg', 6),
(4148, 323, 'https://www.gutenberg.org/files/10288/10288-m/10288-m-readme.txt', 4),
(4149, 323, 'https://www.gutenberg.org/files/10288/10288-m/10288-m-001.mp3', 13),
(4150, 323, 'https://www.gutenberg.org/ebooks/10288.rdf', 5),
(4151, 323, 'https://www.gutenberg.org/cache/epub/10288/pg10288.cover.medium.jpg', 6),
(4152, 323, 'https://www.gutenberg.org/cache/epub/10288/pg10288.cover.small.jpg', 6),
(4153, 324, 'https://www.gutenberg.org/ebooks/10289.html.images', 1),
(4154, 324, 'https://www.gutenberg.org/files/10289/10289-h/10289-h.htm', 9),
(4155, 324, 'https://www.gutenberg.org/files/10289/10289-h.zip', 9),
(4156, 324, 'https://www.gutenberg.org/ebooks/10289.epub3.images', 2),
(4157, 324, 'https://www.gutenberg.org/ebooks/10289.epub.images', 2),
(4158, 324, 'https://www.gutenberg.org/ebooks/10289.epub.noimages', 2),
(4159, 324, 'https://www.gutenberg.org/ebooks/10289.kf8.images', 3),
(4160, 324, 'https://www.gutenberg.org/ebooks/10289.kindle.images', 3),
(4161, 324, 'https://www.gutenberg.org/ebooks/10289.kindle.noimages', 3),
(4162, 324, 'https://www.gutenberg.org/ebooks/10289.txt.utf-8', 4),
(4163, 324, 'https://www.gutenberg.org/files/10289/10289-8.txt', 10),
(4164, 324, 'https://www.gutenberg.org/files/10289/10289-8.zip', 10),
(4165, 324, 'https://www.gutenberg.org/files/10289/10289.txt', 4),
(4166, 324, 'https://www.gutenberg.org/files/10289/10289.zip', 4),
(4167, 324, 'https://www.gutenberg.org/ebooks/10289.rdf', 5),
(4168, 324, 'https://www.gutenberg.org/cache/epub/10289/pg10289.cover.medium.jpg', 6),
(4169, 324, 'https://www.gutenberg.org/cache/epub/10289/pg10289.cover.small.jpg', 6),
(4170, 324, 'https://www.gutenberg.org/cache/epub/10289/pg10289-h.zip', 7),
(4171, 325, 'https://www.gutenberg.org/ebooks/1029.html.images', 1),
(4172, 325, 'https://www.gutenberg.org/files/1029/1029-h/1029-h.htm', 12),
(4173, 325, 'https://www.gutenberg.org/files/1029/1029-h.zip', 12),
(4174, 325, 'https://www.gutenberg.org/ebooks/1029.epub3.images', 2),
(4175, 325, 'https://www.gutenberg.org/ebooks/1029.epub.images', 2),
(4176, 325, 'https://www.gutenberg.org/ebooks/1029.epub.noimages', 2),
(4177, 325, 'https://www.gutenberg.org/ebooks/1029.kf8.images', 3),
(4178, 325, 'https://www.gutenberg.org/ebooks/1029.kindle.images', 3),
(4179, 325, 'https://www.gutenberg.org/ebooks/1029.kindle.noimages', 3),
(4180, 325, 'https://www.gutenberg.org/ebooks/1029.txt.utf-8', 4),
(4181, 325, 'https://www.gutenberg.org/files/1029/1029-0.txt', 8),
(4182, 325, 'https://www.gutenberg.org/files/1029/1029-0.zip', 8),
(4183, 325, 'https://www.gutenberg.org/files/1029/1029.txt', 4),
(4184, 325, 'https://www.gutenberg.org/files/1029/1029.zip', 4),
(4185, 325, 'https://www.gutenberg.org/ebooks/1029.rdf', 5),
(4186, 325, 'https://www.gutenberg.org/cache/epub/1029/pg1029.cover.medium.jpg', 6),
(4187, 325, 'https://www.gutenberg.org/cache/epub/1029/pg1029.cover.small.jpg', 6),
(4188, 325, 'https://www.gutenberg.org/cache/epub/1029/pg1029-h.zip', 7),
(4189, 326, 'https://www.gutenberg.org/ebooks/10290.html.images', 1),
(4190, 326, 'https://www.gutenberg.org/files/10290/10290-h/10290-h.htm', 9),
(4191, 326, 'https://www.gutenberg.org/files/10290/10290-h.zip', 9),
(4192, 326, 'https://www.gutenberg.org/ebooks/10290.epub3.images', 2),
(4193, 326, 'https://www.gutenberg.org/ebooks/10290.epub.images', 2),
(4194, 326, 'https://www.gutenberg.org/ebooks/10290.epub.noimages', 2),
(4195, 326, 'https://www.gutenberg.org/ebooks/10290.kf8.images', 3),
(4196, 326, 'https://www.gutenberg.org/ebooks/10290.kindle.images', 3),
(4197, 326, 'https://www.gutenberg.org/ebooks/10290.kindle.noimages', 3),
(4198, 326, 'https://www.gutenberg.org/ebooks/10290.txt.utf-8', 4),
(4199, 326, 'https://www.gutenberg.org/files/10290/10290-8.txt', 10),
(4200, 326, 'https://www.gutenberg.org/files/10290/10290-8.zip', 10),
(4201, 326, 'https://www.gutenberg.org/files/10290/10290.txt', 4),
(4202, 326, 'https://www.gutenberg.org/files/10290/10290.zip', 4),
(4203, 326, 'https://www.gutenberg.org/ebooks/10290.rdf', 5),
(4204, 326, 'https://www.gutenberg.org/cache/epub/10290/pg10290.cover.medium.jpg', 6),
(4205, 326, 'https://www.gutenberg.org/cache/epub/10290/pg10290.cover.small.jpg', 6),
(4206, 326, 'https://www.gutenberg.org/cache/epub/10290/pg10290-h.zip', 7),
(4207, 327, 'https://www.gutenberg.org/ebooks/10291.html.images', 1),
(4208, 327, 'https://www.gutenberg.org/files/10291/10291-h/10291-h.htm', 12),
(4209, 327, 'https://www.gutenberg.org/files/10291/10291-h.zip', 12),
(4210, 327, 'https://www.gutenberg.org/ebooks/10291.epub3.images', 2),
(4211, 327, 'https://www.gutenberg.org/ebooks/10291.epub.images', 2),
(4212, 327, 'https://www.gutenberg.org/ebooks/10291.epub.noimages', 2),
(4213, 327, 'https://www.gutenberg.org/ebooks/10291.kf8.images', 3),
(4214, 327, 'https://www.gutenberg.org/ebooks/10291.kindle.images', 3),
(4215, 327, 'https://www.gutenberg.org/ebooks/10291.kindle.noimages', 3),
(4216, 327, 'https://www.gutenberg.org/ebooks/10291.txt.utf-8', 4),
(4217, 327, 'https://www.gutenberg.org/files/10291/10291-8.txt', 10),
(4218, 327, 'https://www.gutenberg.org/files/10291/10291-8.zip', 10),
(4219, 327, 'https://www.gutenberg.org/files/10291/10291.txt', 4),
(4220, 327, 'https://www.gutenberg.org/files/10291/10291.zip', 4),
(4221, 327, 'https://www.gutenberg.org/ebooks/10291.rdf', 5),
(4222, 327, 'https://www.gutenberg.org/cache/epub/10291/pg10291.cover.medium.jpg', 6),
(4223, 327, 'https://www.gutenberg.org/cache/epub/10291/pg10291.cover.small.jpg', 6),
(4224, 327, 'https://www.gutenberg.org/cache/epub/10291/pg10291-h.zip', 7),
(4225, 328, 'https://www.gutenberg.org/ebooks/10292.html.images', 1),
(4226, 328, 'https://www.gutenberg.org/files/10292/10292-h/10292-h.htm', 9),
(4227, 328, 'https://www.gutenberg.org/files/10292/10292-h.zip', 9),
(4228, 328, 'https://www.gutenberg.org/ebooks/10292.epub3.images', 2),
(4229, 328, 'https://www.gutenberg.org/ebooks/10292.epub.images', 2),
(4230, 328, 'https://www.gutenberg.org/ebooks/10292.epub.noimages', 2),
(4231, 328, 'https://www.gutenberg.org/ebooks/10292.kf8.images', 3),
(4232, 328, 'https://www.gutenberg.org/ebooks/10292.kindle.images', 3),
(4233, 328, 'https://www.gutenberg.org/ebooks/10292.kindle.noimages', 3),
(4234, 328, 'https://www.gutenberg.org/ebooks/10292.txt.utf-8', 4),
(4235, 328, 'https://www.gutenberg.org/files/10292/10292-8.txt', 10),
(4236, 328, 'https://www.gutenberg.org/files/10292/10292-8.zip', 10),
(4237, 328, 'https://www.gutenberg.org/files/10292/10292.txt', 4),
(4238, 328, 'https://www.gutenberg.org/files/10292/10292.zip', 4),
(4239, 328, 'https://www.gutenberg.org/ebooks/10292.rdf', 5),
(4240, 328, 'https://www.gutenberg.org/cache/epub/10292/pg10292.cover.medium.jpg', 6),
(4241, 328, 'https://www.gutenberg.org/cache/epub/10292/pg10292.cover.small.jpg', 6),
(4242, 328, 'https://www.gutenberg.org/cache/epub/10292/pg10292-h.zip', 7),
(4243, 329, 'https://www.gutenberg.org/ebooks/10293.html.images', 1),
(4244, 329, 'https://www.gutenberg.org/ebooks/10293.html.noimages', 1),
(4245, 329, 'https://www.gutenberg.org/ebooks/10293.epub3.images', 2),
(4246, 329, 'https://www.gutenberg.org/ebooks/10293.epub.images', 2),
(4247, 329, 'https://www.gutenberg.org/ebooks/10293.epub.noimages', 2),
(4248, 329, 'https://www.gutenberg.org/ebooks/10293.kf8.images', 3),
(4249, 329, 'https://www.gutenberg.org/ebooks/10293.kindle.images', 3),
(4250, 329, 'https://www.gutenberg.org/ebooks/10293.kindle.noimages', 3),
(4251, 329, 'https://www.gutenberg.org/ebooks/10293.txt.utf-8', 4),
(4252, 329, 'https://www.gutenberg.org/files/10293/10293-8.txt', 10),
(4253, 329, 'https://www.gutenberg.org/files/10293/10293-8.zip', 10),
(4254, 329, 'https://www.gutenberg.org/files/10293/10293.txt', 4),
(4255, 329, 'https://www.gutenberg.org/files/10293/10293.zip', 4),
(4256, 329, 'https://www.gutenberg.org/ebooks/10293.rdf', 5),
(4257, 329, 'https://www.gutenberg.org/cache/epub/10293/pg10293.cover.medium.jpg', 6),
(4258, 329, 'https://www.gutenberg.org/cache/epub/10293/pg10293.cover.small.jpg', 6),
(4259, 329, 'https://www.gutenberg.org/cache/epub/10293/pg10293-h.zip', 7),
(4260, 330, 'https://www.gutenberg.org/ebooks/10294.html.images', 1),
(4261, 330, 'https://www.gutenberg.org/ebooks/10294.html.noimages', 1),
(4262, 330, 'https://www.gutenberg.org/ebooks/10294.epub3.images', 2);
INSERT INTO `booklinks` (`Link_id`, `Book_id`, `Link`, `type_id`) VALUES
(4263, 330, 'https://www.gutenberg.org/ebooks/10294.epub.images', 2),
(4264, 330, 'https://www.gutenberg.org/ebooks/10294.epub.noimages', 2),
(4265, 330, 'https://www.gutenberg.org/ebooks/10294.kf8.images', 3),
(4266, 330, 'https://www.gutenberg.org/ebooks/10294.kindle.images', 3),
(4267, 330, 'https://www.gutenberg.org/ebooks/10294.kindle.noimages', 3),
(4268, 330, 'https://www.gutenberg.org/ebooks/10294.txt.utf-8', 4),
(4269, 330, 'https://www.gutenberg.org/files/10294/10294.txt', 4),
(4270, 330, 'https://www.gutenberg.org/files/10294/10294.zip', 4),
(4271, 330, 'https://www.gutenberg.org/ebooks/10294.rdf', 5),
(4272, 330, 'https://www.gutenberg.org/cache/epub/10294/pg10294.cover.medium.jpg', 6),
(4273, 330, 'https://www.gutenberg.org/cache/epub/10294/pg10294.cover.small.jpg', 6),
(4274, 330, 'https://www.gutenberg.org/cache/epub/10294/pg10294-h.zip', 7),
(4275, 331, 'https://www.gutenberg.org/files/10295/10295-m/10295-m-readme.txt', 4),
(4276, 331, 'https://www.gutenberg.org/files/10295/10295-m/10295-m-001.mp3', 13),
(4277, 331, 'https://www.gutenberg.org/ebooks/10295.rdf', 5),
(4278, 331, 'https://www.gutenberg.org/cache/epub/10295/pg10295.cover.medium.jpg', 6),
(4279, 331, 'https://www.gutenberg.org/cache/epub/10295/pg10295.cover.small.jpg', 6),
(4280, 332, 'https://www.gutenberg.org/files/10296/10296-m/10296-m-readme.txt', 4),
(4281, 332, 'https://www.gutenberg.org/files/10296/10296-m/10296-m-001.mp3', 13),
(4282, 332, 'https://www.gutenberg.org/ebooks/10296.rdf', 5),
(4283, 332, 'https://www.gutenberg.org/cache/epub/10296/pg10296.cover.medium.jpg', 6),
(4284, 332, 'https://www.gutenberg.org/cache/epub/10296/pg10296.cover.small.jpg', 6),
(4285, 333, 'https://www.gutenberg.org/files/10297/10297-m/10297-m-readme.txt', 4),
(4286, 333, 'https://www.gutenberg.org/files/10297/10297-m/10297-m-001.mp3', 13),
(4287, 333, 'https://www.gutenberg.org/ebooks/10297.rdf', 5),
(4288, 333, 'https://www.gutenberg.org/cache/epub/10297/pg10297.cover.medium.jpg', 6),
(4289, 333, 'https://www.gutenberg.org/cache/epub/10297/pg10297.cover.small.jpg', 6),
(4290, 334, 'https://www.gutenberg.org/files/10298/10298-m/10298-m-readme.txt', 4),
(4291, 334, 'https://www.gutenberg.org/files/10298/10298-m/10298-m-001.mp3', 13),
(4292, 334, 'https://www.gutenberg.org/ebooks/10298.rdf', 5),
(4293, 334, 'https://www.gutenberg.org/cache/epub/10298/pg10298.cover.medium.jpg', 6),
(4294, 334, 'https://www.gutenberg.org/cache/epub/10298/pg10298.cover.small.jpg', 6),
(4295, 335, 'https://www.gutenberg.org/files/10299/10299-m/10299-m-readme.txt', 4),
(4296, 335, 'https://www.gutenberg.org/files/10299/10299-m/10299-m-001.mp3', 13),
(4297, 335, 'https://www.gutenberg.org/ebooks/10299.rdf', 5),
(4298, 335, 'https://www.gutenberg.org/cache/epub/10299/pg10299.cover.medium.jpg', 6),
(4299, 335, 'https://www.gutenberg.org/cache/epub/10299/pg10299.cover.small.jpg', 6),
(4300, 336, 'https://www.gutenberg.org/ebooks/103.html.images', 1),
(4301, 336, 'https://www.gutenberg.org/files/103/103-h/103-h.htm', 9),
(4302, 336, 'https://www.gutenberg.org/files/103/103-h.zip', 9),
(4303, 336, 'https://www.gutenberg.org/ebooks/103.epub3.images', 2),
(4304, 336, 'https://www.gutenberg.org/ebooks/103.epub.images', 2),
(4305, 336, 'https://www.gutenberg.org/ebooks/103.epub.noimages', 2),
(4306, 336, 'https://www.gutenberg.org/ebooks/103.kf8.images', 3),
(4307, 336, 'https://www.gutenberg.org/ebooks/103.kindle.images', 3),
(4308, 336, 'https://www.gutenberg.org/ebooks/103.kindle.noimages', 3),
(4309, 336, 'https://www.gutenberg.org/ebooks/103.txt.utf-8', 4),
(4310, 336, 'https://www.gutenberg.org/files/103/103-0.txt', 8),
(4311, 336, 'https://www.gutenberg.org/files/103/103-0.zip', 8),
(4312, 336, 'https://www.gutenberg.org/ebooks/103.rdf', 5),
(4313, 336, 'https://www.gutenberg.org/cache/epub/103/pg103.cover.medium.jpg', 6),
(4314, 336, 'https://www.gutenberg.org/cache/epub/103/pg103.cover.small.jpg', 6),
(4315, 336, 'https://www.gutenberg.org/cache/epub/103/pg103-h.zip', 7),
(4316, 337, 'https://www.gutenberg.org/ebooks/1030.html.images', 1),
(4317, 337, 'https://www.gutenberg.org/files/1030/1030-h/1030-h.htm', 1),
(4318, 337, 'https://www.gutenberg.org/files/1030/1030-h.zip', 1),
(4319, 337, 'https://www.gutenberg.org/ebooks/1030.epub3.images', 2),
(4320, 337, 'https://www.gutenberg.org/ebooks/1030.epub.images', 2),
(4321, 337, 'https://www.gutenberg.org/ebooks/1030.epub.noimages', 2),
(4322, 337, 'https://www.gutenberg.org/ebooks/1030.kf8.images', 3),
(4323, 337, 'https://www.gutenberg.org/ebooks/1030.kindle.images', 3),
(4324, 337, 'https://www.gutenberg.org/ebooks/1030.kindle.noimages', 3),
(4325, 337, 'https://www.gutenberg.org/ebooks/1030.txt.utf-8', 4),
(4326, 337, 'https://www.gutenberg.org/files/1030/1030-0.txt', 8),
(4327, 337, 'https://www.gutenberg.org/files/1030/1030-0.zip', 8),
(4328, 337, 'https://www.gutenberg.org/ebooks/1030.rdf', 5),
(4329, 337, 'https://www.gutenberg.org/cache/epub/1030/pg1030.cover.medium.jpg', 6),
(4330, 337, 'https://www.gutenberg.org/cache/epub/1030/pg1030.cover.small.jpg', 6),
(4331, 337, 'https://www.gutenberg.org/cache/epub/1030/pg1030-h.zip', 7),
(4332, 338, 'https://www.gutenberg.org/files/10300/10300-m/10300-m-readme.txt', 4),
(4333, 338, 'https://www.gutenberg.org/files/10300/10300-m/10300-m-001.mp3', 13),
(4334, 338, 'https://www.gutenberg.org/ebooks/10300.rdf', 5),
(4335, 338, 'https://www.gutenberg.org/cache/epub/10300/pg10300.cover.medium.jpg', 6),
(4336, 338, 'https://www.gutenberg.org/cache/epub/10300/pg10300.cover.small.jpg', 6),
(4337, 339, 'https://www.gutenberg.org/files/10301/10301-m/10301-m-readme.txt', 4),
(4338, 339, 'https://www.gutenberg.org/files/10301/10301-m/10301-m-001.mp3', 13),
(4339, 339, 'https://www.gutenberg.org/ebooks/10301.rdf', 5),
(4340, 339, 'https://www.gutenberg.org/cache/epub/10301/pg10301.cover.medium.jpg', 6),
(4341, 339, 'https://www.gutenberg.org/cache/epub/10301/pg10301.cover.small.jpg', 6),
(4342, 340, 'https://www.gutenberg.org/files/10302/10302-m/10302-m-readme.txt', 4),
(4343, 340, 'https://www.gutenberg.org/files/10302/10302-m/10302-m-001.mp3', 13),
(4344, 340, 'https://www.gutenberg.org/ebooks/10302.rdf', 5),
(4345, 340, 'https://www.gutenberg.org/cache/epub/10302/pg10302.cover.medium.jpg', 6),
(4346, 340, 'https://www.gutenberg.org/cache/epub/10302/pg10302.cover.small.jpg', 6),
(4347, 341, 'https://www.gutenberg.org/files/10303/10303-m/10303-m-readme.txt', 4),
(4348, 341, 'https://www.gutenberg.org/files/10303/10303-m/10303-m-001.mp3', 13),
(4349, 341, 'https://www.gutenberg.org/ebooks/10303.rdf', 5),
(4350, 341, 'https://www.gutenberg.org/cache/epub/10303/pg10303.cover.medium.jpg', 6),
(4351, 341, 'https://www.gutenberg.org/cache/epub/10303/pg10303.cover.small.jpg', 6),
(4352, 342, 'https://www.gutenberg.org/files/10304/10304-m/10304-m-readme.txt', 4),
(4353, 342, 'https://www.gutenberg.org/files/10304/10304-m/10304-m-001.mp3', 13),
(4354, 342, 'https://www.gutenberg.org/ebooks/10304.rdf', 5),
(4355, 342, 'https://www.gutenberg.org/cache/epub/10304/pg10304.cover.medium.jpg', 6),
(4356, 342, 'https://www.gutenberg.org/cache/epub/10304/pg10304.cover.small.jpg', 6),
(4357, 343, 'https://www.gutenberg.org/files/10305/10305-m/10305-m-readme.txt', 4),
(4358, 343, 'https://www.gutenberg.org/files/10305/10305-m/10305-m-001.mp3', 13),
(4359, 343, 'https://www.gutenberg.org/ebooks/10305.rdf', 5),
(4360, 343, 'https://www.gutenberg.org/cache/epub/10305/pg10305.cover.medium.jpg', 6),
(4361, 343, 'https://www.gutenberg.org/cache/epub/10305/pg10305.cover.small.jpg', 6),
(4362, 344, 'https://www.gutenberg.org/files/10306/10306-m/10306-m-readme.txt', 4),
(4363, 344, 'https://www.gutenberg.org/files/10306/10306-m/10306-m-001.mp3', 13),
(4364, 344, 'https://www.gutenberg.org/ebooks/10306.rdf', 5),
(4365, 344, 'https://www.gutenberg.org/cache/epub/10306/pg10306.cover.medium.jpg', 6),
(4366, 344, 'https://www.gutenberg.org/cache/epub/10306/pg10306.cover.small.jpg', 6),
(4367, 345, 'https://www.gutenberg.org/files/10307/10307-m/10307-m-readme.txt', 4),
(4368, 345, 'https://www.gutenberg.org/files/10307/10307-m/10307-m-001.mp3', 13),
(4369, 345, 'https://www.gutenberg.org/ebooks/10307.rdf', 5),
(4370, 345, 'https://www.gutenberg.org/cache/epub/10307/pg10307.cover.medium.jpg', 6),
(4371, 345, 'https://www.gutenberg.org/cache/epub/10307/pg10307.cover.small.jpg', 6),
(4372, 346, 'https://www.gutenberg.org/files/10308/10308-m/10308-m-readme.txt', 4),
(4373, 346, 'https://www.gutenberg.org/files/10308/10308-m/10308-m-001.mp3', 13),
(4374, 346, 'https://www.gutenberg.org/ebooks/10308.rdf', 5),
(4375, 346, 'https://www.gutenberg.org/cache/epub/10308/pg10308.cover.medium.jpg', 6),
(4376, 346, 'https://www.gutenberg.org/cache/epub/10308/pg10308.cover.small.jpg', 6),
(4377, 347, 'https://www.gutenberg.org/files/10309/10309-m/10309-m-readme.txt', 4),
(4378, 347, 'https://www.gutenberg.org/files/10309/10309-m/10309-m-001.mp3', 13),
(4379, 347, 'https://www.gutenberg.org/ebooks/10309.rdf', 5),
(4380, 347, 'https://www.gutenberg.org/cache/epub/10309/pg10309.cover.medium.jpg', 6),
(4381, 347, 'https://www.gutenberg.org/cache/epub/10309/pg10309.cover.small.jpg', 6),
(4382, 348, 'https://www.gutenberg.org/ebooks/1031.html.images', 1),
(4383, 348, 'https://www.gutenberg.org/files/1031/1031-h/1031-h.htm', 1),
(4384, 348, 'https://www.gutenberg.org/files/1031/1031-h.zip', 1),
(4385, 348, 'https://www.gutenberg.org/ebooks/1031.epub3.images', 2),
(4386, 348, 'https://www.gutenberg.org/ebooks/1031.epub.images', 2),
(4387, 348, 'https://www.gutenberg.org/ebooks/1031.epub.noimages', 2),
(4388, 348, 'https://www.gutenberg.org/ebooks/1031.kf8.images', 3),
(4389, 348, 'https://www.gutenberg.org/ebooks/1031.kindle.images', 3),
(4390, 348, 'https://www.gutenberg.org/ebooks/1031.kindle.noimages', 3),
(4391, 348, 'https://www.gutenberg.org/ebooks/1031.txt.utf-8', 4),
(4392, 348, 'https://www.gutenberg.org/files/1031/1031-0.txt', 8),
(4393, 348, 'https://www.gutenberg.org/files/1031/1031-0.zip', 8),
(4394, 348, 'https://www.gutenberg.org/ebooks/1031.rdf', 5),
(4395, 348, 'https://www.gutenberg.org/cache/epub/1031/pg1031.cover.medium.jpg', 6),
(4396, 348, 'https://www.gutenberg.org/cache/epub/1031/pg1031.cover.small.jpg', 6),
(4397, 348, 'https://www.gutenberg.org/cache/epub/1031/pg1031-h.zip', 7),
(4398, 349, 'https://www.gutenberg.org/files/10310/10310-m/10310-m-readme.txt', 4),
(4399, 349, 'https://www.gutenberg.org/files/10310/10310-m/10310-m-001.mp3', 13),
(4400, 349, 'https://www.gutenberg.org/files/10310/10310.txt', 4),
(4401, 349, 'https://www.gutenberg.org/files/10310/10310.zip', 4),
(4402, 349, 'https://www.gutenberg.org/ebooks/10310.rdf', 5),
(4403, 349, 'https://www.gutenberg.org/cache/epub/10310/pg10310.cover.medium.jpg', 6),
(4404, 349, 'https://www.gutenberg.org/cache/epub/10310/pg10310.cover.small.jpg', 6),
(4405, 350, 'https://www.gutenberg.org/files/10311/10311-m/10311-m-readme.txt', 4),
(4406, 350, 'https://www.gutenberg.org/files/10311/10311-m/10311-m-001.mp3', 13),
(4407, 350, 'https://www.gutenberg.org/ebooks/10311.rdf', 5),
(4408, 350, 'https://www.gutenberg.org/cache/epub/10311/pg10311.cover.medium.jpg', 6),
(4409, 350, 'https://www.gutenberg.org/cache/epub/10311/pg10311.cover.small.jpg', 6),
(4410, 351, 'https://www.gutenberg.org/files/10312/10312-m/10312-m-readme.txt', 4),
(4411, 351, 'https://www.gutenberg.org/files/10312/10312-m/10312-m-001.mp3', 13),
(4412, 351, 'https://www.gutenberg.org/ebooks/10312.rdf', 5),
(4413, 351, 'https://www.gutenberg.org/cache/epub/10312/pg10312.cover.medium.jpg', 6),
(4414, 351, 'https://www.gutenberg.org/cache/epub/10312/pg10312.cover.small.jpg', 6),
(4415, 352, 'https://www.gutenberg.org/files/10313/10313-m/10313-m-readme.txt', 4),
(4416, 352, 'https://www.gutenberg.org/files/10313/10313-m/10313-m-001.mp3', 13),
(4417, 352, 'https://www.gutenberg.org/ebooks/10313.rdf', 5),
(4418, 352, 'https://www.gutenberg.org/cache/epub/10313/pg10313.cover.medium.jpg', 6),
(4419, 352, 'https://www.gutenberg.org/cache/epub/10313/pg10313.cover.small.jpg', 6),
(4420, 353, 'https://www.gutenberg.org/ebooks/10314.html.images', 1),
(4421, 353, 'https://www.gutenberg.org/ebooks/10314.html.noimages', 1),
(4422, 353, 'https://www.gutenberg.org/ebooks/10314.epub3.images', 2),
(4423, 353, 'https://www.gutenberg.org/ebooks/10314.epub.images', 2),
(4424, 353, 'https://www.gutenberg.org/ebooks/10314.epub.noimages', 2),
(4425, 353, 'https://www.gutenberg.org/ebooks/10314.kf8.images', 3),
(4426, 353, 'https://www.gutenberg.org/ebooks/10314.kindle.images', 3),
(4427, 353, 'https://www.gutenberg.org/ebooks/10314.kindle.noimages', 3),
(4428, 353, 'https://www.gutenberg.org/ebooks/10314.txt.utf-8', 4),
(4429, 353, 'https://www.gutenberg.org/files/10314/10314-8.txt', 10),
(4430, 353, 'https://www.gutenberg.org/files/10314/10314-8.zip', 10),
(4431, 353, 'https://www.gutenberg.org/files/10314/10314.txt', 4),
(4432, 353, 'https://www.gutenberg.org/files/10314/10314.zip', 4),
(4433, 353, 'https://www.gutenberg.org/ebooks/10314.rdf', 5),
(4434, 353, 'https://www.gutenberg.org/cache/epub/10314/pg10314.cover.medium.jpg', 6),
(4435, 353, 'https://www.gutenberg.org/cache/epub/10314/pg10314.cover.small.jpg', 6),
(4436, 353, 'https://www.gutenberg.org/cache/epub/10314/pg10314-h.zip', 7),
(4437, 354, 'https://www.gutenberg.org/ebooks/10315.html.images', 1),
(4438, 354, 'https://www.gutenberg.org/ebooks/10315.html.noimages', 1),
(4439, 354, 'https://www.gutenberg.org/ebooks/10315.epub3.images', 2),
(4440, 354, 'https://www.gutenberg.org/ebooks/10315.epub.images', 2),
(4441, 354, 'https://www.gutenberg.org/ebooks/10315.epub.noimages', 2),
(4442, 354, 'https://www.gutenberg.org/ebooks/10315.kf8.images', 3),
(4443, 354, 'https://www.gutenberg.org/ebooks/10315.kindle.images', 3),
(4444, 354, 'https://www.gutenberg.org/ebooks/10315.kindle.noimages', 3),
(4445, 354, 'https://www.gutenberg.org/ebooks/10315.txt.utf-8', 4),
(4446, 354, 'https://www.gutenberg.org/files/10315/10315-8.txt', 10),
(4447, 354, 'https://www.gutenberg.org/files/10315/10315-8.zip', 10),
(4448, 354, 'https://www.gutenberg.org/files/10315/10315.txt', 4),
(4449, 354, 'https://www.gutenberg.org/files/10315/10315.zip', 4),
(4450, 354, 'https://www.gutenberg.org/ebooks/10315.rdf', 5),
(4451, 354, 'https://www.gutenberg.org/cache/epub/10315/pg10315.cover.medium.jpg', 6),
(4452, 354, 'https://www.gutenberg.org/cache/epub/10315/pg10315.cover.small.jpg', 6),
(4453, 354, 'https://www.gutenberg.org/cache/epub/10315/pg10315-h.zip', 7),
(4454, 355, 'https://www.gutenberg.org/ebooks/10316.html.images', 1),
(4455, 355, 'https://www.gutenberg.org/ebooks/10316.html.noimages', 1),
(4456, 355, 'https://www.gutenberg.org/ebooks/10316.epub3.images', 2),
(4457, 355, 'https://www.gutenberg.org/ebooks/10316.epub.images', 2),
(4458, 355, 'https://www.gutenberg.org/ebooks/10316.epub.noimages', 2),
(4459, 355, 'https://www.gutenberg.org/ebooks/10316.kf8.images', 3),
(4460, 355, 'https://www.gutenberg.org/ebooks/10316.kindle.images', 3),
(4461, 355, 'https://www.gutenberg.org/ebooks/10316.kindle.noimages', 3),
(4462, 355, 'https://www.gutenberg.org/ebooks/10316.txt.utf-8', 4),
(4463, 355, 'https://www.gutenberg.org/files/10316/10316.txt', 4),
(4464, 355, 'https://www.gutenberg.org/files/10316/10316.zip', 4),
(4465, 355, 'https://www.gutenberg.org/ebooks/10316.rdf', 5),
(4466, 355, 'https://www.gutenberg.org/cache/epub/10316/pg10316.cover.medium.jpg', 6),
(4467, 355, 'https://www.gutenberg.org/cache/epub/10316/pg10316.cover.small.jpg', 6),
(4468, 355, 'https://www.gutenberg.org/cache/epub/10316/pg10316-h.zip', 7),
(4469, 356, 'https://www.gutenberg.org/ebooks/10317.html.images', 1),
(4470, 356, 'https://www.gutenberg.org/ebooks/10317.html.noimages', 1),
(4471, 356, 'https://www.gutenberg.org/ebooks/10317.epub3.images', 2),
(4472, 356, 'https://www.gutenberg.org/ebooks/10317.epub.images', 2),
(4473, 356, 'https://www.gutenberg.org/ebooks/10317.epub.noimages', 2),
(4474, 356, 'https://www.gutenberg.org/ebooks/10317.kf8.images', 3),
(4475, 356, 'https://www.gutenberg.org/ebooks/10317.kindle.images', 3),
(4476, 356, 'https://www.gutenberg.org/ebooks/10317.kindle.noimages', 3),
(4477, 356, 'https://www.gutenberg.org/ebooks/10317.txt.utf-8', 4),
(4478, 356, 'https://www.gutenberg.org/files/10317/10317-8.txt', 10),
(4479, 356, 'https://www.gutenberg.org/files/10317/10317-8.zip', 10),
(4480, 356, 'https://www.gutenberg.org/files/10317/10317.txt', 4),
(4481, 356, 'https://www.gutenberg.org/files/10317/10317.zip', 4),
(4482, 356, 'https://www.gutenberg.org/ebooks/10317.rdf', 5),
(4483, 356, 'https://www.gutenberg.org/cache/epub/10317/pg10317.cover.medium.jpg', 6),
(4484, 356, 'https://www.gutenberg.org/cache/epub/10317/pg10317.cover.small.jpg', 6),
(4485, 356, 'https://www.gutenberg.org/cache/epub/10317/pg10317-h.zip', 7),
(4486, 357, 'https://www.gutenberg.org/ebooks/10318.html.images', 1),
(4487, 357, 'https://www.gutenberg.org/files/10318/10318-h/10318-h.htm', 9),
(4488, 357, 'https://www.gutenberg.org/files/10318/10318-h.zip', 9),
(4489, 357, 'https://www.gutenberg.org/ebooks/10318.epub3.images', 2),
(4490, 357, 'https://www.gutenberg.org/ebooks/10318.epub.images', 2),
(4491, 357, 'https://www.gutenberg.org/ebooks/10318.epub.noimages', 2),
(4492, 357, 'https://www.gutenberg.org/ebooks/10318.kf8.images', 3),
(4493, 357, 'https://www.gutenberg.org/ebooks/10318.kindle.images', 3),
(4494, 357, 'https://www.gutenberg.org/ebooks/10318.kindle.noimages', 3),
(4495, 357, 'https://www.gutenberg.org/ebooks/10318.txt.utf-8', 4),
(4496, 357, 'https://www.gutenberg.org/files/10318/10318-8.txt', 10),
(4497, 357, 'https://www.gutenberg.org/files/10318/10318-8.zip', 10),
(4498, 357, 'https://www.gutenberg.org/files/10318/10318.txt', 4),
(4499, 357, 'https://www.gutenberg.org/files/10318/10318.zip', 4),
(4500, 357, 'https://www.gutenberg.org/ebooks/10318.rdf', 5),
(4501, 357, 'https://www.gutenberg.org/cache/epub/10318/pg10318.cover.medium.jpg', 6),
(4502, 357, 'https://www.gutenberg.org/cache/epub/10318/pg10318.cover.small.jpg', 6),
(4503, 357, 'https://www.gutenberg.org/cache/epub/10318/pg10318-h.zip', 7),
(4504, 358, 'https://www.gutenberg.org/ebooks/10319.html.images', 1),
(4505, 358, 'https://www.gutenberg.org/ebooks/10319.html.noimages', 1),
(4506, 358, 'https://www.gutenberg.org/ebooks/10319.epub3.images', 2),
(4507, 358, 'https://www.gutenberg.org/ebooks/10319.epub.images', 2),
(4508, 358, 'https://www.gutenberg.org/ebooks/10319.epub.noimages', 2),
(4509, 358, 'https://www.gutenberg.org/ebooks/10319.kf8.images', 3),
(4510, 358, 'https://www.gutenberg.org/ebooks/10319.kindle.images', 3),
(4511, 358, 'https://www.gutenberg.org/ebooks/10319.kindle.noimages', 3),
(4512, 358, 'https://www.gutenberg.org/ebooks/10319.txt.utf-8', 4),
(4513, 358, 'https://www.gutenberg.org/files/10319/10319.txt', 4),
(4514, 358, 'https://www.gutenberg.org/files/10319/10319.zip', 4),
(4515, 358, 'https://www.gutenberg.org/ebooks/10319.rdf', 5),
(4516, 358, 'https://www.gutenberg.org/cache/epub/10319/pg10319.cover.medium.jpg', 6),
(4517, 358, 'https://www.gutenberg.org/cache/epub/10319/pg10319.cover.small.jpg', 6),
(4518, 358, 'https://www.gutenberg.org/cache/epub/10319/pg10319-h.zip', 7),
(4519, 359, 'https://www.gutenberg.org/ebooks/1032.html.images', 1),
(4520, 359, 'https://www.gutenberg.org/files/1032/1032-h/1032-h.htm', 1),
(4521, 359, 'https://www.gutenberg.org/files/1032/1032-h.zip', 1),
(4522, 359, 'https://www.gutenberg.org/ebooks/1032.epub3.images', 2),
(4523, 359, 'https://www.gutenberg.org/ebooks/1032.epub.images', 2),
(4524, 359, 'https://www.gutenberg.org/ebooks/1032.epub.noimages', 2),
(4525, 359, 'https://www.gutenberg.org/ebooks/1032.kf8.images', 3),
(4526, 359, 'https://www.gutenberg.org/ebooks/1032.kindle.images', 3),
(4527, 359, 'https://www.gutenberg.org/ebooks/1032.kindle.noimages', 3),
(4528, 359, 'https://www.gutenberg.org/ebooks/1032.txt.utf-8', 4),
(4529, 359, 'https://www.gutenberg.org/files/1032/1032-0.txt', 8),
(4530, 359, 'https://www.gutenberg.org/files/1032/1032-0.zip', 8),
(4531, 359, 'https://www.gutenberg.org/files/1032/1032.txt', 4),
(4532, 359, 'https://www.gutenberg.org/files/1032/1032.zip', 4),
(4533, 359, 'https://www.gutenberg.org/ebooks/1032.rdf', 5),
(4534, 359, 'https://www.gutenberg.org/cache/epub/1032/pg1032.cover.medium.jpg', 6),
(4535, 359, 'https://www.gutenberg.org/cache/epub/1032/pg1032.cover.small.jpg', 6),
(4536, 359, 'https://www.gutenberg.org/cache/epub/1032/pg1032-h.zip', 7),
(4537, 360, 'https://www.gutenberg.org/ebooks/10320.html.images', 1),
(4538, 360, 'https://www.gutenberg.org/ebooks/10320.html.noimages', 1),
(4539, 360, 'https://www.gutenberg.org/ebooks/10320.epub3.images', 2),
(4540, 360, 'https://www.gutenberg.org/ebooks/10320.epub.images', 2),
(4541, 360, 'https://www.gutenberg.org/ebooks/10320.epub.noimages', 2),
(4542, 360, 'https://www.gutenberg.org/ebooks/10320.kf8.images', 3),
(4543, 360, 'https://www.gutenberg.org/ebooks/10320.kindle.images', 3),
(4544, 360, 'https://www.gutenberg.org/ebooks/10320.kindle.noimages', 3),
(4545, 360, 'https://www.gutenberg.org/ebooks/10320.txt.utf-8', 4),
(4546, 360, 'https://www.gutenberg.org/files/10320/10320.txt', 4),
(4547, 360, 'https://www.gutenberg.org/files/10320/10320.zip', 4),
(4548, 360, 'https://www.gutenberg.org/ebooks/10320.rdf', 5),
(4549, 360, 'https://www.gutenberg.org/cache/epub/10320/pg10320.cover.medium.jpg', 6),
(4550, 360, 'https://www.gutenberg.org/cache/epub/10320/pg10320.cover.small.jpg', 6),
(4551, 360, 'https://www.gutenberg.org/cache/epub/10320/pg10320-h.zip', 7),
(4552, 361, 'https://www.gutenberg.org/ebooks/10321.html.images', 1),
(4553, 361, 'https://www.gutenberg.org/files/10321/10321-h/10321-h.htm', 9),
(4554, 361, 'https://www.gutenberg.org/files/10321/10321-h.zip', 1),
(4555, 361, 'https://www.gutenberg.org/ebooks/10321.epub3.images', 2),
(4556, 361, 'https://www.gutenberg.org/ebooks/10321.epub.images', 2),
(4557, 361, 'https://www.gutenberg.org/ebooks/10321.epub.noimages', 2),
(4558, 361, 'https://www.gutenberg.org/ebooks/10321.kf8.images', 3),
(4559, 361, 'https://www.gutenberg.org/ebooks/10321.kindle.images', 3),
(4560, 361, 'https://www.gutenberg.org/ebooks/10321.kindle.noimages', 3),
(4561, 361, 'https://www.gutenberg.org/ebooks/10321.txt.utf-8', 4),
(4562, 361, 'https://www.gutenberg.org/files/10321/10321-8.txt', 10),
(4563, 361, 'https://www.gutenberg.org/files/10321/10321-8.zip', 10),
(4564, 361, 'https://www.gutenberg.org/files/10321/10321.txt', 4),
(4565, 361, 'https://www.gutenberg.org/files/10321/10321.zip', 4),
(4566, 361, 'https://www.gutenberg.org/ebooks/10321.rdf', 5),
(4567, 361, 'https://www.gutenberg.org/cache/epub/10321/pg10321.cover.medium.jpg', 6),
(4568, 361, 'https://www.gutenberg.org/cache/epub/10321/pg10321.cover.small.jpg', 6),
(4569, 361, 'https://www.gutenberg.org/cache/epub/10321/pg10321-h.zip', 7),
(4570, 362, 'https://www.gutenberg.org/ebooks/10322.html.images', 1),
(4571, 362, 'https://www.gutenberg.org/ebooks/10322.html.noimages', 1),
(4572, 362, 'https://www.gutenberg.org/ebooks/10322.epub3.images', 2),
(4573, 362, 'https://www.gutenberg.org/ebooks/10322.epub.images', 2),
(4574, 362, 'https://www.gutenberg.org/ebooks/10322.epub.noimages', 2),
(4575, 362, 'https://www.gutenberg.org/ebooks/10322.kf8.images', 3),
(4576, 362, 'https://www.gutenberg.org/ebooks/10322.kindle.images', 3),
(4577, 362, 'https://www.gutenberg.org/ebooks/10322.kindle.noimages', 3),
(4578, 362, 'https://www.gutenberg.org/ebooks/10322.txt.utf-8', 4),
(4579, 362, 'https://www.gutenberg.org/files/10322/10322-8.txt', 10),
(4580, 362, 'https://www.gutenberg.org/files/10322/10322-8.zip', 10),
(4581, 362, 'https://www.gutenberg.org/files/10322/10322.txt', 4),
(4582, 362, 'https://www.gutenberg.org/files/10322/10322.zip', 4),
(4583, 362, 'https://www.gutenberg.org/ebooks/10322.rdf', 5),
(4584, 362, 'https://www.gutenberg.org/cache/epub/10322/pg10322.cover.medium.jpg', 6),
(4585, 362, 'https://www.gutenberg.org/cache/epub/10322/pg10322.cover.small.jpg', 6),
(4586, 362, 'https://www.gutenberg.org/cache/epub/10322/pg10322-h.zip', 7),
(4587, 363, 'https://www.gutenberg.org/ebooks/10323.html.images', 1),
(4588, 363, 'https://www.gutenberg.org/ebooks/10323.html.noimages', 1),
(4589, 363, 'https://www.gutenberg.org/ebooks/10323.epub3.images', 2),
(4590, 363, 'https://www.gutenberg.org/ebooks/10323.epub.images', 2),
(4591, 363, 'https://www.gutenberg.org/ebooks/10323.epub.noimages', 2),
(4592, 363, 'https://www.gutenberg.org/ebooks/10323.kf8.images', 3),
(4593, 363, 'https://www.gutenberg.org/ebooks/10323.kindle.images', 3),
(4594, 363, 'https://www.gutenberg.org/ebooks/10323.kindle.noimages', 3),
(4595, 363, 'https://www.gutenberg.org/ebooks/10323.txt.utf-8', 4),
(4596, 363, 'https://www.gutenberg.org/files/10323/10323.txt', 4),
(4597, 363, 'https://www.gutenberg.org/files/10323/10323.zip', 4),
(4598, 363, 'https://www.gutenberg.org/ebooks/10323.rdf', 5),
(4599, 363, 'https://www.gutenberg.org/cache/epub/10323/pg10323.cover.medium.jpg', 6),
(4600, 363, 'https://www.gutenberg.org/cache/epub/10323/pg10323.cover.small.jpg', 6),
(4601, 363, 'https://www.gutenberg.org/cache/epub/10323/pg10323-h.zip', 7),
(4602, 364, 'https://www.gutenberg.org/ebooks/10324.html.images', 1),
(4603, 364, 'https://www.gutenberg.org/ebooks/10324.html.noimages', 1),
(4604, 364, 'https://www.gutenberg.org/ebooks/10324.epub3.images', 2),
(4605, 364, 'https://www.gutenberg.org/ebooks/10324.epub.images', 2),
(4606, 364, 'https://www.gutenberg.org/ebooks/10324.epub.noimages', 2),
(4607, 364, 'https://www.gutenberg.org/ebooks/10324.kf8.images', 3),
(4608, 364, 'https://www.gutenberg.org/ebooks/10324.kindle.images', 3),
(4609, 364, 'https://www.gutenberg.org/ebooks/10324.kindle.noimages', 3),
(4610, 364, 'https://www.gutenberg.org/ebooks/10324.txt.utf-8', 4),
(4611, 364, 'https://www.gutenberg.org/files/10324/10324.txt', 4),
(4612, 364, 'https://www.gutenberg.org/files/10324/10324.zip', 4),
(4613, 364, 'https://www.gutenberg.org/ebooks/10324.rdf', 5),
(4614, 364, 'https://www.gutenberg.org/cache/epub/10324/pg10324.cover.medium.jpg', 6),
(4615, 364, 'https://www.gutenberg.org/cache/epub/10324/pg10324.cover.small.jpg', 6),
(4616, 364, 'https://www.gutenberg.org/cache/epub/10324/pg10324-h.zip', 7),
(4617, 365, 'https://www.gutenberg.org/ebooks/10325.html.images', 1),
(4618, 365, 'https://www.gutenberg.org/files/10325/10325-h/10325-h.htm', 1),
(4619, 365, 'https://www.gutenberg.org/files/10325/10325-h.zip', 1),
(4620, 365, 'https://www.gutenberg.org/ebooks/10325.epub3.images', 2),
(4621, 365, 'https://www.gutenberg.org/ebooks/10325.epub.images', 2),
(4622, 365, 'https://www.gutenberg.org/ebooks/10325.epub.noimages', 2),
(4623, 365, 'https://www.gutenberg.org/ebooks/10325.kf8.images', 3),
(4624, 365, 'https://www.gutenberg.org/ebooks/10325.kindle.images', 3),
(4625, 365, 'https://www.gutenberg.org/ebooks/10325.kindle.noimages', 3),
(4626, 365, 'https://www.gutenberg.org/ebooks/10325.txt.utf-8', 4),
(4627, 365, 'https://www.gutenberg.org/files/10325/10325.txt', 4),
(4628, 365, 'https://www.gutenberg.org/files/10325/10325.zip', 4),
(4629, 365, 'https://www.gutenberg.org/ebooks/10325.rdf', 5),
(4630, 365, 'https://www.gutenberg.org/cache/epub/10325/pg10325.cover.medium.jpg', 6),
(4631, 365, 'https://www.gutenberg.org/cache/epub/10325/pg10325.cover.small.jpg', 6),
(4632, 365, 'https://www.gutenberg.org/cache/epub/10325/pg10325-h.zip', 7),
(4633, 366, 'https://www.gutenberg.org/ebooks/10326.html.images', 1),
(4634, 366, 'https://www.gutenberg.org/files/10326/10326-h/10326-h.htm', 1),
(4635, 366, 'https://www.gutenberg.org/files/10326/10326-h.zip', 1),
(4636, 366, 'https://www.gutenberg.org/ebooks/10326.epub3.images', 2),
(4637, 366, 'https://www.gutenberg.org/ebooks/10326.epub.images', 2),
(4638, 366, 'https://www.gutenberg.org/ebooks/10326.epub.noimages', 2),
(4639, 366, 'https://www.gutenberg.org/ebooks/10326.kf8.images', 3),
(4640, 366, 'https://www.gutenberg.org/ebooks/10326.kindle.images', 3),
(4641, 366, 'https://www.gutenberg.org/ebooks/10326.kindle.noimages', 3),
(4642, 366, 'https://www.gutenberg.org/ebooks/10326.txt.utf-8', 4),
(4643, 366, 'https://www.gutenberg.org/files/10326/10326.txt', 4),
(4644, 366, 'https://www.gutenberg.org/files/10326/10326.zip', 4),
(4645, 366, 'https://www.gutenberg.org/ebooks/10326.rdf', 5),
(4646, 366, 'https://www.gutenberg.org/cache/epub/10326/pg10326.cover.medium.jpg', 6),
(4647, 366, 'https://www.gutenberg.org/cache/epub/10326/pg10326.cover.small.jpg', 6),
(4648, 366, 'https://www.gutenberg.org/cache/epub/10326/pg10326-h.zip', 7),
(4649, 367, 'https://www.gutenberg.org/ebooks/10327.html.images', 1),
(4650, 367, 'https://www.gutenberg.org/files/10327/10327-h/10327-h.htm', 9),
(4651, 367, 'https://www.gutenberg.org/files/10327/10327-h.zip', 9),
(4652, 367, 'https://www.gutenberg.org/ebooks/10327.epub3.images', 2),
(4653, 367, 'https://www.gutenberg.org/ebooks/10327.epub.images', 2),
(4654, 367, 'https://www.gutenberg.org/ebooks/10327.epub.noimages', 2),
(4655, 367, 'https://www.gutenberg.org/ebooks/10327.kf8.images', 3),
(4656, 367, 'https://www.gutenberg.org/ebooks/10327.kindle.images', 3),
(4657, 367, 'https://www.gutenberg.org/ebooks/10327.kindle.noimages', 3),
(4658, 367, 'https://www.gutenberg.org/ebooks/10327.txt.utf-8', 4),
(4659, 367, 'https://www.gutenberg.org/files/10327/10327-8.txt', 10),
(4660, 367, 'https://www.gutenberg.org/files/10327/10327-8.zip', 10),
(4661, 367, 'https://www.gutenberg.org/files/10327/10327.txt', 4),
(4662, 367, 'https://www.gutenberg.org/files/10327/10327.zip', 4),
(4663, 367, 'https://www.gutenberg.org/ebooks/10327.rdf', 5),
(4664, 367, 'https://www.gutenberg.org/cache/epub/10327/pg10327.cover.medium.jpg', 6),
(4665, 367, 'https://www.gutenberg.org/cache/epub/10327/pg10327.cover.small.jpg', 6),
(4666, 367, 'https://www.gutenberg.org/cache/epub/10327/pg10327-h.zip', 7),
(4667, 368, 'https://www.gutenberg.org/ebooks/10328.html.images', 1),
(4668, 368, 'https://www.gutenberg.org/ebooks/10328.html.noimages', 1),
(4669, 368, 'https://www.gutenberg.org/ebooks/10328.epub3.images', 2),
(4670, 368, 'https://www.gutenberg.org/ebooks/10328.epub.images', 2),
(4671, 368, 'https://www.gutenberg.org/ebooks/10328.epub.noimages', 2),
(4672, 368, 'https://www.gutenberg.org/ebooks/10328.kf8.images', 3),
(4673, 368, 'https://www.gutenberg.org/ebooks/10328.kindle.images', 3),
(4674, 368, 'https://www.gutenberg.org/ebooks/10328.kindle.noimages', 3),
(4675, 368, 'https://www.gutenberg.org/ebooks/10328.txt.utf-8', 4),
(4676, 368, 'https://www.gutenberg.org/files/10328/10328-8.txt', 10),
(4677, 368, 'https://www.gutenberg.org/files/10328/10328-8.zip', 10),
(4678, 368, 'https://www.gutenberg.org/files/10328/10328.txt', 4),
(4679, 368, 'https://www.gutenberg.org/files/10328/10328.zip', 4),
(4680, 368, 'https://www.gutenberg.org/ebooks/10328.rdf', 5),
(4681, 368, 'https://www.gutenberg.org/cache/epub/10328/pg10328.cover.medium.jpg', 6),
(4682, 368, 'https://www.gutenberg.org/cache/epub/10328/pg10328.cover.small.jpg', 6),
(4683, 368, 'https://www.gutenberg.org/cache/epub/10328/pg10328-h.zip', 7),
(4684, 369, 'https://www.gutenberg.org/ebooks/10329.html.images', 1),
(4685, 369, 'https://www.gutenberg.org/ebooks/10329.html.noimages', 1),
(4686, 369, 'https://www.gutenberg.org/ebooks/10329.epub3.images', 2),
(4687, 369, 'https://www.gutenberg.org/ebooks/10329.epub.images', 2),
(4688, 369, 'https://www.gutenberg.org/ebooks/10329.epub.noimages', 2),
(4689, 369, 'https://www.gutenberg.org/ebooks/10329.kf8.images', 3),
(4690, 369, 'https://www.gutenberg.org/ebooks/10329.kindle.images', 3),
(4691, 369, 'https://www.gutenberg.org/ebooks/10329.kindle.noimages', 3),
(4692, 369, 'https://www.gutenberg.org/ebooks/10329.txt.utf-8', 4),
(4693, 369, 'https://www.gutenberg.org/files/10329/10329.txt', 4),
(4694, 369, 'https://www.gutenberg.org/files/10329/10329.zip', 4),
(4695, 369, 'https://www.gutenberg.org/ebooks/10329.rdf', 5),
(4696, 369, 'https://www.gutenberg.org/cache/epub/10329/pg10329.cover.medium.jpg', 6),
(4697, 369, 'https://www.gutenberg.org/cache/epub/10329/pg10329.cover.small.jpg', 6),
(4698, 369, 'https://www.gutenberg.org/cache/epub/10329/pg10329-h.zip', 7),
(4699, 370, 'https://www.gutenberg.org/ebooks/1033.html.images', 1),
(4700, 370, 'https://www.gutenberg.org/files/1033/1033-h/1033-h.htm', 9),
(4701, 370, 'https://www.gutenberg.org/files/1033/1033-h.zip', 9),
(4702, 370, 'https://www.gutenberg.org/ebooks/1033.epub3.images', 2),
(4703, 370, 'https://www.gutenberg.org/ebooks/1033.epub.images', 2),
(4704, 370, 'https://www.gutenberg.org/ebooks/1033.epub.noimages', 2),
(4705, 370, 'https://www.gutenberg.org/ebooks/1033.kf8.images', 3),
(4706, 370, 'https://www.gutenberg.org/ebooks/1033.kindle.images', 3),
(4707, 370, 'https://www.gutenberg.org/ebooks/1033.kindle.noimages', 3),
(4708, 370, 'https://www.gutenberg.org/ebooks/1033.txt.utf-8', 4),
(4709, 370, 'https://www.gutenberg.org/files/1033/1033.txt', 4),
(4710, 370, 'https://www.gutenberg.org/files/1033/1033.zip', 4),
(4711, 370, 'https://www.gutenberg.org/ebooks/1033.rdf', 5),
(4712, 370, 'https://www.gutenberg.org/cache/epub/1033/pg1033.cover.medium.jpg', 6),
(4713, 370, 'https://www.gutenberg.org/cache/epub/1033/pg1033.cover.small.jpg', 6),
(4714, 370, 'https://www.gutenberg.org/cache/epub/1033/pg1033-h.zip', 7),
(4715, 371, 'https://www.gutenberg.org/ebooks/10330.html.images', 1),
(4716, 371, 'https://www.gutenberg.org/files/10330/10330-h/10330-h.htm', 1),
(4717, 371, 'https://www.gutenberg.org/ebooks/10330.epub3.images', 2),
(4718, 371, 'https://www.gutenberg.org/ebooks/10330.epub.images', 2),
(4719, 371, 'https://www.gutenberg.org/ebooks/10330.epub.noimages', 2),
(4720, 371, 'https://www.gutenberg.org/ebooks/10330.kf8.images', 3),
(4721, 371, 'https://www.gutenberg.org/ebooks/10330.kindle.images', 3),
(4722, 371, 'https://www.gutenberg.org/ebooks/10330.kindle.noimages', 3),
(4723, 371, 'https://www.gutenberg.org/ebooks/10330.txt.utf-8', 4),
(4724, 371, 'https://www.gutenberg.org/files/10330/10330-0.txt', 4),
(4725, 371, 'https://www.gutenberg.org/ebooks/10330.rdf', 5),
(4726, 371, 'https://www.gutenberg.org/cache/epub/10330/pg10330.cover.medium.jpg', 6),
(4727, 371, 'https://www.gutenberg.org/cache/epub/10330/pg10330.cover.small.jpg', 6),
(4728, 371, 'https://www.gutenberg.org/files/10330/10330-0.zip', 7),
(4729, 371, 'https://www.gutenberg.org/files/10330/10330-h.zip', 7),
(4730, 371, 'https://www.gutenberg.org/files/10330/10330.zip', 7),
(4731, 371, 'https://www.gutenberg.org/cache/epub/10330/pg10330-h.zip', 7),
(4732, 372, 'https://www.gutenberg.org/ebooks/10331.html.images', 1),
(4733, 372, 'https://www.gutenberg.org/files/10331/10331-h/10331-h.htm', 1),
(4734, 372, 'https://www.gutenberg.org/files/10331/10331-h.zip', 1),
(4735, 372, 'https://www.gutenberg.org/ebooks/10331.epub3.images', 2),
(4736, 372, 'https://www.gutenberg.org/ebooks/10331.epub.images', 2),
(4737, 372, 'https://www.gutenberg.org/ebooks/10331.epub.noimages', 2),
(4738, 372, 'https://www.gutenberg.org/ebooks/10331.kf8.images', 3),
(4739, 372, 'https://www.gutenberg.org/ebooks/10331.kindle.images', 3),
(4740, 372, 'https://www.gutenberg.org/ebooks/10331.kindle.noimages', 3),
(4741, 372, 'https://www.gutenberg.org/ebooks/10331.txt.utf-8', 4),
(4742, 372, 'https://www.gutenberg.org/files/10331/10331-8.txt', 10),
(4743, 372, 'https://www.gutenberg.org/files/10331/10331-8.zip', 10),
(4744, 372, 'https://www.gutenberg.org/files/10331/10331.txt', 4),
(4745, 372, 'https://www.gutenberg.org/files/10331/10331.zip', 4),
(4746, 372, 'https://www.gutenberg.org/ebooks/10331.rdf', 5),
(4747, 372, 'https://www.gutenberg.org/cache/epub/10331/pg10331.cover.medium.jpg', 6),
(4748, 372, 'https://www.gutenberg.org/cache/epub/10331/pg10331.cover.small.jpg', 6),
(4749, 372, 'https://www.gutenberg.org/cache/epub/10331/pg10331-h.zip', 7),
(4750, 373, 'https://www.gutenberg.org/ebooks/10332.html.images', 1),
(4751, 373, 'https://www.gutenberg.org/files/10332/10332-h/10332-h.htm', 9),
(4752, 373, 'https://www.gutenberg.org/files/10332/10332-h.zip', 1),
(4753, 373, 'https://www.gutenberg.org/ebooks/10332.epub3.images', 2),
(4754, 373, 'https://www.gutenberg.org/ebooks/10332.epub.images', 2),
(4755, 373, 'https://www.gutenberg.org/ebooks/10332.epub.noimages', 2),
(4756, 373, 'https://www.gutenberg.org/ebooks/10332.kf8.images', 3),
(4757, 373, 'https://www.gutenberg.org/ebooks/10332.kindle.images', 3),
(4758, 373, 'https://www.gutenberg.org/ebooks/10332.kindle.noimages', 3),
(4759, 373, 'https://www.gutenberg.org/ebooks/10332.txt.utf-8', 4),
(4760, 373, 'https://www.gutenberg.org/files/10332/10332-8.txt', 10),
(4761, 373, 'https://www.gutenberg.org/files/10332/10332-8.zip', 10),
(4762, 373, 'https://www.gutenberg.org/files/10332/10332.txt', 4),
(4763, 373, 'https://www.gutenberg.org/files/10332/10332.zip', 4),
(4764, 373, 'https://www.gutenberg.org/ebooks/10332.rdf', 5),
(4765, 373, 'https://www.gutenberg.org/cache/epub/10332/pg10332.cover.medium.jpg', 6),
(4766, 373, 'https://www.gutenberg.org/cache/epub/10332/pg10332.cover.small.jpg', 6),
(4767, 373, 'https://www.gutenberg.org/cache/epub/10332/pg10332-h.zip', 7),
(4768, 374, 'https://www.gutenberg.org/ebooks/10333.html.images', 1),
(4769, 374, 'https://www.gutenberg.org/ebooks/10333.html.noimages', 1),
(4770, 374, 'https://www.gutenberg.org/ebooks/10333.epub3.images', 2),
(4771, 374, 'https://www.gutenberg.org/ebooks/10333.epub.images', 2),
(4772, 374, 'https://www.gutenberg.org/ebooks/10333.epub.noimages', 2),
(4773, 374, 'https://www.gutenberg.org/ebooks/10333.kf8.images', 3),
(4774, 374, 'https://www.gutenberg.org/ebooks/10333.kindle.images', 3),
(4775, 374, 'https://www.gutenberg.org/ebooks/10333.kindle.noimages', 3),
(4776, 374, 'https://www.gutenberg.org/ebooks/10333.txt.utf-8', 4),
(4777, 374, 'https://www.gutenberg.org/files/10333/10333-8.txt', 10),
(4778, 374, 'https://www.gutenberg.org/files/10333/10333-8.zip', 10),
(4779, 374, 'https://www.gutenberg.org/files/10333/10333.txt', 4),
(4780, 374, 'https://www.gutenberg.org/files/10333/10333.zip', 4),
(4781, 374, 'https://www.gutenberg.org/ebooks/10333.rdf', 5),
(4782, 374, 'https://www.gutenberg.org/cache/epub/10333/pg10333.cover.medium.jpg', 6),
(4783, 374, 'https://www.gutenberg.org/cache/epub/10333/pg10333.cover.small.jpg', 6),
(4784, 374, 'https://www.gutenberg.org/cache/epub/10333/pg10333-h.zip', 7),
(4785, 375, 'https://www.gutenberg.org/ebooks/10334.html.images', 1),
(4786, 375, 'https://www.gutenberg.org/ebooks/10334.html.noimages', 1),
(4787, 375, 'https://www.gutenberg.org/ebooks/10334.epub3.images', 2),
(4788, 375, 'https://www.gutenberg.org/ebooks/10334.epub.images', 2),
(4789, 375, 'https://www.gutenberg.org/ebooks/10334.epub.noimages', 2),
(4790, 375, 'https://www.gutenberg.org/ebooks/10334.kf8.images', 3),
(4791, 375, 'https://www.gutenberg.org/ebooks/10334.kindle.images', 3),
(4792, 375, 'https://www.gutenberg.org/ebooks/10334.kindle.noimages', 3),
(4793, 375, 'https://www.gutenberg.org/ebooks/10334.txt.utf-8', 4),
(4794, 375, 'https://www.gutenberg.org/files/10334/10334-8.txt', 10),
(4795, 375, 'https://www.gutenberg.org/files/10334/10334.txt', 10),
(4796, 375, 'https://www.gutenberg.org/files/10334/10334-8.zip', 10),
(4797, 375, 'https://www.gutenberg.org/files/10334/10334.zip', 10),
(4798, 375, 'https://www.gutenberg.org/ebooks/10334.rdf', 5),
(4799, 375, 'https://www.gutenberg.org/cache/epub/10334/pg10334.cover.medium.jpg', 6),
(4800, 375, 'https://www.gutenberg.org/cache/epub/10334/pg10334.cover.small.jpg', 6),
(4801, 375, 'https://www.gutenberg.org/cache/epub/10334/pg10334-h.zip', 7),
(4802, 376, 'https://www.gutenberg.org/ebooks/10335.html.images', 1),
(4803, 376, 'https://www.gutenberg.org/ebooks/10335.html.noimages', 1),
(4804, 376, 'https://www.gutenberg.org/ebooks/10335.epub3.images', 2),
(4805, 376, 'https://www.gutenberg.org/ebooks/10335.epub.images', 2),
(4806, 376, 'https://www.gutenberg.org/ebooks/10335.epub.noimages', 2),
(4807, 376, 'https://www.gutenberg.org/ebooks/10335.kf8.images', 3),
(4808, 376, 'https://www.gutenberg.org/ebooks/10335.kindle.images', 3),
(4809, 376, 'https://www.gutenberg.org/ebooks/10335.kindle.noimages', 3),
(4810, 376, 'https://www.gutenberg.org/ebooks/10335.txt.utf-8', 4),
(4811, 376, 'https://www.gutenberg.org/files/10335/10335-8.txt', 10),
(4812, 376, 'https://www.gutenberg.org/files/10335/10335-8.zip', 10),
(4813, 376, 'https://www.gutenberg.org/files/10335/10335.txt', 4),
(4814, 376, 'https://www.gutenberg.org/files/10335/10335.zip', 4),
(4815, 376, 'https://www.gutenberg.org/ebooks/10335.rdf', 5),
(4816, 376, 'https://www.gutenberg.org/cache/epub/10335/pg10335.cover.medium.jpg', 6),
(4817, 376, 'https://www.gutenberg.org/cache/epub/10335/pg10335.cover.small.jpg', 6),
(4818, 376, 'https://www.gutenberg.org/cache/epub/10335/pg10335-h.zip', 7),
(4819, 377, 'https://www.gutenberg.org/ebooks/10336.html.images', 1),
(4820, 377, 'https://www.gutenberg.org/ebooks/10336.html.noimages', 1),
(4821, 377, 'https://www.gutenberg.org/ebooks/10336.epub3.images', 2),
(4822, 377, 'https://www.gutenberg.org/ebooks/10336.epub.images', 2),
(4823, 377, 'https://www.gutenberg.org/ebooks/10336.epub.noimages', 2),
(4824, 377, 'https://www.gutenberg.org/ebooks/10336.kf8.images', 3),
(4825, 377, 'https://www.gutenberg.org/ebooks/10336.kindle.images', 3),
(4826, 377, 'https://www.gutenberg.org/ebooks/10336.kindle.noimages', 3),
(4827, 377, 'https://www.gutenberg.org/ebooks/10336.txt.utf-8', 4),
(4828, 377, 'https://www.gutenberg.org/files/10336/10336-8.txt', 10),
(4829, 377, 'https://www.gutenberg.org/files/10336/10336-8.zip', 10),
(4830, 377, 'https://www.gutenberg.org/files/10336/10336.txt', 4),
(4831, 377, 'https://www.gutenberg.org/files/10336/10336.zip', 4),
(4832, 377, 'https://www.gutenberg.org/ebooks/10336.rdf', 5),
(4833, 377, 'https://www.gutenberg.org/cache/epub/10336/pg10336.cover.medium.jpg', 6),
(4834, 377, 'https://www.gutenberg.org/cache/epub/10336/pg10336.cover.small.jpg', 6),
(4835, 377, 'https://www.gutenberg.org/cache/epub/10336/pg10336-h.zip', 7),
(4836, 378, 'https://www.gutenberg.org/ebooks/10337.html.images', 1),
(4837, 378, 'https://www.gutenberg.org/files/10337/10337-h/10337-h.htm', 11),
(4838, 378, 'https://www.gutenberg.org/files/10337/10337-h.zip', 11),
(4839, 378, 'https://www.gutenberg.org/ebooks/10337.epub3.images', 2),
(4840, 378, 'https://www.gutenberg.org/ebooks/10337.epub.images', 2),
(4841, 378, 'https://www.gutenberg.org/ebooks/10337.epub.noimages', 2),
(4842, 378, 'https://www.gutenberg.org/ebooks/10337.kf8.images', 3),
(4843, 378, 'https://www.gutenberg.org/ebooks/10337.kindle.images', 3),
(4844, 378, 'https://www.gutenberg.org/ebooks/10337.kindle.noimages', 3),
(4845, 378, 'https://www.gutenberg.org/ebooks/10337.txt.utf-8', 4),
(4846, 378, 'https://www.gutenberg.org/files/10337/10337.txt', 4),
(4847, 378, 'https://www.gutenberg.org/files/10337/10337.zip', 4),
(4848, 378, 'https://www.gutenberg.org/ebooks/10337.rdf', 5),
(4849, 378, 'https://www.gutenberg.org/cache/epub/10337/pg10337.cover.medium.jpg', 6),
(4850, 378, 'https://www.gutenberg.org/cache/epub/10337/pg10337.cover.small.jpg', 6),
(4851, 378, 'https://www.gutenberg.org/cache/epub/10337/pg10337-h.zip', 7),
(4852, 379, 'https://www.gutenberg.org/ebooks/10338.html.images', 1),
(4853, 379, 'https://www.gutenberg.org/files/10338/10338-h/10338-h.htm', 9),
(4854, 379, 'https://www.gutenberg.org/files/10338/10338-h.zip', 9),
(4855, 379, 'https://www.gutenberg.org/ebooks/10338.epub3.images', 2),
(4856, 379, 'https://www.gutenberg.org/ebooks/10338.epub.images', 2),
(4857, 379, 'https://www.gutenberg.org/ebooks/10338.epub.noimages', 2),
(4858, 379, 'https://www.gutenberg.org/ebooks/10338.kf8.images', 3),
(4859, 379, 'https://www.gutenberg.org/ebooks/10338.kindle.images', 3),
(4860, 379, 'https://www.gutenberg.org/ebooks/10338.kindle.noimages', 3),
(4861, 379, 'https://www.gutenberg.org/ebooks/10338.txt.utf-8', 4),
(4862, 379, 'https://www.gutenberg.org/files/10338/10338-8.txt', 10),
(4863, 379, 'https://www.gutenberg.org/files/10338/10338-8.zip', 10),
(4864, 379, 'https://www.gutenberg.org/files/10338/10338.txt', 4),
(4865, 379, 'https://www.gutenberg.org/files/10338/10338.zip', 4),
(4866, 379, 'https://www.gutenberg.org/ebooks/10338.rdf', 5),
(4867, 379, 'https://www.gutenberg.org/cache/epub/10338/pg10338.cover.medium.jpg', 6),
(4868, 379, 'https://www.gutenberg.org/cache/epub/10338/pg10338.cover.small.jpg', 6),
(4869, 379, 'https://www.gutenberg.org/cache/epub/10338/pg10338-h.zip', 7),
(4870, 380, 'https://www.gutenberg.org/ebooks/10339.html.images', 1),
(4871, 380, 'https://www.gutenberg.org/files/10339/10339-h/10339-h.htm', 1),
(4872, 380, 'https://www.gutenberg.org/ebooks/10339.epub3.images', 2),
(4873, 380, 'https://www.gutenberg.org/ebooks/10339.epub.images', 2),
(4874, 380, 'https://www.gutenberg.org/ebooks/10339.epub.noimages', 2),
(4875, 380, 'https://www.gutenberg.org/ebooks/10339.kf8.images', 3),
(4876, 380, 'https://www.gutenberg.org/ebooks/10339.kindle.images', 3),
(4877, 380, 'https://www.gutenberg.org/ebooks/10339.kindle.noimages', 3),
(4878, 380, 'https://www.gutenberg.org/ebooks/10339.txt.utf-8', 4),
(4879, 380, 'https://www.gutenberg.org/files/10339/10339-0.txt', 4),
(4880, 380, 'https://www.gutenberg.org/ebooks/10339.rdf', 5),
(4881, 380, 'https://www.gutenberg.org/cache/epub/10339/pg10339.cover.medium.jpg', 6),
(4882, 380, 'https://www.gutenberg.org/cache/epub/10339/pg10339.cover.small.jpg', 6),
(4883, 380, 'https://www.gutenberg.org/files/10339/10339-0.zip', 7),
(4884, 380, 'https://www.gutenberg.org/files/10339/10339-h.zip', 7),
(4885, 380, 'https://www.gutenberg.org/cache/epub/10339/pg10339-h.zip', 7),
(4886, 381, 'https://www.gutenberg.org/ebooks/1034.html.images', 1),
(4887, 381, 'https://www.gutenberg.org/files/1034/1034-h/1034-h.htm', 11),
(4888, 381, 'https://www.gutenberg.org/files/1034/1034-h.zip', 11),
(4889, 381, 'https://www.gutenberg.org/ebooks/1034.epub3.images', 2),
(4890, 381, 'https://www.gutenberg.org/ebooks/1034.epub.images', 2),
(4891, 381, 'https://www.gutenberg.org/ebooks/1034.epub.noimages', 2),
(4892, 381, 'https://www.gutenberg.org/ebooks/1034.kf8.images', 3),
(4893, 381, 'https://www.gutenberg.org/ebooks/1034.kindle.images', 3),
(4894, 381, 'https://www.gutenberg.org/ebooks/1034.kindle.noimages', 3),
(4895, 381, 'https://www.gutenberg.org/ebooks/1034.txt.utf-8', 4),
(4896, 381, 'https://www.gutenberg.org/files/1034/1034.txt', 4),
(4897, 381, 'https://www.gutenberg.org/files/1034/1034.zip', 4),
(4898, 381, 'https://www.gutenberg.org/ebooks/1034.rdf', 5),
(4899, 381, 'https://www.gutenberg.org/cache/epub/1034/pg1034.cover.medium.jpg', 6),
(4900, 381, 'https://www.gutenberg.org/cache/epub/1034/pg1034.cover.small.jpg', 6),
(4901, 381, 'https://www.gutenberg.org/cache/epub/1034/pg1034-h.zip', 7),
(4902, 382, 'https://www.gutenberg.org/ebooks/10340.html.images', 1),
(4903, 382, 'https://www.gutenberg.org/ebooks/10340.html.noimages', 1),
(4904, 382, 'https://www.gutenberg.org/ebooks/10340.epub3.images', 2),
(4905, 382, 'https://www.gutenberg.org/ebooks/10340.epub.images', 2),
(4906, 382, 'https://www.gutenberg.org/ebooks/10340.epub.noimages', 2),
(4907, 382, 'https://www.gutenberg.org/ebooks/10340.kf8.images', 3),
(4908, 382, 'https://www.gutenberg.org/ebooks/10340.kindle.images', 3),
(4909, 382, 'https://www.gutenberg.org/ebooks/10340.kindle.noimages', 3),
(4910, 382, 'https://www.gutenberg.org/ebooks/10340.txt.utf-8', 4),
(4911, 382, 'https://www.gutenberg.org/files/10340/10340.txt', 4),
(4912, 382, 'https://www.gutenberg.org/files/10340/10340.zip', 4),
(4913, 382, 'https://www.gutenberg.org/ebooks/10340.rdf', 5),
(4914, 382, 'https://www.gutenberg.org/cache/epub/10340/pg10340.cover.medium.jpg', 6),
(4915, 382, 'https://www.gutenberg.org/cache/epub/10340/pg10340.cover.small.jpg', 6),
(4916, 382, 'https://www.gutenberg.org/cache/epub/10340/pg10340-h.zip', 7),
(4917, 383, 'https://www.gutenberg.org/ebooks/10341.html.images', 1),
(4918, 383, 'https://www.gutenberg.org/ebooks/10341.html.noimages', 1),
(4919, 383, 'https://www.gutenberg.org/ebooks/10341.epub3.images', 2),
(4920, 383, 'https://www.gutenberg.org/ebooks/10341.epub.images', 2),
(4921, 383, 'https://www.gutenberg.org/ebooks/10341.epub.noimages', 2),
(4922, 383, 'https://www.gutenberg.org/ebooks/10341.kf8.images', 3),
(4923, 383, 'https://www.gutenberg.org/ebooks/10341.kindle.images', 3),
(4924, 383, 'https://www.gutenberg.org/ebooks/10341.kindle.noimages', 3),
(4925, 383, 'https://www.gutenberg.org/ebooks/10341.txt.utf-8', 4),
(4926, 383, 'https://www.gutenberg.org/files/10341/10341-8.txt', 10),
(4927, 383, 'https://www.gutenberg.org/files/10341/10341-8.zip', 10),
(4928, 383, 'https://www.gutenberg.org/files/10341/10341.txt', 4),
(4929, 383, 'https://www.gutenberg.org/files/10341/10341.zip', 4),
(4930, 383, 'https://www.gutenberg.org/ebooks/10341.rdf', 5),
(4931, 383, 'https://www.gutenberg.org/cache/epub/10341/pg10341.cover.medium.jpg', 6),
(4932, 383, 'https://www.gutenberg.org/cache/epub/10341/pg10341.cover.small.jpg', 6),
(4933, 383, 'https://www.gutenberg.org/cache/epub/10341/pg10341-h.zip', 7),
(4934, 384, 'https://www.gutenberg.org/ebooks/10342.html.images', 1),
(4935, 384, 'https://www.gutenberg.org/files/10342/10342-h/10342-h.htm', 9),
(4936, 384, 'https://www.gutenberg.org/files/10342/10342-h.zip', 9),
(4937, 384, 'https://www.gutenberg.org/ebooks/10342.epub3.images', 2),
(4938, 384, 'https://www.gutenberg.org/ebooks/10342.epub.images', 2),
(4939, 384, 'https://www.gutenberg.org/ebooks/10342.epub.noimages', 2),
(4940, 384, 'https://www.gutenberg.org/ebooks/10342.kf8.images', 3),
(4941, 384, 'https://www.gutenberg.org/ebooks/10342.kindle.images', 3),
(4942, 384, 'https://www.gutenberg.org/ebooks/10342.kindle.noimages', 3),
(4943, 384, 'https://www.gutenberg.org/ebooks/10342.txt.utf-8', 4),
(4944, 384, 'https://www.gutenberg.org/files/10342/10342-8.txt', 10),
(4945, 384, 'https://www.gutenberg.org/files/10342/10342-8.zip', 10),
(4946, 384, 'https://www.gutenberg.org/files/10342/10342.txt', 4),
(4947, 384, 'https://www.gutenberg.org/files/10342/10342.zip', 4),
(4948, 384, 'https://www.gutenberg.org/ebooks/10342.rdf', 5),
(4949, 384, 'https://www.gutenberg.org/cache/epub/10342/pg10342.cover.medium.jpg', 6),
(4950, 384, 'https://www.gutenberg.org/cache/epub/10342/pg10342.cover.small.jpg', 6),
(4951, 384, 'https://www.gutenberg.org/cache/epub/10342/pg10342-h.zip', 7),
(4952, 385, 'https://www.gutenberg.org/ebooks/10343.html.images', 1),
(4953, 385, 'https://www.gutenberg.org/ebooks/10343.html.noimages', 1),
(4954, 385, 'https://www.gutenberg.org/ebooks/10343.epub3.images', 2),
(4955, 385, 'https://www.gutenberg.org/ebooks/10343.epub.images', 2),
(4956, 385, 'https://www.gutenberg.org/ebooks/10343.epub.noimages', 2),
(4957, 385, 'https://www.gutenberg.org/ebooks/10343.kf8.images', 3),
(4958, 385, 'https://www.gutenberg.org/ebooks/10343.kindle.images', 3),
(4959, 385, 'https://www.gutenberg.org/ebooks/10343.kindle.noimages', 3),
(4960, 385, 'https://www.gutenberg.org/ebooks/10343.txt.utf-8', 4),
(4961, 385, 'https://www.gutenberg.org/files/10343/10343-8.txt', 10),
(4962, 385, 'https://www.gutenberg.org/files/10343/10343-8.zip', 10),
(4963, 385, 'https://www.gutenberg.org/files/10343/10343.txt', 4),
(4964, 385, 'https://www.gutenberg.org/files/10343/10343.zip', 4),
(4965, 385, 'https://www.gutenberg.org/ebooks/10343.rdf', 5);
INSERT INTO `booklinks` (`Link_id`, `Book_id`, `Link`, `type_id`) VALUES
(4966, 385, 'https://www.gutenberg.org/cache/epub/10343/pg10343.cover.medium.jpg', 6),
(4967, 385, 'https://www.gutenberg.org/cache/epub/10343/pg10343.cover.small.jpg', 6),
(4968, 385, 'https://www.gutenberg.org/cache/epub/10343/pg10343-h.zip', 7),
(4969, 386, 'https://www.gutenberg.org/files/10344/10344-readme.txt', 4),
(4970, 386, 'https://www.gutenberg.org/files/10344/10344-sib/10344-h.htm', 1),
(4971, 386, 'https://www.gutenberg.org/files/10344/10344-sib.zip', 1),
(4972, 386, 'https://www.gutenberg.org/files/10344/10344-sib/10344-sib.sib', 7),
(4973, 386, 'https://www.gutenberg.org/files/10344/10344-m/10344-m.mp3', 13),
(4974, 386, 'https://www.gutenberg.org/ebooks/10344.rdf', 5),
(4975, 386, 'https://www.gutenberg.org/files/10344/10344-x/10344-x.xml', 14),
(4976, 386, 'https://www.gutenberg.org/files/10344/10344-x.zip', 14),
(4977, 386, 'https://www.gutenberg.org/cache/epub/10344/pg10344.cover.medium.jpg', 6),
(4978, 386, 'https://www.gutenberg.org/cache/epub/10344/pg10344.cover.small.jpg', 6),
(4979, 387, 'https://www.gutenberg.org/ebooks/10345.html.images', 1),
(4980, 387, 'https://www.gutenberg.org/files/10345/10345-h/10345-h.htm', 1),
(4981, 387, 'https://www.gutenberg.org/files/10345/10345-h.zip', 1),
(4982, 387, 'https://www.gutenberg.org/ebooks/10345.epub3.images', 2),
(4983, 387, 'https://www.gutenberg.org/ebooks/10345.epub.images', 2),
(4984, 387, 'https://www.gutenberg.org/ebooks/10345.epub.noimages', 2),
(4985, 387, 'https://www.gutenberg.org/ebooks/10345.kf8.images', 3),
(4986, 387, 'https://www.gutenberg.org/ebooks/10345.kindle.images', 3),
(4987, 387, 'https://www.gutenberg.org/ebooks/10345.kindle.noimages', 3),
(4988, 387, 'https://www.gutenberg.org/ebooks/10345.txt.utf-8', 4),
(4989, 387, 'https://www.gutenberg.org/files/10345/10345-0.txt', 8),
(4990, 387, 'https://www.gutenberg.org/files/10345/10345-0.zip', 8),
(4991, 387, 'https://www.gutenberg.org/ebooks/10345.rdf', 5),
(4992, 387, 'https://www.gutenberg.org/cache/epub/10345/pg10345.cover.medium.jpg', 6),
(4993, 387, 'https://www.gutenberg.org/cache/epub/10345/pg10345.cover.small.jpg', 6),
(4994, 387, 'https://www.gutenberg.org/cache/epub/10345/pg10345-h.zip', 7),
(4995, 388, 'https://www.gutenberg.org/ebooks/10346.html.images', 1),
(4996, 388, 'https://www.gutenberg.org/ebooks/10346.html.noimages', 1),
(4997, 388, 'https://www.gutenberg.org/ebooks/10346.epub3.images', 2),
(4998, 388, 'https://www.gutenberg.org/ebooks/10346.epub.images', 2),
(4999, 388, 'https://www.gutenberg.org/ebooks/10346.epub.noimages', 2),
(5000, 388, 'https://www.gutenberg.org/ebooks/10346.kf8.images', 3),
(5001, 388, 'https://www.gutenberg.org/ebooks/10346.kindle.images', 3),
(5002, 388, 'https://www.gutenberg.org/ebooks/10346.kindle.noimages', 3),
(5003, 388, 'https://www.gutenberg.org/ebooks/10346.txt.utf-8', 4),
(5004, 388, 'https://www.gutenberg.org/files/10346/10346-8.txt', 10),
(5005, 388, 'https://www.gutenberg.org/files/10346/10346.txt', 10),
(5006, 388, 'https://www.gutenberg.org/files/10346/10346-8.zip', 10),
(5007, 388, 'https://www.gutenberg.org/files/10346/10346.zip', 10),
(5008, 388, 'https://www.gutenberg.org/ebooks/10346.rdf', 5),
(5009, 388, 'https://www.gutenberg.org/cache/epub/10346/pg10346.cover.medium.jpg', 6),
(5010, 388, 'https://www.gutenberg.org/cache/epub/10346/pg10346.cover.small.jpg', 6),
(5011, 388, 'https://www.gutenberg.org/cache/epub/10346/pg10346-h.zip', 7),
(5012, 389, 'https://www.gutenberg.org/ebooks/10347.html.images', 1),
(5013, 389, 'https://www.gutenberg.org/ebooks/10347.html.noimages', 1),
(5014, 389, 'https://www.gutenberg.org/ebooks/10347.epub3.images', 2),
(5015, 389, 'https://www.gutenberg.org/ebooks/10347.epub.images', 2),
(5016, 389, 'https://www.gutenberg.org/files/10347/10347-p/10347-p.pdf', 15),
(5017, 389, 'https://www.gutenberg.org/files/10347/10347-p/10347-p.zip', 15),
(5018, 389, 'https://www.gutenberg.org/files/10347/10347-r/10347-r.rtf', 16),
(5019, 389, 'https://www.gutenberg.org/files/10347/10347-r/10347-r.zip', 16),
(5020, 389, 'https://www.gutenberg.org/ebooks/10347.epub.noimages', 2),
(5021, 389, 'https://www.gutenberg.org/ebooks/10347.kf8.images', 3),
(5022, 389, 'https://www.gutenberg.org/ebooks/10347.kindle.images', 3),
(5023, 389, 'https://www.gutenberg.org/ebooks/10347.kindle.noimages', 3),
(5024, 389, 'https://www.gutenberg.org/ebooks/10347.txt.utf-8', 4),
(5025, 389, 'https://www.gutenberg.org/files/10347/10347-8.txt', 10),
(5026, 389, 'https://www.gutenberg.org/files/10347/10347-8.zip', 10),
(5027, 389, 'https://www.gutenberg.org/ebooks/10347.rdf', 5),
(5028, 389, 'https://www.gutenberg.org/cache/epub/10347/pg10347.cover.medium.jpg', 6),
(5029, 389, 'https://www.gutenberg.org/cache/epub/10347/pg10347.cover.small.jpg', 6),
(5030, 389, 'https://www.gutenberg.org/cache/epub/10347/pg10347-h.zip', 7),
(5031, 390, 'https://www.gutenberg.org/files/10348/10348-m/10348-m-readme.txt', 4),
(5032, 390, 'https://www.gutenberg.org/files/10348/10348-m.zip', 17),
(5033, 390, 'https://www.gutenberg.org/files/10348/10348-m/10348-m-001.mp3', 13),
(5034, 390, 'https://www.gutenberg.org/files/10348/10348.txt', 4),
(5035, 390, 'https://www.gutenberg.org/files/10348/10348.zip', 4),
(5036, 390, 'https://www.gutenberg.org/ebooks/10348.rdf', 5),
(5037, 390, 'https://www.gutenberg.org/cache/epub/10348/pg10348.cover.medium.jpg', 6),
(5038, 390, 'https://www.gutenberg.org/cache/epub/10348/pg10348.cover.small.jpg', 6),
(5039, 391, 'https://www.gutenberg.org/ebooks/10349.html.images', 1),
(5040, 391, 'https://www.gutenberg.org/files/10349/10349-h/10349-h.htm', 1),
(5041, 391, 'https://www.gutenberg.org/ebooks/10349.epub3.images', 2),
(5042, 391, 'https://www.gutenberg.org/ebooks/10349.epub.images', 2),
(5043, 391, 'https://www.gutenberg.org/ebooks/10349.epub.noimages', 2),
(5044, 391, 'https://www.gutenberg.org/ebooks/10349.kf8.images', 3),
(5045, 391, 'https://www.gutenberg.org/ebooks/10349.kindle.images', 3),
(5046, 391, 'https://www.gutenberg.org/ebooks/10349.kindle.noimages', 3),
(5047, 391, 'https://www.gutenberg.org/ebooks/10349.txt.utf-8', 4),
(5048, 391, 'https://www.gutenberg.org/files/10349/10349-0.txt', 4),
(5049, 391, 'https://www.gutenberg.org/ebooks/10349.rdf', 5),
(5050, 391, 'https://www.gutenberg.org/cache/epub/10349/pg10349.cover.medium.jpg', 6),
(5051, 391, 'https://www.gutenberg.org/cache/epub/10349/pg10349.cover.small.jpg', 6),
(5052, 391, 'https://www.gutenberg.org/files/10349/10349-0.zip', 7),
(5053, 391, 'https://www.gutenberg.org/files/10349/10349-h.zip', 7),
(5054, 391, 'https://www.gutenberg.org/cache/epub/10349/pg10349-h.zip', 7),
(5055, 392, 'https://www.gutenberg.org/ebooks/1035.html.images', 1),
(5056, 392, 'https://www.gutenberg.org/files/1035/1035-h/1035-h.htm', 11),
(5057, 392, 'https://www.gutenberg.org/files/1035/1035-h.zip', 11),
(5058, 392, 'https://www.gutenberg.org/ebooks/1035.epub3.images', 2),
(5059, 392, 'https://www.gutenberg.org/ebooks/1035.epub.images', 2),
(5060, 392, 'https://www.gutenberg.org/ebooks/1035.epub.noimages', 2),
(5061, 392, 'https://www.gutenberg.org/ebooks/1035.kf8.images', 3),
(5062, 392, 'https://www.gutenberg.org/ebooks/1035.kindle.images', 3),
(5063, 392, 'https://www.gutenberg.org/ebooks/1035.kindle.noimages', 3),
(5064, 392, 'https://www.gutenberg.org/ebooks/1035.txt.utf-8', 4),
(5065, 392, 'https://www.gutenberg.org/files/1035/1035.txt', 4),
(5066, 392, 'https://www.gutenberg.org/files/1035/1035.zip', 4),
(5067, 392, 'https://www.gutenberg.org/ebooks/1035.rdf', 5),
(5068, 392, 'https://www.gutenberg.org/cache/epub/1035/pg1035.cover.medium.jpg', 6),
(5069, 392, 'https://www.gutenberg.org/cache/epub/1035/pg1035.cover.small.jpg', 6),
(5070, 392, 'https://www.gutenberg.org/cache/epub/1035/pg1035-h.zip', 7),
(5071, 393, 'https://www.gutenberg.org/ebooks/10350.html.images', 1),
(5072, 393, 'https://www.gutenberg.org/files/10350/10350-h/10350-h.htm', 9),
(5073, 393, 'https://www.gutenberg.org/files/10350/10350-h.zip', 9),
(5074, 393, 'https://www.gutenberg.org/ebooks/10350.epub3.images', 2),
(5075, 393, 'https://www.gutenberg.org/ebooks/10350.epub.images', 2),
(5076, 393, 'https://www.gutenberg.org/ebooks/10350.epub.noimages', 2),
(5077, 393, 'https://www.gutenberg.org/ebooks/10350.kf8.images', 3),
(5078, 393, 'https://www.gutenberg.org/ebooks/10350.kindle.images', 3),
(5079, 393, 'https://www.gutenberg.org/ebooks/10350.kindle.noimages', 3),
(5080, 393, 'https://www.gutenberg.org/ebooks/10350.txt.utf-8', 4),
(5081, 393, 'https://www.gutenberg.org/files/10350/10350-8.txt', 10),
(5082, 393, 'https://www.gutenberg.org/files/10350/10350-8.zip', 10),
(5083, 393, 'https://www.gutenberg.org/files/10350/10350.txt', 4),
(5084, 393, 'https://www.gutenberg.org/files/10350/10350.zip', 4),
(5085, 393, 'https://www.gutenberg.org/ebooks/10350.rdf', 5),
(5086, 393, 'https://www.gutenberg.org/cache/epub/10350/pg10350.cover.medium.jpg', 6),
(5087, 393, 'https://www.gutenberg.org/cache/epub/10350/pg10350.cover.small.jpg', 6),
(5088, 393, 'https://www.gutenberg.org/cache/epub/10350/pg10350-h.zip', 7),
(5089, 394, 'https://www.gutenberg.org/ebooks/10351.html.images', 1),
(5090, 394, 'https://www.gutenberg.org/files/10351/10351-h/10351-h.htm', 9),
(5091, 394, 'https://www.gutenberg.org/files/10351/10351-h.zip', 9),
(5092, 394, 'https://www.gutenberg.org/ebooks/10351.epub3.images', 2),
(5093, 394, 'https://www.gutenberg.org/ebooks/10351.epub.images', 2),
(5094, 394, 'https://www.gutenberg.org/ebooks/10351.epub.noimages', 2),
(5095, 394, 'https://www.gutenberg.org/ebooks/10351.kf8.images', 3),
(5096, 394, 'https://www.gutenberg.org/ebooks/10351.kindle.images', 3),
(5097, 394, 'https://www.gutenberg.org/ebooks/10351.kindle.noimages', 3),
(5098, 394, 'https://www.gutenberg.org/ebooks/10351.txt.utf-8', 4),
(5099, 394, 'https://www.gutenberg.org/files/10351/10351-8.txt', 10),
(5100, 394, 'https://www.gutenberg.org/files/10351/10351-8.zip', 10),
(5101, 394, 'https://www.gutenberg.org/files/10351/10351.txt', 4),
(5102, 394, 'https://www.gutenberg.org/files/10351/10351.zip', 4),
(5103, 394, 'https://www.gutenberg.org/ebooks/10351.rdf', 5),
(5104, 394, 'https://www.gutenberg.org/cache/epub/10351/pg10351.cover.medium.jpg', 6),
(5105, 394, 'https://www.gutenberg.org/cache/epub/10351/pg10351.cover.small.jpg', 6),
(5106, 394, 'https://www.gutenberg.org/cache/epub/10351/pg10351-h.zip', 7),
(5107, 395, 'https://www.gutenberg.org/ebooks/10352.html.images', 1),
(5108, 395, 'https://www.gutenberg.org/files/10352/10352-h/10352-h.htm', 9),
(5109, 395, 'https://www.gutenberg.org/files/10352/10352-h.zip', 9),
(5110, 395, 'https://www.gutenberg.org/ebooks/10352.epub3.images', 2),
(5111, 395, 'https://www.gutenberg.org/ebooks/10352.epub.images', 2),
(5112, 395, 'https://www.gutenberg.org/ebooks/10352.epub.noimages', 2),
(5113, 395, 'https://www.gutenberg.org/ebooks/10352.kf8.images', 3),
(5114, 395, 'https://www.gutenberg.org/ebooks/10352.kindle.images', 3),
(5115, 395, 'https://www.gutenberg.org/ebooks/10352.kindle.noimages', 3),
(5116, 395, 'https://www.gutenberg.org/ebooks/10352.txt.utf-8', 4),
(5117, 395, 'https://www.gutenberg.org/files/10352/10352-8.txt', 10),
(5118, 395, 'https://www.gutenberg.org/files/10352/10352-8.zip', 10),
(5119, 395, 'https://www.gutenberg.org/files/10352/10352.txt', 4),
(5120, 395, 'https://www.gutenberg.org/files/10352/10352.zip', 4),
(5121, 395, 'https://www.gutenberg.org/ebooks/10352.rdf', 5),
(5122, 395, 'https://www.gutenberg.org/cache/epub/10352/pg10352.cover.medium.jpg', 6),
(5123, 395, 'https://www.gutenberg.org/cache/epub/10352/pg10352.cover.small.jpg', 6),
(5124, 395, 'https://www.gutenberg.org/cache/epub/10352/pg10352-h.zip', 7),
(5125, 396, 'https://www.gutenberg.org/ebooks/10353.html.images', 1),
(5126, 396, 'https://www.gutenberg.org/ebooks/10353.html.noimages', 1),
(5127, 396, 'https://www.gutenberg.org/ebooks/10353.epub3.images', 2),
(5128, 396, 'https://www.gutenberg.org/ebooks/10353.epub.images', 2),
(5129, 396, 'https://www.gutenberg.org/ebooks/10353.epub.noimages', 2),
(5130, 396, 'https://www.gutenberg.org/ebooks/10353.kf8.images', 3),
(5131, 396, 'https://www.gutenberg.org/ebooks/10353.kindle.images', 3),
(5132, 396, 'https://www.gutenberg.org/ebooks/10353.kindle.noimages', 3),
(5133, 396, 'https://www.gutenberg.org/ebooks/10353.txt.utf-8', 4),
(5134, 396, 'https://www.gutenberg.org/files/10353/10353-8.txt', 10),
(5135, 396, 'https://www.gutenberg.org/files/10353/10353-8.zip', 10),
(5136, 396, 'https://www.gutenberg.org/files/10353/10353.txt', 4),
(5137, 396, 'https://www.gutenberg.org/files/10353/10353.zip', 4),
(5138, 396, 'https://www.gutenberg.org/ebooks/10353.rdf', 5),
(5139, 396, 'https://www.gutenberg.org/cache/epub/10353/pg10353.cover.medium.jpg', 6),
(5140, 396, 'https://www.gutenberg.org/cache/epub/10353/pg10353.cover.small.jpg', 6),
(5141, 396, 'https://www.gutenberg.org/cache/epub/10353/pg10353-h.zip', 7),
(5142, 397, 'https://www.gutenberg.org/ebooks/10354.html.images', 1),
(5143, 397, 'https://www.gutenberg.org/ebooks/10354.html.noimages', 1),
(5144, 397, 'https://www.gutenberg.org/ebooks/10354.epub3.images', 2),
(5145, 397, 'https://www.gutenberg.org/ebooks/10354.epub.images', 2),
(5146, 397, 'https://www.gutenberg.org/ebooks/10354.epub.noimages', 2),
(5147, 397, 'https://www.gutenberg.org/ebooks/10354.kf8.images', 3),
(5148, 397, 'https://www.gutenberg.org/ebooks/10354.kindle.images', 3),
(5149, 397, 'https://www.gutenberg.org/ebooks/10354.kindle.noimages', 3),
(5150, 397, 'https://www.gutenberg.org/ebooks/10354.txt.utf-8', 4),
(5151, 397, 'https://www.gutenberg.org/files/10354/10354-8.txt', 10),
(5152, 397, 'https://www.gutenberg.org/files/10354/10354.txt', 10),
(5153, 397, 'https://www.gutenberg.org/files/10354/10354-8.zip', 10),
(5154, 397, 'https://www.gutenberg.org/files/10354/10354.zip', 10),
(5155, 397, 'https://www.gutenberg.org/ebooks/10354.rdf', 5),
(5156, 397, 'https://www.gutenberg.org/cache/epub/10354/pg10354.cover.medium.jpg', 6),
(5157, 397, 'https://www.gutenberg.org/cache/epub/10354/pg10354.cover.small.jpg', 6),
(5158, 397, 'https://www.gutenberg.org/cache/epub/10354/pg10354-h.zip', 7),
(5159, 398, 'https://www.gutenberg.org/ebooks/10355.html.images', 1),
(5160, 398, 'https://www.gutenberg.org/ebooks/10355.html.noimages', 1),
(5161, 398, 'https://www.gutenberg.org/ebooks/10355.epub3.images', 2),
(5162, 398, 'https://www.gutenberg.org/ebooks/10355.epub.images', 2),
(5163, 398, 'https://www.gutenberg.org/ebooks/10355.epub.noimages', 2),
(5164, 398, 'https://www.gutenberg.org/ebooks/10355.kf8.images', 3),
(5165, 398, 'https://www.gutenberg.org/ebooks/10355.kindle.images', 3),
(5166, 398, 'https://www.gutenberg.org/ebooks/10355.kindle.noimages', 3),
(5167, 398, 'https://www.gutenberg.org/ebooks/10355.txt.utf-8', 4),
(5168, 398, 'https://www.gutenberg.org/files/10355/10355-8.txt', 10),
(5169, 398, 'https://www.gutenberg.org/files/10355/10355-8.zip', 10),
(5170, 398, 'https://www.gutenberg.org/files/10355/10355.txt', 4),
(5171, 398, 'https://www.gutenberg.org/files/10355/10355.zip', 4),
(5172, 398, 'https://www.gutenberg.org/ebooks/10355.rdf', 5),
(5173, 398, 'https://www.gutenberg.org/cache/epub/10355/pg10355.cover.medium.jpg', 6),
(5174, 398, 'https://www.gutenberg.org/cache/epub/10355/pg10355.cover.small.jpg', 6),
(5175, 398, 'https://www.gutenberg.org/cache/epub/10355/pg10355-h.zip', 7),
(5176, 399, 'https://www.gutenberg.org/ebooks/10356.html.images', 1),
(5177, 399, 'https://www.gutenberg.org/ebooks/10356.html.noimages', 1),
(5178, 399, 'https://www.gutenberg.org/ebooks/10356.epub3.images', 2),
(5179, 399, 'https://www.gutenberg.org/ebooks/10356.epub.images', 2),
(5180, 399, 'https://www.gutenberg.org/ebooks/10356.epub.noimages', 2),
(5181, 399, 'https://www.gutenberg.org/ebooks/10356.kf8.images', 3),
(5182, 399, 'https://www.gutenberg.org/ebooks/10356.kindle.images', 3),
(5183, 399, 'https://www.gutenberg.org/ebooks/10356.kindle.noimages', 3),
(5184, 399, 'https://www.gutenberg.org/ebooks/10356.txt.utf-8', 4),
(5185, 399, 'https://www.gutenberg.org/files/10356/10356-8.txt', 10),
(5186, 399, 'https://www.gutenberg.org/files/10356/10356-8.zip', 10),
(5187, 399, 'https://www.gutenberg.org/files/10356/10356.txt', 4),
(5188, 399, 'https://www.gutenberg.org/files/10356/10356.zip', 4),
(5189, 399, 'https://www.gutenberg.org/ebooks/10356.rdf', 5),
(5190, 399, 'https://www.gutenberg.org/cache/epub/10356/pg10356.cover.medium.jpg', 6),
(5191, 399, 'https://www.gutenberg.org/cache/epub/10356/pg10356.cover.small.jpg', 6),
(5192, 399, 'https://www.gutenberg.org/cache/epub/10356/pg10356-h.zip', 7),
(5193, 400, 'https://www.gutenberg.org/ebooks/10357.html.images', 1),
(5194, 400, 'https://www.gutenberg.org/files/10357/10357-h/10357-h.htm', 9),
(5195, 400, 'https://www.gutenberg.org/files/10357/10357-h.zip', 9),
(5196, 400, 'https://www.gutenberg.org/ebooks/10357.epub3.images', 2),
(5197, 400, 'https://www.gutenberg.org/ebooks/10357.epub.images', 2),
(5198, 400, 'https://www.gutenberg.org/ebooks/10357.epub.noimages', 2),
(5199, 400, 'https://www.gutenberg.org/ebooks/10357.kf8.images', 3),
(5200, 400, 'https://www.gutenberg.org/ebooks/10357.kindle.images', 3),
(5201, 400, 'https://www.gutenberg.org/ebooks/10357.kindle.noimages', 3),
(5202, 400, 'https://www.gutenberg.org/ebooks/10357.txt.utf-8', 4),
(5203, 400, 'https://www.gutenberg.org/files/10357/10357-8.txt', 10),
(5204, 400, 'https://www.gutenberg.org/files/10357/10357-8.zip', 10),
(5205, 400, 'https://www.gutenberg.org/files/10357/10357.txt', 4),
(5206, 400, 'https://www.gutenberg.org/files/10357/10357.zip', 4),
(5207, 400, 'https://www.gutenberg.org/ebooks/10357.rdf', 5),
(5208, 400, 'https://www.gutenberg.org/cache/epub/10357/pg10357.cover.medium.jpg', 6),
(5209, 400, 'https://www.gutenberg.org/cache/epub/10357/pg10357.cover.small.jpg', 6),
(5210, 400, 'https://www.gutenberg.org/cache/epub/10357/pg10357-h.zip', 7),
(5211, 401, 'https://www.gutenberg.org/ebooks/10358.html.images', 1),
(5212, 401, 'https://www.gutenberg.org/files/10358/10358-h/10358-h.htm', 9),
(5213, 401, 'https://www.gutenberg.org/files/10358/10358-h.zip', 9),
(5214, 401, 'https://www.gutenberg.org/ebooks/10358.epub3.images', 2),
(5215, 401, 'https://www.gutenberg.org/ebooks/10358.epub.images', 2),
(5216, 401, 'https://www.gutenberg.org/ebooks/10358.epub.noimages', 2),
(5217, 401, 'https://www.gutenberg.org/ebooks/10358.kf8.images', 3),
(5218, 401, 'https://www.gutenberg.org/ebooks/10358.kindle.images', 3),
(5219, 401, 'https://www.gutenberg.org/ebooks/10358.kindle.noimages', 3),
(5220, 401, 'https://www.gutenberg.org/ebooks/10358.txt.utf-8', 4),
(5221, 401, 'https://www.gutenberg.org/files/10358/10358-8.txt', 10),
(5222, 401, 'https://www.gutenberg.org/files/10358/10358-8.zip', 10),
(5223, 401, 'https://www.gutenberg.org/files/10358/10358.txt', 4),
(5224, 401, 'https://www.gutenberg.org/files/10358/10358.zip', 4),
(5225, 401, 'https://www.gutenberg.org/ebooks/10358.rdf', 5),
(5226, 401, 'https://www.gutenberg.org/cache/epub/10358/pg10358.cover.medium.jpg', 6),
(5227, 401, 'https://www.gutenberg.org/cache/epub/10358/pg10358.cover.small.jpg', 6),
(5228, 401, 'https://www.gutenberg.org/cache/epub/10358/pg10358-h.zip', 7),
(5229, 402, 'https://www.gutenberg.org/ebooks/10359.html.images', 1),
(5230, 402, 'https://www.gutenberg.org/ebooks/10359.html.noimages', 1),
(5231, 402, 'https://www.gutenberg.org/ebooks/10359.epub3.images', 2),
(5232, 402, 'https://www.gutenberg.org/ebooks/10359.epub.images', 2),
(5233, 402, 'https://www.gutenberg.org/ebooks/10359.epub.noimages', 2),
(5234, 402, 'https://www.gutenberg.org/ebooks/10359.kf8.images', 3),
(5235, 402, 'https://www.gutenberg.org/ebooks/10359.kindle.images', 3),
(5236, 402, 'https://www.gutenberg.org/ebooks/10359.kindle.noimages', 3),
(5237, 402, 'https://www.gutenberg.org/ebooks/10359.txt.utf-8', 4),
(5238, 402, 'https://www.gutenberg.org/files/10359/10359.txt', 4),
(5239, 402, 'https://www.gutenberg.org/files/10359/10359.zip', 4),
(5240, 402, 'https://www.gutenberg.org/ebooks/10359.rdf', 5),
(5241, 402, 'https://www.gutenberg.org/cache/epub/10359/pg10359.cover.medium.jpg', 6),
(5242, 402, 'https://www.gutenberg.org/cache/epub/10359/pg10359.cover.small.jpg', 6),
(5243, 402, 'https://www.gutenberg.org/cache/epub/10359/pg10359-h.zip', 7),
(5244, 403, 'https://www.gutenberg.org/ebooks/1036.html.images', 1),
(5245, 403, 'https://www.gutenberg.org/files/1036/1036-h/1036-h.htm', 12),
(5246, 403, 'https://www.gutenberg.org/files/1036/1036-h.zip', 12),
(5247, 403, 'https://www.gutenberg.org/ebooks/1036.epub3.images', 2),
(5248, 403, 'https://www.gutenberg.org/ebooks/1036.epub.images', 2),
(5249, 403, 'https://www.gutenberg.org/ebooks/1036.epub.noimages', 2),
(5250, 403, 'https://www.gutenberg.org/ebooks/1036.kf8.images', 3),
(5251, 403, 'https://www.gutenberg.org/ebooks/1036.kindle.images', 3),
(5252, 403, 'https://www.gutenberg.org/ebooks/1036.kindle.noimages', 3),
(5253, 403, 'https://www.gutenberg.org/ebooks/1036.txt.utf-8', 4),
(5254, 403, 'https://www.gutenberg.org/files/1036/1036-0.txt', 8),
(5255, 403, 'https://www.gutenberg.org/files/1036/1036-0.zip', 8),
(5256, 403, 'https://www.gutenberg.org/files/1036/1036.txt', 4),
(5257, 403, 'https://www.gutenberg.org/files/1036/1036.zip', 4),
(5258, 403, 'https://www.gutenberg.org/ebooks/1036.rdf', 5),
(5259, 403, 'https://www.gutenberg.org/cache/epub/1036/pg1036.cover.medium.jpg', 6),
(5260, 403, 'https://www.gutenberg.org/cache/epub/1036/pg1036.cover.small.jpg', 6),
(5261, 403, 'https://www.gutenberg.org/cache/epub/1036/pg1036-h.zip', 7),
(5262, 404, 'https://www.gutenberg.org/ebooks/10360.html.images', 1),
(5263, 404, 'https://www.gutenberg.org/ebooks/10360.html.noimages', 1),
(5264, 404, 'https://www.gutenberg.org/ebooks/10360.epub3.images', 2),
(5265, 404, 'https://www.gutenberg.org/ebooks/10360.epub.images', 2),
(5266, 404, 'https://www.gutenberg.org/ebooks/10360.epub.noimages', 2),
(5267, 404, 'https://www.gutenberg.org/ebooks/10360.kf8.images', 3),
(5268, 404, 'https://www.gutenberg.org/ebooks/10360.kindle.images', 3),
(5269, 404, 'https://www.gutenberg.org/ebooks/10360.kindle.noimages', 3),
(5270, 404, 'https://www.gutenberg.org/ebooks/10360.txt.utf-8', 4),
(5271, 404, 'https://www.gutenberg.org/files/10360/10360-8.txt', 10),
(5272, 404, 'https://www.gutenberg.org/files/10360/10360-8.zip', 10),
(5273, 404, 'https://www.gutenberg.org/files/10360/10360.txt', 4),
(5274, 404, 'https://www.gutenberg.org/files/10360/10360.zip', 4),
(5275, 404, 'https://www.gutenberg.org/ebooks/10360.rdf', 5),
(5276, 404, 'https://www.gutenberg.org/cache/epub/10360/pg10360.cover.medium.jpg', 6),
(5277, 404, 'https://www.gutenberg.org/cache/epub/10360/pg10360.cover.small.jpg', 6),
(5278, 404, 'https://www.gutenberg.org/cache/epub/10360/pg10360-h.zip', 7),
(5279, 405, 'https://www.gutenberg.org/ebooks/10361.html.images', 1),
(5280, 405, 'https://www.gutenberg.org/files/10361/10361-h/10361-h.htm', 1),
(5281, 405, 'https://www.gutenberg.org/files/10361/10361-h.zip', 1),
(5282, 405, 'https://www.gutenberg.org/ebooks/10361.epub3.images', 2),
(5283, 405, 'https://www.gutenberg.org/ebooks/10361.epub.images', 2),
(5284, 405, 'https://www.gutenberg.org/ebooks/10361.epub.noimages', 2),
(5285, 405, 'https://www.gutenberg.org/ebooks/10361.kf8.images', 3),
(5286, 405, 'https://www.gutenberg.org/ebooks/10361.kindle.images', 3),
(5287, 405, 'https://www.gutenberg.org/ebooks/10361.kindle.noimages', 3),
(5288, 405, 'https://www.gutenberg.org/ebooks/10361.txt.utf-8', 4),
(5289, 405, 'https://www.gutenberg.org/files/10361/10361-8.txt', 10),
(5290, 405, 'https://www.gutenberg.org/files/10361/10361-8.zip', 10),
(5291, 405, 'https://www.gutenberg.org/files/10361/10361.txt', 4),
(5292, 405, 'https://www.gutenberg.org/files/10361/10361.zip', 4),
(5293, 405, 'https://www.gutenberg.org/ebooks/10361.rdf', 5),
(5294, 405, 'https://www.gutenberg.org/cache/epub/10361/pg10361.cover.medium.jpg', 6),
(5295, 405, 'https://www.gutenberg.org/cache/epub/10361/pg10361.cover.small.jpg', 6),
(5296, 405, 'https://www.gutenberg.org/cache/epub/10361/pg10361-h.zip', 7),
(5297, 406, 'https://www.gutenberg.org/ebooks/10362.html.images', 1),
(5298, 406, 'https://www.gutenberg.org/files/10362/10362-h/10362-h.htm', 1),
(5299, 406, 'https://www.gutenberg.org/files/10362/10362-h.zip', 1),
(5300, 406, 'https://www.gutenberg.org/ebooks/10362.epub3.images', 2),
(5301, 406, 'https://www.gutenberg.org/ebooks/10362.epub.images', 2),
(5302, 406, 'https://www.gutenberg.org/ebooks/10362.epub.noimages', 2),
(5303, 406, 'https://www.gutenberg.org/ebooks/10362.kf8.images', 3),
(5304, 406, 'https://www.gutenberg.org/ebooks/10362.kindle.images', 3),
(5305, 406, 'https://www.gutenberg.org/ebooks/10362.kindle.noimages', 3),
(5306, 406, 'https://www.gutenberg.org/ebooks/10362.txt.utf-8', 4),
(5307, 406, 'https://www.gutenberg.org/files/10362/10362-8.txt', 10),
(5308, 406, 'https://www.gutenberg.org/files/10362/10362-8.zip', 10),
(5309, 406, 'https://www.gutenberg.org/files/10362/10362.txt', 4),
(5310, 406, 'https://www.gutenberg.org/files/10362/10362.zip', 4),
(5311, 406, 'https://www.gutenberg.org/ebooks/10362.rdf', 5),
(5312, 406, 'https://www.gutenberg.org/cache/epub/10362/pg10362.cover.medium.jpg', 6),
(5313, 406, 'https://www.gutenberg.org/cache/epub/10362/pg10362.cover.small.jpg', 6),
(5314, 406, 'https://www.gutenberg.org/cache/epub/10362/pg10362-h.zip', 7),
(5315, 407, 'https://www.gutenberg.org/ebooks/10363.html.images', 1),
(5316, 407, 'https://www.gutenberg.org/files/10363/10363-h/10363-h.htm', 9),
(5317, 407, 'https://www.gutenberg.org/files/10363/10363-h.zip', 9),
(5318, 407, 'https://www.gutenberg.org/ebooks/10363.epub3.images', 2),
(5319, 407, 'https://www.gutenberg.org/ebooks/10363.epub.images', 2),
(5320, 407, 'https://www.gutenberg.org/ebooks/10363.epub.noimages', 2),
(5321, 407, 'https://www.gutenberg.org/ebooks/10363.kf8.images', 3),
(5322, 407, 'https://www.gutenberg.org/ebooks/10363.kindle.images', 3),
(5323, 407, 'https://www.gutenberg.org/ebooks/10363.kindle.noimages', 3),
(5324, 407, 'https://www.gutenberg.org/ebooks/10363.txt.utf-8', 4),
(5325, 407, 'https://www.gutenberg.org/files/10363/10363-8.txt', 10),
(5326, 407, 'https://www.gutenberg.org/files/10363/10363-8.zip', 10),
(5327, 407, 'https://www.gutenberg.org/files/10363/10363.txt', 4),
(5328, 407, 'https://www.gutenberg.org/files/10363/10363.zip', 4),
(5329, 407, 'https://www.gutenberg.org/ebooks/10363.rdf', 5),
(5330, 407, 'https://www.gutenberg.org/cache/epub/10363/pg10363.cover.medium.jpg', 6),
(5331, 407, 'https://www.gutenberg.org/cache/epub/10363/pg10363.cover.small.jpg', 6),
(5332, 407, 'https://www.gutenberg.org/cache/epub/10363/pg10363-h.zip', 7),
(5333, 408, 'https://www.gutenberg.org/ebooks/10364.html.images', 1),
(5334, 408, 'https://www.gutenberg.org/files/10364/10364-h/10364-h.htm', 1),
(5335, 408, 'https://www.gutenberg.org/files/10364/10364-h.zip', 1),
(5336, 408, 'https://www.gutenberg.org/ebooks/10364.epub3.images', 2),
(5337, 408, 'https://www.gutenberg.org/ebooks/10364.epub.images', 2),
(5338, 408, 'https://www.gutenberg.org/ebooks/10364.epub.noimages', 2),
(5339, 408, 'https://www.gutenberg.org/ebooks/10364.kf8.images', 3),
(5340, 408, 'https://www.gutenberg.org/ebooks/10364.kindle.images', 3),
(5341, 408, 'https://www.gutenberg.org/ebooks/10364.kindle.noimages', 3),
(5342, 408, 'https://www.gutenberg.org/ebooks/10364.txt.utf-8', 4),
(5343, 408, 'https://www.gutenberg.org/files/10364/10364.txt', 4),
(5344, 408, 'https://www.gutenberg.org/files/10364/10364.zip', 4),
(5345, 408, 'https://www.gutenberg.org/ebooks/10364.rdf', 5),
(5346, 408, 'https://www.gutenberg.org/cache/epub/10364/pg10364.cover.medium.jpg', 6),
(5347, 408, 'https://www.gutenberg.org/cache/epub/10364/pg10364.cover.small.jpg', 6),
(5348, 408, 'https://www.gutenberg.org/cache/epub/10364/pg10364-h.zip', 7),
(5349, 409, 'https://www.gutenberg.org/ebooks/10365.html.images', 1),
(5350, 409, 'https://www.gutenberg.org/files/10365/10365-h/10365-h.htm', 9),
(5351, 409, 'https://www.gutenberg.org/files/10365/10365-h.zip', 9),
(5352, 409, 'https://www.gutenberg.org/ebooks/10365.epub3.images', 2),
(5353, 409, 'https://www.gutenberg.org/ebooks/10365.epub.images', 2),
(5354, 409, 'https://www.gutenberg.org/ebooks/10365.epub.noimages', 2),
(5355, 409, 'https://www.gutenberg.org/ebooks/10365.kf8.images', 3),
(5356, 409, 'https://www.gutenberg.org/ebooks/10365.kindle.images', 3),
(5357, 409, 'https://www.gutenberg.org/ebooks/10365.kindle.noimages', 3),
(5358, 409, 'https://www.gutenberg.org/ebooks/10365.txt.utf-8', 4),
(5359, 409, 'https://www.gutenberg.org/files/10365/10365-8.txt', 10),
(5360, 409, 'https://www.gutenberg.org/files/10365/10365-8.zip', 10),
(5361, 409, 'https://www.gutenberg.org/ebooks/10365.rdf', 5),
(5362, 409, 'https://www.gutenberg.org/cache/epub/10365/pg10365.cover.medium.jpg', 6),
(5363, 409, 'https://www.gutenberg.org/cache/epub/10365/pg10365.cover.small.jpg', 6),
(5364, 409, 'https://www.gutenberg.org/cache/epub/10365/pg10365-h.zip', 7),
(5365, 410, 'https://www.gutenberg.org/ebooks/10366.html.images', 1),
(5366, 410, 'https://www.gutenberg.org/files/10366/10366-h/10366-h.htm', 1),
(5367, 410, 'https://www.gutenberg.org/ebooks/10366.epub3.images', 2),
(5368, 410, 'https://www.gutenberg.org/ebooks/10366.epub.images', 2),
(5369, 410, 'https://www.gutenberg.org/ebooks/10366.epub.noimages', 2),
(5370, 410, 'https://www.gutenberg.org/ebooks/10366.kf8.images', 3),
(5371, 410, 'https://www.gutenberg.org/ebooks/10366.kindle.images', 3),
(5372, 410, 'https://www.gutenberg.org/ebooks/10366.kindle.noimages', 3),
(5373, 410, 'https://www.gutenberg.org/ebooks/10366.txt.utf-8', 4),
(5374, 410, 'https://www.gutenberg.org/files/10366/10366-0.txt', 4),
(5375, 410, 'https://www.gutenberg.org/ebooks/10366.rdf', 5),
(5376, 410, 'https://www.gutenberg.org/cache/epub/10366/pg10366.cover.medium.jpg', 6),
(5377, 410, 'https://www.gutenberg.org/cache/epub/10366/pg10366.cover.small.jpg', 6),
(5378, 410, 'https://www.gutenberg.org/cache/epub/10366/pg10366-h.zip', 7),
(5379, 411, 'https://www.gutenberg.org/ebooks/10367.html.images', 1),
(5380, 411, 'https://www.gutenberg.org/files/10367/10367-h/10367-h.htm', 1),
(5381, 411, 'https://www.gutenberg.org/files/10367/10367-h.zip', 1),
(5382, 411, 'https://www.gutenberg.org/ebooks/10367.epub3.images', 2),
(5383, 411, 'https://www.gutenberg.org/ebooks/10367.epub.images', 2),
(5384, 411, 'https://www.gutenberg.org/ebooks/10367.epub.noimages', 2),
(5385, 411, 'https://www.gutenberg.org/ebooks/10367.kf8.images', 3),
(5386, 411, 'https://www.gutenberg.org/ebooks/10367.kindle.images', 3),
(5387, 411, 'https://www.gutenberg.org/ebooks/10367.kindle.noimages', 3),
(5388, 411, 'https://www.gutenberg.org/ebooks/10367.txt.utf-8', 4),
(5389, 411, 'https://www.gutenberg.org/files/10367/10367-0.txt', 8),
(5390, 411, 'https://www.gutenberg.org/files/10367/10367-0.zip', 8),
(5391, 411, 'https://www.gutenberg.org/ebooks/10367.rdf', 5),
(5392, 411, 'https://www.gutenberg.org/cache/epub/10367/pg10367.cover.medium.jpg', 6),
(5393, 411, 'https://www.gutenberg.org/cache/epub/10367/pg10367.cover.small.jpg', 6),
(5394, 411, 'https://www.gutenberg.org/cache/epub/10367/pg10367-h.zip', 7),
(5395, 412, 'https://www.gutenberg.org/ebooks/10368.html.images', 1),
(5396, 412, 'https://www.gutenberg.org/files/10368/10368-h/10368-h.htm', 11),
(5397, 412, 'https://www.gutenberg.org/files/10368/10368-h.zip', 11),
(5398, 412, 'https://www.gutenberg.org/ebooks/10368.epub3.images', 2),
(5399, 412, 'https://www.gutenberg.org/ebooks/10368.epub.images', 2),
(5400, 412, 'https://www.gutenberg.org/ebooks/10368.epub.noimages', 2),
(5401, 412, 'https://www.gutenberg.org/ebooks/10368.kf8.images', 3),
(5402, 412, 'https://www.gutenberg.org/ebooks/10368.kindle.images', 3),
(5403, 412, 'https://www.gutenberg.org/ebooks/10368.kindle.noimages', 3),
(5404, 412, 'https://www.gutenberg.org/ebooks/10368.txt.utf-8', 4),
(5405, 412, 'https://www.gutenberg.org/files/10368/10368.txt', 4),
(5406, 412, 'https://www.gutenberg.org/files/10368/10368.zip', 4),
(5407, 412, 'https://www.gutenberg.org/ebooks/10368.rdf', 5),
(5408, 412, 'https://www.gutenberg.org/cache/epub/10368/pg10368.cover.medium.jpg', 6),
(5409, 412, 'https://www.gutenberg.org/cache/epub/10368/pg10368.cover.small.jpg', 6),
(5410, 412, 'https://www.gutenberg.org/cache/epub/10368/pg10368-h.zip', 7),
(5411, 413, 'https://www.gutenberg.org/ebooks/10369.html.images', 1),
(5412, 413, 'https://www.gutenberg.org/files/10369/10369-h/10369-h.htm', 9),
(5413, 413, 'https://www.gutenberg.org/files/10369/10369-h.zip', 1),
(5414, 413, 'https://www.gutenberg.org/ebooks/10369.epub3.images', 2),
(5415, 413, 'https://www.gutenberg.org/ebooks/10369.epub.images', 2),
(5416, 413, 'https://www.gutenberg.org/ebooks/10369.epub.noimages', 2),
(5417, 413, 'https://www.gutenberg.org/ebooks/10369.kf8.images', 3),
(5418, 413, 'https://www.gutenberg.org/ebooks/10369.kindle.images', 3),
(5419, 413, 'https://www.gutenberg.org/ebooks/10369.kindle.noimages', 3),
(5420, 413, 'https://www.gutenberg.org/ebooks/10369.txt.utf-8', 4),
(5421, 413, 'https://www.gutenberg.org/files/10369/10369-8.txt', 10),
(5422, 413, 'https://www.gutenberg.org/files/10369/10369-8.zip', 10),
(5423, 413, 'https://www.gutenberg.org/files/10369/10369.txt', 4),
(5424, 413, 'https://www.gutenberg.org/files/10369/10369.zip', 4),
(5425, 413, 'https://www.gutenberg.org/ebooks/10369.rdf', 5),
(5426, 413, 'https://www.gutenberg.org/cache/epub/10369/pg10369.cover.medium.jpg', 6),
(5427, 413, 'https://www.gutenberg.org/cache/epub/10369/pg10369.cover.small.jpg', 6),
(5428, 413, 'https://www.gutenberg.org/cache/epub/10369/pg10369-h.zip', 7),
(5429, 414, 'https://www.gutenberg.org/ebooks/1037.html.images', 1),
(5430, 414, 'https://www.gutenberg.org/files/1037/1037-h/1037-h.htm', 1),
(5431, 414, 'https://www.gutenberg.org/files/1037/1037-h.zip', 1),
(5432, 414, 'https://www.gutenberg.org/ebooks/1037.epub3.images', 2),
(5433, 414, 'https://www.gutenberg.org/ebooks/1037.epub.images', 2),
(5434, 414, 'https://www.gutenberg.org/ebooks/1037.epub.noimages', 2),
(5435, 414, 'https://www.gutenberg.org/ebooks/1037.kf8.images', 3),
(5436, 414, 'https://www.gutenberg.org/ebooks/1037.kindle.images', 3),
(5437, 414, 'https://www.gutenberg.org/ebooks/1037.kindle.noimages', 3),
(5438, 414, 'https://www.gutenberg.org/ebooks/1037.txt.utf-8', 4),
(5439, 414, 'https://www.gutenberg.org/files/1037/1037.txt', 4),
(5440, 414, 'https://www.gutenberg.org/files/1037/1037.zip', 4),
(5441, 414, 'https://www.gutenberg.org/ebooks/1037.rdf', 5),
(5442, 414, 'https://www.gutenberg.org/cache/epub/1037/pg1037.cover.medium.jpg', 6),
(5443, 414, 'https://www.gutenberg.org/cache/epub/1037/pg1037.cover.small.jpg', 6),
(5444, 414, 'https://www.gutenberg.org/cache/epub/1037/pg1037-h.zip', 7),
(5445, 415, 'https://www.gutenberg.org/ebooks/10370.html.images', 1),
(5446, 415, 'https://www.gutenberg.org/files/10370/10370-h/10370-h.htm', 11),
(5447, 415, 'https://www.gutenberg.org/files/10370/10370-h.zip', 11),
(5448, 415, 'https://www.gutenberg.org/ebooks/10370.epub3.images', 2),
(5449, 415, 'https://www.gutenberg.org/ebooks/10370.epub.images', 2),
(5450, 415, 'https://www.gutenberg.org/ebooks/10370.epub.noimages', 2),
(5451, 415, 'https://www.gutenberg.org/ebooks/10370.kf8.images', 3),
(5452, 415, 'https://www.gutenberg.org/ebooks/10370.kindle.images', 3),
(5453, 415, 'https://www.gutenberg.org/ebooks/10370.kindle.noimages', 3),
(5454, 415, 'https://www.gutenberg.org/ebooks/10370.txt.utf-8', 4),
(5455, 415, 'https://www.gutenberg.org/files/10370/10370.txt', 4),
(5456, 415, 'https://www.gutenberg.org/files/10370/10370.zip', 4),
(5457, 415, 'https://www.gutenberg.org/ebooks/10370.rdf', 5),
(5458, 415, 'https://www.gutenberg.org/cache/epub/10370/pg10370.cover.medium.jpg', 6),
(5459, 415, 'https://www.gutenberg.org/cache/epub/10370/pg10370.cover.small.jpg', 6),
(5460, 415, 'https://www.gutenberg.org/cache/epub/10370/pg10370-h.zip', 7),
(5461, 416, 'https://www.gutenberg.org/ebooks/10371.html.images', 1),
(5462, 416, 'https://www.gutenberg.org/ebooks/10371.html.noimages', 1),
(5463, 416, 'https://www.gutenberg.org/ebooks/10371.epub3.images', 2),
(5464, 416, 'https://www.gutenberg.org/ebooks/10371.epub.images', 2),
(5465, 416, 'https://www.gutenberg.org/ebooks/10371.epub.noimages', 2),
(5466, 416, 'https://www.gutenberg.org/ebooks/10371.kf8.images', 3),
(5467, 416, 'https://www.gutenberg.org/ebooks/10371.kindle.images', 3),
(5468, 416, 'https://www.gutenberg.org/ebooks/10371.kindle.noimages', 3),
(5469, 416, 'https://www.gutenberg.org/ebooks/10371.txt.utf-8', 4),
(5470, 416, 'https://www.gutenberg.org/files/10371/10371-8.txt', 10),
(5471, 416, 'https://www.gutenberg.org/files/10371/10371-8.zip', 10),
(5472, 416, 'https://www.gutenberg.org/files/10371/10371.txt', 4),
(5473, 416, 'https://www.gutenberg.org/files/10371/10371.zip', 4),
(5474, 416, 'https://www.gutenberg.org/ebooks/10371.rdf', 5),
(5475, 416, 'https://www.gutenberg.org/cache/epub/10371/pg10371.cover.medium.jpg', 6),
(5476, 416, 'https://www.gutenberg.org/cache/epub/10371/pg10371.cover.small.jpg', 6),
(5477, 416, 'https://www.gutenberg.org/cache/epub/10371/pg10371-h.zip', 7),
(5478, 417, 'https://www.gutenberg.org/ebooks/10372.html.images', 1),
(5479, 417, 'https://www.gutenberg.org/files/10372/10372-h/10372-h.htm', 9),
(5480, 417, 'https://www.gutenberg.org/files/10372/10372-h.zip', 9),
(5481, 417, 'https://www.gutenberg.org/ebooks/10372.epub3.images', 2),
(5482, 417, 'https://www.gutenberg.org/ebooks/10372.epub.images', 2),
(5483, 417, 'https://www.gutenberg.org/ebooks/10372.epub.noimages', 2),
(5484, 417, 'https://www.gutenberg.org/ebooks/10372.kf8.images', 3),
(5485, 417, 'https://www.gutenberg.org/ebooks/10372.kindle.images', 3),
(5486, 417, 'https://www.gutenberg.org/ebooks/10372.kindle.noimages', 3),
(5487, 417, 'https://www.gutenberg.org/ebooks/10372.txt.utf-8', 4),
(5488, 417, 'https://www.gutenberg.org/files/10372/10372-8.txt', 10),
(5489, 417, 'https://www.gutenberg.org/files/10372/10372-8.zip', 10),
(5490, 417, 'https://www.gutenberg.org/files/10372/10372.txt', 4),
(5491, 417, 'https://www.gutenberg.org/files/10372/10372.zip', 4),
(5492, 417, 'https://www.gutenberg.org/ebooks/10372.rdf', 5),
(5493, 417, 'https://www.gutenberg.org/cache/epub/10372/pg10372.cover.medium.jpg', 6),
(5494, 417, 'https://www.gutenberg.org/cache/epub/10372/pg10372.cover.small.jpg', 6),
(5495, 417, 'https://www.gutenberg.org/cache/epub/10372/pg10372-h.zip', 7),
(5496, 418, 'https://www.gutenberg.org/ebooks/10373.html.images', 1),
(5497, 418, 'https://www.gutenberg.org/files/10373/10373-h/10373-h.htm', 1),
(5498, 418, 'https://www.gutenberg.org/files/10373/10373-h.zip', 1),
(5499, 418, 'https://www.gutenberg.org/ebooks/10373.epub3.images', 2),
(5500, 418, 'https://www.gutenberg.org/ebooks/10373.epub.images', 2),
(5501, 418, 'https://www.gutenberg.org/ebooks/10373.epub.noimages', 2),
(5502, 418, 'https://www.gutenberg.org/ebooks/10373.kf8.images', 3),
(5503, 418, 'https://www.gutenberg.org/ebooks/10373.kindle.images', 3),
(5504, 418, 'https://www.gutenberg.org/ebooks/10373.kindle.noimages', 3),
(5505, 418, 'https://www.gutenberg.org/ebooks/10373.txt.utf-8', 4),
(5506, 418, 'https://www.gutenberg.org/files/10373/10373-0.txt', 8),
(5507, 418, 'https://www.gutenberg.org/files/10373/10373-0.zip', 8),
(5508, 418, 'https://www.gutenberg.org/ebooks/10373.rdf', 5),
(5509, 418, 'https://www.gutenberg.org/cache/epub/10373/pg10373.cover.medium.jpg', 6),
(5510, 418, 'https://www.gutenberg.org/cache/epub/10373/pg10373.cover.small.jpg', 6),
(5511, 418, 'https://www.gutenberg.org/cache/epub/10373/pg10373-h.zip', 7),
(5512, 419, 'https://www.gutenberg.org/ebooks/10374.html.images', 1),
(5513, 419, 'https://www.gutenberg.org/ebooks/10374.html.noimages', 1),
(5514, 419, 'https://www.gutenberg.org/ebooks/10374.epub3.images', 2),
(5515, 419, 'https://www.gutenberg.org/ebooks/10374.epub.images', 2),
(5516, 419, 'https://www.gutenberg.org/ebooks/10374.epub.noimages', 2),
(5517, 419, 'https://www.gutenberg.org/ebooks/10374.kf8.images', 3),
(5518, 419, 'https://www.gutenberg.org/ebooks/10374.kindle.images', 3),
(5519, 419, 'https://www.gutenberg.org/ebooks/10374.kindle.noimages', 3),
(5520, 419, 'https://www.gutenberg.org/ebooks/10374.txt.utf-8', 4),
(5521, 419, 'https://www.gutenberg.org/files/10374/10374-8.txt', 10),
(5522, 419, 'https://www.gutenberg.org/files/10374/10374-8.zip', 10),
(5523, 419, 'https://www.gutenberg.org/files/10374/10374.txt', 4),
(5524, 419, 'https://www.gutenberg.org/files/10374/10374.zip', 4),
(5525, 419, 'https://www.gutenberg.org/ebooks/10374.rdf', 5),
(5526, 419, 'https://www.gutenberg.org/cache/epub/10374/pg10374.cover.medium.jpg', 6),
(5527, 419, 'https://www.gutenberg.org/cache/epub/10374/pg10374.cover.small.jpg', 6),
(5528, 419, 'https://www.gutenberg.org/cache/epub/10374/pg10374-h.zip', 7),
(5529, 420, 'https://www.gutenberg.org/ebooks/10375.html.images', 1),
(5530, 420, 'https://www.gutenberg.org/ebooks/10375.html.noimages', 1),
(5531, 420, 'https://www.gutenberg.org/ebooks/10375.epub3.images', 2),
(5532, 420, 'https://www.gutenberg.org/ebooks/10375.epub.images', 2),
(5533, 420, 'https://www.gutenberg.org/ebooks/10375.epub.noimages', 2),
(5534, 420, 'https://www.gutenberg.org/ebooks/10375.kf8.images', 3),
(5535, 420, 'https://www.gutenberg.org/ebooks/10375.kindle.images', 3),
(5536, 420, 'https://www.gutenberg.org/ebooks/10375.kindle.noimages', 3),
(5537, 420, 'https://www.gutenberg.org/ebooks/10375.txt.utf-8', 4),
(5538, 420, 'https://www.gutenberg.org/files/10375/10375-8.txt', 10),
(5539, 420, 'https://www.gutenberg.org/files/10375/10375-8.zip', 10),
(5540, 420, 'https://www.gutenberg.org/files/10375/10375.txt', 4),
(5541, 420, 'https://www.gutenberg.org/files/10375/10375.zip', 4),
(5542, 420, 'https://www.gutenberg.org/ebooks/10375.rdf', 5),
(5543, 420, 'https://www.gutenberg.org/cache/epub/10375/pg10375.cover.medium.jpg', 6),
(5544, 420, 'https://www.gutenberg.org/cache/epub/10375/pg10375.cover.small.jpg', 6),
(5545, 420, 'https://www.gutenberg.org/cache/epub/10375/pg10375-h.zip', 7),
(5546, 421, 'https://www.gutenberg.org/ebooks/10376.html.images', 1),
(5547, 421, 'https://www.gutenberg.org/ebooks/10376.html.noimages', 1),
(5548, 421, 'https://www.gutenberg.org/ebooks/10376.epub3.images', 2),
(5549, 421, 'https://www.gutenberg.org/ebooks/10376.epub.images', 2),
(5550, 421, 'https://www.gutenberg.org/ebooks/10376.epub.noimages', 2),
(5551, 421, 'https://www.gutenberg.org/ebooks/10376.kf8.images', 3),
(5552, 421, 'https://www.gutenberg.org/ebooks/10376.kindle.images', 3),
(5553, 421, 'https://www.gutenberg.org/ebooks/10376.kindle.noimages', 3),
(5554, 421, 'https://www.gutenberg.org/ebooks/10376.txt.utf-8', 4),
(5555, 421, 'https://www.gutenberg.org/files/10376/10376-8.txt', 10),
(5556, 421, 'https://www.gutenberg.org/files/10376/10376-8.zip', 10),
(5557, 421, 'https://www.gutenberg.org/files/10376/10376.txt', 4),
(5558, 421, 'https://www.gutenberg.org/files/10376/10376.zip', 4),
(5559, 421, 'https://www.gutenberg.org/ebooks/10376.rdf', 5),
(5560, 421, 'https://www.gutenberg.org/cache/epub/10376/pg10376.cover.medium.jpg', 6),
(5561, 421, 'https://www.gutenberg.org/cache/epub/10376/pg10376.cover.small.jpg', 6),
(5562, 421, 'https://www.gutenberg.org/cache/epub/10376/pg10376-h.zip', 7),
(5563, 422, 'https://www.gutenberg.org/ebooks/10377.html.images', 1),
(5564, 422, 'https://www.gutenberg.org/ebooks/10377.html.noimages', 1),
(5565, 422, 'https://www.gutenberg.org/ebooks/10377.epub3.images', 2),
(5566, 422, 'https://www.gutenberg.org/ebooks/10377.epub.images', 2),
(5567, 422, 'https://www.gutenberg.org/ebooks/10377.epub.noimages', 2),
(5568, 422, 'https://www.gutenberg.org/ebooks/10377.kf8.images', 3),
(5569, 422, 'https://www.gutenberg.org/ebooks/10377.kindle.images', 3),
(5570, 422, 'https://www.gutenberg.org/ebooks/10377.kindle.noimages', 3),
(5571, 422, 'https://www.gutenberg.org/ebooks/10377.txt.utf-8', 4),
(5572, 422, 'https://www.gutenberg.org/files/10377/10377-8.txt', 10),
(5573, 422, 'https://www.gutenberg.org/files/10377/10377-8.zip', 10),
(5574, 422, 'https://www.gutenberg.org/files/10377/10377.txt', 4),
(5575, 422, 'https://www.gutenberg.org/files/10377/10377.zip', 4),
(5576, 422, 'https://www.gutenberg.org/ebooks/10377.rdf', 5),
(5577, 422, 'https://www.gutenberg.org/cache/epub/10377/pg10377.cover.medium.jpg', 6),
(5578, 422, 'https://www.gutenberg.org/cache/epub/10377/pg10377.cover.small.jpg', 6),
(5579, 422, 'https://www.gutenberg.org/cache/epub/10377/pg10377-h.zip', 7),
(5580, 423, 'https://www.gutenberg.org/ebooks/10378.html.images', 1),
(5581, 423, 'https://www.gutenberg.org/files/10378/10378-h/10378-h.htm', 12),
(5582, 423, 'https://www.gutenberg.org/files/10378/10378-h.zip', 12),
(5583, 423, 'https://www.gutenberg.org/ebooks/10378.epub3.images', 2),
(5584, 423, 'https://www.gutenberg.org/ebooks/10378.epub.images', 2),
(5585, 423, 'https://www.gutenberg.org/ebooks/10378.epub.noimages', 2),
(5586, 423, 'https://www.gutenberg.org/ebooks/10378.kf8.images', 3),
(5587, 423, 'https://www.gutenberg.org/ebooks/10378.kindle.images', 3),
(5588, 423, 'https://www.gutenberg.org/ebooks/10378.kindle.noimages', 3),
(5589, 423, 'https://www.gutenberg.org/ebooks/10378.txt.utf-8', 4),
(5590, 423, 'https://www.gutenberg.org/files/10378/10378-8.txt', 10),
(5591, 423, 'https://www.gutenberg.org/files/10378/10378.txt', 10),
(5592, 423, 'https://www.gutenberg.org/files/10378/10378-8.zip', 10),
(5593, 423, 'https://www.gutenberg.org/files/10378/10378.zip', 10),
(5594, 423, 'https://www.gutenberg.org/ebooks/10378.rdf', 5),
(5595, 423, 'https://www.gutenberg.org/cache/epub/10378/pg10378.cover.medium.jpg', 6),
(5596, 423, 'https://www.gutenberg.org/cache/epub/10378/pg10378.cover.small.jpg', 6),
(5597, 423, 'https://www.gutenberg.org/cache/epub/10378/pg10378-h.zip', 7),
(5598, 424, 'https://www.gutenberg.org/ebooks/10379.html.images', 1),
(5599, 424, 'https://www.gutenberg.org/ebooks/10379.html.noimages', 1),
(5600, 424, 'https://www.gutenberg.org/ebooks/10379.epub3.images', 2),
(5601, 424, 'https://www.gutenberg.org/ebooks/10379.epub.images', 2),
(5602, 424, 'https://www.gutenberg.org/ebooks/10379.epub.noimages', 2),
(5603, 424, 'https://www.gutenberg.org/ebooks/10379.kf8.images', 3),
(5604, 424, 'https://www.gutenberg.org/ebooks/10379.kindle.images', 3),
(5605, 424, 'https://www.gutenberg.org/ebooks/10379.kindle.noimages', 3),
(5606, 424, 'https://www.gutenberg.org/ebooks/10379.txt.utf-8', 4),
(5607, 424, 'https://www.gutenberg.org/files/10379/10379-8.txt', 10),
(5608, 424, 'https://www.gutenberg.org/files/10379/10379-8.zip', 10),
(5609, 424, 'https://www.gutenberg.org/files/10379/10379.txt', 4),
(5610, 424, 'https://www.gutenberg.org/files/10379/10379.zip', 4),
(5611, 424, 'https://www.gutenberg.org/ebooks/10379.rdf', 5),
(5612, 424, 'https://www.gutenberg.org/cache/epub/10379/pg10379.cover.medium.jpg', 6),
(5613, 424, 'https://www.gutenberg.org/cache/epub/10379/pg10379.cover.small.jpg', 6),
(5614, 424, 'https://www.gutenberg.org/cache/epub/10379/pg10379-h.zip', 7),
(5615, 425, 'https://www.gutenberg.org/ebooks/1038.html.images', 1),
(5616, 425, 'https://www.gutenberg.org/files/1038/1038-h/1038-h.htm', 1),
(5617, 425, 'https://www.gutenberg.org/files/1038/1038-h.zip', 1),
(5618, 425, 'https://www.gutenberg.org/ebooks/1038.epub3.images', 2),
(5619, 425, 'https://www.gutenberg.org/ebooks/1038.epub.images', 2),
(5620, 425, 'https://www.gutenberg.org/ebooks/1038.epub.noimages', 2),
(5621, 425, 'https://www.gutenberg.org/ebooks/1038.kf8.images', 3),
(5622, 425, 'https://www.gutenberg.org/ebooks/1038.kindle.images', 3),
(5623, 425, 'https://www.gutenberg.org/ebooks/1038.kindle.noimages', 3),
(5624, 425, 'https://www.gutenberg.org/ebooks/1038.txt.utf-8', 4),
(5625, 425, 'https://www.gutenberg.org/files/1038/1038-0.txt', 8),
(5626, 425, 'https://www.gutenberg.org/files/1038/1038-0.zip', 8),
(5627, 425, 'https://www.gutenberg.org/ebooks/1038.rdf', 5),
(5628, 425, 'https://www.gutenberg.org/cache/epub/1038/pg1038.cover.medium.jpg', 6),
(5629, 425, 'https://www.gutenberg.org/cache/epub/1038/pg1038.cover.small.jpg', 6),
(5630, 425, 'https://www.gutenberg.org/cache/epub/1038/pg1038-h.zip', 7),
(5631, 426, 'https://www.gutenberg.org/ebooks/10380.html.images', 1),
(5632, 426, 'https://www.gutenberg.org/ebooks/10380.html.noimages', 1),
(5633, 426, 'https://www.gutenberg.org/ebooks/10380.epub3.images', 2),
(5634, 426, 'https://www.gutenberg.org/ebooks/10380.epub.images', 2),
(5635, 426, 'https://www.gutenberg.org/ebooks/10380.epub.noimages', 2),
(5636, 426, 'https://www.gutenberg.org/ebooks/10380.kf8.images', 3),
(5637, 426, 'https://www.gutenberg.org/ebooks/10380.kindle.images', 3),
(5638, 426, 'https://www.gutenberg.org/ebooks/10380.kindle.noimages', 3),
(5639, 426, 'https://www.gutenberg.org/ebooks/10380.txt.utf-8', 4),
(5640, 426, 'https://www.gutenberg.org/files/10380/10380-8.txt', 10),
(5641, 426, 'https://www.gutenberg.org/files/10380/10380-8.zip', 10),
(5642, 426, 'https://www.gutenberg.org/files/10380/10380.txt', 4),
(5643, 426, 'https://www.gutenberg.org/files/10380/10380.zip', 4),
(5644, 426, 'https://www.gutenberg.org/ebooks/10380.rdf', 5),
(5645, 426, 'https://www.gutenberg.org/cache/epub/10380/pg10380.cover.medium.jpg', 6),
(5646, 426, 'https://www.gutenberg.org/cache/epub/10380/pg10380.cover.small.jpg', 6),
(5647, 426, 'https://www.gutenberg.org/cache/epub/10380/pg10380-h.zip', 7),
(5648, 427, 'https://www.gutenberg.org/ebooks/10381.html.images', 1),
(5649, 427, 'https://www.gutenberg.org/files/10381/10381-h/10381-h.htm', 1),
(5650, 427, 'https://www.gutenberg.org/ebooks/10381.epub3.images', 2),
(5651, 427, 'https://www.gutenberg.org/ebooks/10381.epub.images', 2),
(5652, 427, 'https://www.gutenberg.org/ebooks/10381.epub.noimages', 2),
(5653, 427, 'https://www.gutenberg.org/ebooks/10381.kf8.images', 3),
(5654, 427, 'https://www.gutenberg.org/ebooks/10381.kindle.images', 3),
(5655, 427, 'https://www.gutenberg.org/ebooks/10381.kindle.noimages', 3),
(5656, 427, 'https://www.gutenberg.org/ebooks/10381.txt.utf-8', 4),
(5657, 427, 'https://www.gutenberg.org/files/10381/10381-8.txt', 10),
(5658, 427, 'https://www.gutenberg.org/files/10381/10381-8.zip', 10),
(5659, 427, 'https://www.gutenberg.org/files/10381/10381.txt', 4),
(5660, 427, 'https://www.gutenberg.org/files/10381/10381.zip', 4),
(5661, 427, 'https://www.gutenberg.org/ebooks/10381.rdf', 5),
(5662, 427, 'https://www.gutenberg.org/cache/epub/10381/pg10381.cover.medium.jpg', 6),
(5663, 427, 'https://www.gutenberg.org/cache/epub/10381/pg10381.cover.small.jpg', 6),
(5664, 427, 'https://www.gutenberg.org/files/10381/10381-h.zip', 7),
(5665, 427, 'https://www.gutenberg.org/cache/epub/10381/pg10381-h.zip', 7),
(5666, 428, 'https://www.gutenberg.org/ebooks/10382.html.images', 1),
(5667, 428, 'https://www.gutenberg.org/ebooks/10382.html.noimages', 1),
(5668, 428, 'https://www.gutenberg.org/ebooks/10382.epub3.images', 2),
(5669, 428, 'https://www.gutenberg.org/ebooks/10382.epub.images', 2),
(5670, 428, 'https://www.gutenberg.org/ebooks/10382.epub.noimages', 2),
(5671, 428, 'https://www.gutenberg.org/ebooks/10382.kf8.images', 3),
(5672, 428, 'https://www.gutenberg.org/ebooks/10382.kindle.images', 3),
(5673, 428, 'https://www.gutenberg.org/ebooks/10382.kindle.noimages', 3),
(5674, 428, 'https://www.gutenberg.org/ebooks/10382.txt.utf-8', 4),
(5675, 428, 'https://www.gutenberg.org/files/10382/10382-8.txt', 10),
(5676, 428, 'https://www.gutenberg.org/files/10382/10382.txt', 10);
INSERT INTO `booklinks` (`Link_id`, `Book_id`, `Link`, `type_id`) VALUES
(5677, 428, 'https://www.gutenberg.org/files/10382/10382-8.zip', 10),
(5678, 428, 'https://www.gutenberg.org/files/10382/10382.zip', 10),
(5679, 428, 'https://www.gutenberg.org/ebooks/10382.rdf', 5),
(5680, 428, 'https://www.gutenberg.org/cache/epub/10382/pg10382.cover.medium.jpg', 6),
(5681, 428, 'https://www.gutenberg.org/cache/epub/10382/pg10382.cover.small.jpg', 6),
(5682, 428, 'https://www.gutenberg.org/cache/epub/10382/pg10382-h.zip', 7),
(5683, 429, 'https://www.gutenberg.org/ebooks/10383.html.images', 1),
(5684, 429, 'https://www.gutenberg.org/ebooks/10383.html.noimages', 1),
(5685, 429, 'https://www.gutenberg.org/ebooks/10383.epub3.images', 2),
(5686, 429, 'https://www.gutenberg.org/ebooks/10383.epub.images', 2),
(5687, 429, 'https://www.gutenberg.org/ebooks/10383.epub.noimages', 2),
(5688, 429, 'https://www.gutenberg.org/ebooks/10383.kf8.images', 3),
(5689, 429, 'https://www.gutenberg.org/ebooks/10383.kindle.images', 3),
(5690, 429, 'https://www.gutenberg.org/ebooks/10383.kindle.noimages', 3),
(5691, 429, 'https://www.gutenberg.org/ebooks/10383.txt.utf-8', 4),
(5692, 429, 'https://www.gutenberg.org/files/10383/10383.txt', 4),
(5693, 429, 'https://www.gutenberg.org/files/10383/10383.zip', 4),
(5694, 429, 'https://www.gutenberg.org/ebooks/10383.rdf', 5),
(5695, 429, 'https://www.gutenberg.org/cache/epub/10383/pg10383.cover.medium.jpg', 6),
(5696, 429, 'https://www.gutenberg.org/cache/epub/10383/pg10383.cover.small.jpg', 6),
(5697, 429, 'https://www.gutenberg.org/cache/epub/10383/pg10383-h.zip', 7),
(5698, 430, 'https://www.gutenberg.org/ebooks/10384.html.images', 1),
(5699, 430, 'https://www.gutenberg.org/ebooks/10384.html.noimages', 1),
(5700, 430, 'https://www.gutenberg.org/ebooks/10384.epub3.images', 2),
(5701, 430, 'https://www.gutenberg.org/ebooks/10384.epub.images', 2),
(5702, 430, 'https://www.gutenberg.org/ebooks/10384.epub.noimages', 2),
(5703, 430, 'https://www.gutenberg.org/ebooks/10384.kf8.images', 3),
(5704, 430, 'https://www.gutenberg.org/ebooks/10384.kindle.images', 3),
(5705, 430, 'https://www.gutenberg.org/ebooks/10384.kindle.noimages', 3),
(5706, 430, 'https://www.gutenberg.org/ebooks/10384.txt.utf-8', 4),
(5707, 430, 'https://www.gutenberg.org/files/10384/10384-8.txt', 10),
(5708, 430, 'https://www.gutenberg.org/files/10384/10384-8.zip', 10),
(5709, 430, 'https://www.gutenberg.org/files/10384/10384.txt', 4),
(5710, 430, 'https://www.gutenberg.org/files/10384/10384.zip', 4),
(5711, 430, 'https://www.gutenberg.org/ebooks/10384.rdf', 5),
(5712, 430, 'https://www.gutenberg.org/cache/epub/10384/pg10384.cover.medium.jpg', 6),
(5713, 430, 'https://www.gutenberg.org/cache/epub/10384/pg10384.cover.small.jpg', 6),
(5714, 430, 'https://www.gutenberg.org/cache/epub/10384/pg10384-h.zip', 7),
(5715, 431, 'https://www.gutenberg.org/ebooks/10385.html.images', 1),
(5716, 431, 'https://www.gutenberg.org/ebooks/10385.html.noimages', 1),
(5717, 431, 'https://www.gutenberg.org/ebooks/10385.epub3.images', 2),
(5718, 431, 'https://www.gutenberg.org/ebooks/10385.epub.images', 2),
(5719, 431, 'https://www.gutenberg.org/ebooks/10385.epub.noimages', 2),
(5720, 431, 'https://www.gutenberg.org/ebooks/10385.kf8.images', 3),
(5721, 431, 'https://www.gutenberg.org/ebooks/10385.kindle.images', 3),
(5722, 431, 'https://www.gutenberg.org/ebooks/10385.kindle.noimages', 3),
(5723, 431, 'https://www.gutenberg.org/ebooks/10385.txt.utf-8', 4),
(5724, 431, 'https://www.gutenberg.org/files/10385/10385-8.txt', 10),
(5725, 431, 'https://www.gutenberg.org/files/10385/10385-8.zip', 10),
(5726, 431, 'https://www.gutenberg.org/files/10385/10385.txt', 4),
(5727, 431, 'https://www.gutenberg.org/files/10385/10385.zip', 4),
(5728, 431, 'https://www.gutenberg.org/ebooks/10385.rdf', 5),
(5729, 431, 'https://www.gutenberg.org/cache/epub/10385/pg10385.cover.medium.jpg', 6),
(5730, 431, 'https://www.gutenberg.org/cache/epub/10385/pg10385.cover.small.jpg', 6),
(5731, 431, 'https://www.gutenberg.org/cache/epub/10385/pg10385-h.zip', 7),
(5732, 432, 'https://www.gutenberg.org/ebooks/10386.html.images', 1),
(5733, 432, 'https://www.gutenberg.org/files/10386/10386-h/10386-h.htm', 9),
(5734, 432, 'https://www.gutenberg.org/files/10386/10386-h.zip', 9),
(5735, 432, 'https://www.gutenberg.org/ebooks/10386.epub3.images', 2),
(5736, 432, 'https://www.gutenberg.org/ebooks/10386.epub.images', 2),
(5737, 432, 'https://www.gutenberg.org/ebooks/10386.epub.noimages', 2),
(5738, 432, 'https://www.gutenberg.org/ebooks/10386.kf8.images', 3),
(5739, 432, 'https://www.gutenberg.org/ebooks/10386.kindle.images', 3),
(5740, 432, 'https://www.gutenberg.org/ebooks/10386.kindle.noimages', 3),
(5741, 432, 'https://www.gutenberg.org/ebooks/10386.txt.utf-8', 4),
(5742, 432, 'https://www.gutenberg.org/files/10386/10386-8.txt', 10),
(5743, 432, 'https://www.gutenberg.org/files/10386/10386-8.zip', 10),
(5744, 432, 'https://www.gutenberg.org/files/10386/10386.txt', 4),
(5745, 432, 'https://www.gutenberg.org/files/10386/10386.zip', 4),
(5746, 432, 'https://www.gutenberg.org/ebooks/10386.rdf', 5),
(5747, 432, 'https://www.gutenberg.org/cache/epub/10386/pg10386.cover.medium.jpg', 6),
(5748, 432, 'https://www.gutenberg.org/cache/epub/10386/pg10386.cover.small.jpg', 6),
(5749, 432, 'https://www.gutenberg.org/cache/epub/10386/pg10386-h.zip', 7),
(5750, 433, 'https://www.gutenberg.org/ebooks/10387.html.images', 1),
(5751, 433, 'https://www.gutenberg.org/files/10387/10387-h/10387-h.htm', 1),
(5752, 433, 'https://www.gutenberg.org/files/10387/10387-h.zip', 1),
(5753, 433, 'https://www.gutenberg.org/ebooks/10387.epub3.images', 2),
(5754, 433, 'https://www.gutenberg.org/ebooks/10387.epub.images', 2),
(5755, 433, 'https://www.gutenberg.org/ebooks/10387.epub.noimages', 2),
(5756, 433, 'https://www.gutenberg.org/ebooks/10387.kf8.images', 3),
(5757, 433, 'https://www.gutenberg.org/ebooks/10387.kindle.images', 3),
(5758, 433, 'https://www.gutenberg.org/ebooks/10387.kindle.noimages', 3),
(5759, 433, 'https://www.gutenberg.org/ebooks/10387.txt.utf-8', 4),
(5760, 433, 'https://www.gutenberg.org/files/10387/10387-8.txt', 10),
(5761, 433, 'https://www.gutenberg.org/files/10387/10387-8.zip', 10),
(5762, 433, 'https://www.gutenberg.org/files/10387/10387.txt', 4),
(5763, 433, 'https://www.gutenberg.org/files/10387/10387.zip', 4),
(5764, 433, 'https://www.gutenberg.org/ebooks/10387.rdf', 5),
(5765, 433, 'https://www.gutenberg.org/cache/epub/10387/pg10387.cover.medium.jpg', 6),
(5766, 433, 'https://www.gutenberg.org/cache/epub/10387/pg10387.cover.small.jpg', 6),
(5767, 433, 'https://www.gutenberg.org/cache/epub/10387/pg10387-h.zip', 7),
(5768, 434, 'https://www.gutenberg.org/ebooks/10388.html.images', 1),
(5769, 434, 'https://www.gutenberg.org/ebooks/10388.html.noimages', 1),
(5770, 434, 'https://www.gutenberg.org/ebooks/10388.epub3.images', 2),
(5771, 434, 'https://www.gutenberg.org/ebooks/10388.epub.images', 2),
(5772, 434, 'https://www.gutenberg.org/ebooks/10388.epub.noimages', 2),
(5773, 434, 'https://www.gutenberg.org/ebooks/10388.kf8.images', 3),
(5774, 434, 'https://www.gutenberg.org/ebooks/10388.kindle.images', 3),
(5775, 434, 'https://www.gutenberg.org/ebooks/10388.kindle.noimages', 3),
(5776, 434, 'https://www.gutenberg.org/ebooks/10388.txt.utf-8', 4),
(5777, 434, 'https://www.gutenberg.org/files/10388/10388-8.txt', 10),
(5778, 434, 'https://www.gutenberg.org/files/10388/10388-8.zip', 10),
(5779, 434, 'https://www.gutenberg.org/files/10388/10388.txt', 4),
(5780, 434, 'https://www.gutenberg.org/files/10388/10388.zip', 4),
(5781, 434, 'https://www.gutenberg.org/ebooks/10388.rdf', 5),
(5782, 434, 'https://www.gutenberg.org/cache/epub/10388/pg10388.cover.medium.jpg', 6),
(5783, 434, 'https://www.gutenberg.org/cache/epub/10388/pg10388.cover.small.jpg', 6),
(5784, 434, 'https://www.gutenberg.org/cache/epub/10388/pg10388-h.zip', 7),
(5785, 435, 'https://www.gutenberg.org/ebooks/10389.html.images', 1),
(5786, 435, 'https://www.gutenberg.org/ebooks/10389.html.noimages', 1),
(5787, 435, 'https://www.gutenberg.org/ebooks/10389.epub3.images', 2),
(5788, 435, 'https://www.gutenberg.org/ebooks/10389.epub.images', 2),
(5789, 435, 'https://www.gutenberg.org/ebooks/10389.epub.noimages', 2),
(5790, 435, 'https://www.gutenberg.org/ebooks/10389.kf8.images', 3),
(5791, 435, 'https://www.gutenberg.org/ebooks/10389.kindle.images', 3),
(5792, 435, 'https://www.gutenberg.org/ebooks/10389.kindle.noimages', 3),
(5793, 435, 'https://www.gutenberg.org/ebooks/10389.txt.utf-8', 4),
(5794, 435, 'https://www.gutenberg.org/files/10389/10389-8.txt', 10),
(5795, 435, 'https://www.gutenberg.org/files/10389/10389-8.zip', 10),
(5796, 435, 'https://www.gutenberg.org/files/10389/10389.txt', 4),
(5797, 435, 'https://www.gutenberg.org/files/10389/10389.zip', 4),
(5798, 435, 'https://www.gutenberg.org/ebooks/10389.rdf', 5),
(5799, 435, 'https://www.gutenberg.org/cache/epub/10389/pg10389.cover.medium.jpg', 6),
(5800, 435, 'https://www.gutenberg.org/cache/epub/10389/pg10389.cover.small.jpg', 6),
(5801, 435, 'https://www.gutenberg.org/cache/epub/10389/pg10389-h.zip', 7),
(5802, 436, 'https://www.gutenberg.org/ebooks/1039.html.images', 1),
(5803, 436, 'https://www.gutenberg.org/files/1039/1039-h/1039-h.htm', 11),
(5804, 436, 'https://www.gutenberg.org/files/1039/1039-h.zip', 11),
(5805, 436, 'https://www.gutenberg.org/ebooks/1039.epub3.images', 2),
(5806, 436, 'https://www.gutenberg.org/ebooks/1039.epub.images', 2),
(5807, 436, 'https://www.gutenberg.org/ebooks/1039.epub.noimages', 2),
(5808, 436, 'https://www.gutenberg.org/ebooks/1039.kf8.images', 3),
(5809, 436, 'https://www.gutenberg.org/ebooks/1039.kindle.images', 3),
(5810, 436, 'https://www.gutenberg.org/ebooks/1039.kindle.noimages', 3),
(5811, 436, 'https://www.gutenberg.org/ebooks/1039.txt.utf-8', 4),
(5812, 436, 'https://www.gutenberg.org/files/1039/1039.txt', 4),
(5813, 436, 'https://www.gutenberg.org/files/1039/1039.zip', 4),
(5814, 436, 'https://www.gutenberg.org/ebooks/1039.rdf', 5),
(5815, 436, 'https://www.gutenberg.org/cache/epub/1039/pg1039.cover.medium.jpg', 6),
(5816, 436, 'https://www.gutenberg.org/cache/epub/1039/pg1039.cover.small.jpg', 6),
(5817, 436, 'https://www.gutenberg.org/cache/epub/1039/pg1039-h.zip', 7),
(5818, 437, 'https://www.gutenberg.org/ebooks/10390.html.images', 1),
(5819, 437, 'https://www.gutenberg.org/files/10390/10390-h/10390-h.htm', 1),
(5820, 437, 'https://www.gutenberg.org/files/10390/10390-h.zip', 1),
(5821, 437, 'https://www.gutenberg.org/ebooks/10390.epub3.images', 2),
(5822, 437, 'https://www.gutenberg.org/ebooks/10390.epub.images', 2),
(5823, 437, 'https://www.gutenberg.org/ebooks/10390.epub.noimages', 2),
(5824, 437, 'https://www.gutenberg.org/ebooks/10390.kf8.images', 3),
(5825, 437, 'https://www.gutenberg.org/ebooks/10390.kindle.images', 3),
(5826, 437, 'https://www.gutenberg.org/ebooks/10390.kindle.noimages', 3),
(5827, 437, 'https://www.gutenberg.org/ebooks/10390.txt.utf-8', 4),
(5828, 437, 'https://www.gutenberg.org/files/10390/10390-8.txt', 10),
(5829, 437, 'https://www.gutenberg.org/files/10390/10390-8.zip', 10),
(5830, 437, 'https://www.gutenberg.org/files/10390/10390.txt', 4),
(5831, 437, 'https://www.gutenberg.org/files/10390/10390.zip', 4),
(5832, 437, 'https://www.gutenberg.org/ebooks/10390.rdf', 5),
(5833, 437, 'https://www.gutenberg.org/cache/epub/10390/pg10390.cover.medium.jpg', 6),
(5834, 437, 'https://www.gutenberg.org/cache/epub/10390/pg10390.cover.small.jpg', 6),
(5835, 437, 'https://www.gutenberg.org/cache/epub/10390/pg10390-h.zip', 7),
(5836, 438, 'https://www.gutenberg.org/ebooks/10391.html.images', 1),
(5837, 438, 'https://www.gutenberg.org/files/10391/10391-h/10391-h.htm', 9),
(5838, 438, 'https://www.gutenberg.org/files/10391/10391-h.zip', 9),
(5839, 438, 'https://www.gutenberg.org/ebooks/10391.epub3.images', 2),
(5840, 438, 'https://www.gutenberg.org/ebooks/10391.epub.images', 2),
(5841, 438, 'https://www.gutenberg.org/ebooks/10391.epub.noimages', 2),
(5842, 438, 'https://www.gutenberg.org/ebooks/10391.kf8.images', 3),
(5843, 438, 'https://www.gutenberg.org/ebooks/10391.kindle.images', 3),
(5844, 438, 'https://www.gutenberg.org/ebooks/10391.kindle.noimages', 3),
(5845, 438, 'https://www.gutenberg.org/ebooks/10391.txt.utf-8', 4),
(5846, 438, 'https://www.gutenberg.org/files/10391/10391-8.txt', 10),
(5847, 438, 'https://www.gutenberg.org/files/10391/10391-8.zip', 10),
(5848, 438, 'https://www.gutenberg.org/files/10391/10391.txt', 4),
(5849, 438, 'https://www.gutenberg.org/files/10391/10391.zip', 4),
(5850, 438, 'https://www.gutenberg.org/ebooks/10391.rdf', 5),
(5851, 438, 'https://www.gutenberg.org/cache/epub/10391/pg10391.cover.medium.jpg', 6),
(5852, 438, 'https://www.gutenberg.org/cache/epub/10391/pg10391.cover.small.jpg', 6),
(5853, 438, 'https://www.gutenberg.org/cache/epub/10391/pg10391-h.zip', 7),
(5854, 439, 'https://www.gutenberg.org/ebooks/10392.html.images', 1),
(5855, 439, 'https://www.gutenberg.org/ebooks/10392.html.noimages', 1),
(5856, 439, 'https://www.gutenberg.org/ebooks/10392.epub3.images', 2),
(5857, 439, 'https://www.gutenberg.org/ebooks/10392.epub.images', 2),
(5858, 439, 'https://www.gutenberg.org/ebooks/10392.epub.noimages', 2),
(5859, 439, 'https://www.gutenberg.org/ebooks/10392.kf8.images', 3),
(5860, 439, 'https://www.gutenberg.org/ebooks/10392.kindle.images', 3),
(5861, 439, 'https://www.gutenberg.org/ebooks/10392.kindle.noimages', 3),
(5862, 439, 'https://www.gutenberg.org/ebooks/10392.txt.utf-8', 4),
(5863, 439, 'https://www.gutenberg.org/files/10392/10392-8.txt', 10),
(5864, 439, 'https://www.gutenberg.org/files/10392/10392-8.zip', 10),
(5865, 439, 'https://www.gutenberg.org/files/10392/10392.txt', 4),
(5866, 439, 'https://www.gutenberg.org/files/10392/10392.zip', 4),
(5867, 439, 'https://www.gutenberg.org/ebooks/10392.rdf', 5),
(5868, 439, 'https://www.gutenberg.org/cache/epub/10392/pg10392.cover.medium.jpg', 6),
(5869, 439, 'https://www.gutenberg.org/cache/epub/10392/pg10392.cover.small.jpg', 6),
(5870, 439, 'https://www.gutenberg.org/cache/epub/10392/pg10392-h.zip', 7),
(5871, 440, 'https://www.gutenberg.org/ebooks/10393.html.images', 1),
(5872, 440, 'https://www.gutenberg.org/files/10393/10393-h/10393-h.htm', 11),
(5873, 440, 'https://www.gutenberg.org/files/10393/10393-h.zip', 11),
(5874, 440, 'https://www.gutenberg.org/ebooks/10393.epub3.images', 2),
(5875, 440, 'https://www.gutenberg.org/ebooks/10393.epub.images', 2),
(5876, 440, 'https://www.gutenberg.org/ebooks/10393.epub.noimages', 2),
(5877, 440, 'https://www.gutenberg.org/ebooks/10393.kf8.images', 3),
(5878, 440, 'https://www.gutenberg.org/ebooks/10393.kindle.images', 3),
(5879, 440, 'https://www.gutenberg.org/ebooks/10393.kindle.noimages', 3),
(5880, 440, 'https://www.gutenberg.org/ebooks/10393.txt.utf-8', 4),
(5881, 440, 'https://www.gutenberg.org/files/10393/10393.txt', 4),
(5882, 440, 'https://www.gutenberg.org/files/10393/10393.zip', 4),
(5883, 440, 'https://www.gutenberg.org/ebooks/10393.rdf', 5),
(5884, 440, 'https://www.gutenberg.org/cache/epub/10393/pg10393.cover.medium.jpg', 6),
(5885, 440, 'https://www.gutenberg.org/cache/epub/10393/pg10393.cover.small.jpg', 6),
(5886, 440, 'https://www.gutenberg.org/cache/epub/10393/pg10393-h.zip', 7),
(5887, 441, 'https://www.gutenberg.org/ebooks/10394.html.images', 1),
(5888, 441, 'https://www.gutenberg.org/files/10394/10394-h/10394-h.htm', 9),
(5889, 441, 'https://www.gutenberg.org/files/10394/10394-h.zip', 9),
(5890, 441, 'https://www.gutenberg.org/ebooks/10394.epub3.images', 2),
(5891, 441, 'https://www.gutenberg.org/ebooks/10394.epub.images', 2),
(5892, 441, 'https://www.gutenberg.org/ebooks/10394.epub.noimages', 2),
(5893, 441, 'https://www.gutenberg.org/ebooks/10394.kf8.images', 3),
(5894, 441, 'https://www.gutenberg.org/ebooks/10394.kindle.images', 3),
(5895, 441, 'https://www.gutenberg.org/ebooks/10394.kindle.noimages', 3),
(5896, 441, 'https://www.gutenberg.org/ebooks/10394.txt.utf-8', 4),
(5897, 441, 'https://www.gutenberg.org/files/10394/10394-8.txt', 10),
(5898, 441, 'https://www.gutenberg.org/files/10394/10394-8.zip', 10),
(5899, 441, 'https://www.gutenberg.org/files/10394/10394.txt', 4),
(5900, 441, 'https://www.gutenberg.org/files/10394/10394.zip', 4),
(5901, 441, 'https://www.gutenberg.org/ebooks/10394.rdf', 5),
(5902, 441, 'https://www.gutenberg.org/cache/epub/10394/pg10394.cover.medium.jpg', 6),
(5903, 441, 'https://www.gutenberg.org/cache/epub/10394/pg10394.cover.small.jpg', 6),
(5904, 441, 'https://www.gutenberg.org/cache/epub/10394/pg10394-h.zip', 7),
(5905, 442, 'https://www.gutenberg.org/ebooks/10395.html.images', 1),
(5906, 442, 'https://www.gutenberg.org/files/10395/10395-h/10395-h.htm', 11),
(5907, 442, 'https://www.gutenberg.org/files/10395/10395-h.zip', 11),
(5908, 442, 'https://www.gutenberg.org/ebooks/10395.epub3.images', 2),
(5909, 442, 'https://www.gutenberg.org/ebooks/10395.epub.images', 2),
(5910, 442, 'https://www.gutenberg.org/ebooks/10395.epub.noimages', 2),
(5911, 442, 'https://www.gutenberg.org/ebooks/10395.kf8.images', 3),
(5912, 442, 'https://www.gutenberg.org/ebooks/10395.kindle.images', 3),
(5913, 442, 'https://www.gutenberg.org/ebooks/10395.kindle.noimages', 3),
(5914, 442, 'https://www.gutenberg.org/ebooks/10395.txt.utf-8', 4),
(5915, 442, 'https://www.gutenberg.org/files/10395/10395.txt', 4),
(5916, 442, 'https://www.gutenberg.org/files/10395/10395.zip', 4),
(5917, 442, 'https://www.gutenberg.org/ebooks/10395.rdf', 5),
(5918, 442, 'https://www.gutenberg.org/cache/epub/10395/pg10395.cover.medium.jpg', 6),
(5919, 442, 'https://www.gutenberg.org/cache/epub/10395/pg10395.cover.small.jpg', 6),
(5920, 442, 'https://www.gutenberg.org/cache/epub/10395/pg10395-h.zip', 7),
(5921, 443, 'https://www.gutenberg.org/ebooks/10396.html.images', 1),
(5922, 443, 'https://www.gutenberg.org/ebooks/10396.html.noimages', 1),
(5923, 443, 'https://www.gutenberg.org/ebooks/10396.epub3.images', 2),
(5924, 443, 'https://www.gutenberg.org/ebooks/10396.epub.images', 2),
(5925, 443, 'https://www.gutenberg.org/ebooks/10396.epub.noimages', 2),
(5926, 443, 'https://www.gutenberg.org/ebooks/10396.kf8.images', 3),
(5927, 443, 'https://www.gutenberg.org/ebooks/10396.kindle.images', 3),
(5928, 443, 'https://www.gutenberg.org/ebooks/10396.kindle.noimages', 3),
(5929, 443, 'https://www.gutenberg.org/ebooks/10396.txt.utf-8', 4),
(5930, 443, 'https://www.gutenberg.org/files/10396/10396.txt', 4),
(5931, 443, 'https://www.gutenberg.org/files/10396/10396.zip', 4),
(5932, 443, 'https://www.gutenberg.org/ebooks/10396.rdf', 5),
(5933, 443, 'https://www.gutenberg.org/cache/epub/10396/pg10396.cover.medium.jpg', 6),
(5934, 443, 'https://www.gutenberg.org/cache/epub/10396/pg10396.cover.small.jpg', 6),
(5935, 443, 'https://www.gutenberg.org/cache/epub/10396/pg10396-h.zip', 7),
(5936, 444, 'https://www.gutenberg.org/ebooks/10397.html.images', 1),
(5937, 444, 'https://www.gutenberg.org/ebooks/10397.html.noimages', 1),
(5938, 444, 'https://www.gutenberg.org/ebooks/10397.epub3.images', 2),
(5939, 444, 'https://www.gutenberg.org/ebooks/10397.epub.images', 2),
(5940, 444, 'https://www.gutenberg.org/ebooks/10397.epub.noimages', 2),
(5941, 444, 'https://www.gutenberg.org/ebooks/10397.kf8.images', 3),
(5942, 444, 'https://www.gutenberg.org/ebooks/10397.kindle.images', 3),
(5943, 444, 'https://www.gutenberg.org/ebooks/10397.kindle.noimages', 3),
(5944, 444, 'https://www.gutenberg.org/ebooks/10397.txt.utf-8', 4),
(5945, 444, 'https://www.gutenberg.org/files/10397/10397-8.txt', 10),
(5946, 444, 'https://www.gutenberg.org/files/10397/10397-8.zip', 10),
(5947, 444, 'https://www.gutenberg.org/files/10397/10397.txt', 4),
(5948, 444, 'https://www.gutenberg.org/files/10397/10397.zip', 4),
(5949, 444, 'https://www.gutenberg.org/ebooks/10397.rdf', 5),
(5950, 444, 'https://www.gutenberg.org/cache/epub/10397/pg10397.cover.medium.jpg', 6),
(5951, 444, 'https://www.gutenberg.org/cache/epub/10397/pg10397.cover.small.jpg', 6),
(5952, 444, 'https://www.gutenberg.org/cache/epub/10397/pg10397-h.zip', 7),
(5953, 445, 'https://www.gutenberg.org/ebooks/10398.html.images', 1),
(5954, 445, 'https://www.gutenberg.org/ebooks/10398.html.noimages', 1),
(5955, 445, 'https://www.gutenberg.org/ebooks/10398.epub3.images', 2),
(5956, 445, 'https://www.gutenberg.org/ebooks/10398.epub.images', 2),
(5957, 445, 'https://www.gutenberg.org/ebooks/10398.epub.noimages', 2),
(5958, 445, 'https://www.gutenberg.org/ebooks/10398.kf8.images', 3),
(5959, 445, 'https://www.gutenberg.org/ebooks/10398.kindle.images', 3),
(5960, 445, 'https://www.gutenberg.org/ebooks/10398.kindle.noimages', 3),
(5961, 445, 'https://www.gutenberg.org/ebooks/10398.txt.utf-8', 4),
(5962, 445, 'https://www.gutenberg.org/files/10398/10398-8.txt', 10),
(5963, 445, 'https://www.gutenberg.org/files/10398/10398-8.zip', 10),
(5964, 445, 'https://www.gutenberg.org/files/10398/10398.txt', 4),
(5965, 445, 'https://www.gutenberg.org/files/10398/10398.zip', 4),
(5966, 445, 'https://www.gutenberg.org/ebooks/10398.rdf', 5),
(5967, 445, 'https://www.gutenberg.org/cache/epub/10398/pg10398.cover.medium.jpg', 6),
(5968, 445, 'https://www.gutenberg.org/cache/epub/10398/pg10398.cover.small.jpg', 6),
(5969, 445, 'https://www.gutenberg.org/cache/epub/10398/pg10398-h.zip', 7),
(5970, 446, 'https://www.gutenberg.org/ebooks/10399.html.images', 1),
(5971, 446, 'https://www.gutenberg.org/ebooks/10399.html.noimages', 1),
(5972, 446, 'https://www.gutenberg.org/ebooks/10399.epub3.images', 2),
(5973, 446, 'https://www.gutenberg.org/ebooks/10399.epub.images', 2),
(5974, 446, 'https://www.gutenberg.org/ebooks/10399.epub.noimages', 2),
(5975, 446, 'https://www.gutenberg.org/ebooks/10399.kf8.images', 3),
(5976, 446, 'https://www.gutenberg.org/ebooks/10399.kindle.images', 3),
(5977, 446, 'https://www.gutenberg.org/ebooks/10399.kindle.noimages', 3),
(5978, 446, 'https://www.gutenberg.org/ebooks/10399.txt.utf-8', 4),
(5979, 446, 'https://www.gutenberg.org/files/10399/10399.txt', 4),
(5980, 446, 'https://www.gutenberg.org/files/10399/10399.zip', 4),
(5981, 446, 'https://www.gutenberg.org/ebooks/10399.rdf', 5),
(5982, 446, 'https://www.gutenberg.org/cache/epub/10399/pg10399.cover.medium.jpg', 6),
(5983, 446, 'https://www.gutenberg.org/cache/epub/10399/pg10399.cover.small.jpg', 6),
(5984, 446, 'https://www.gutenberg.org/cache/epub/10399/pg10399-h.zip', 7),
(5985, 447, 'https://www.gutenberg.org/ebooks/104.html.images', 1),
(5986, 447, 'https://www.gutenberg.org/files/104/104-h/104-h.htm', 1),
(5987, 447, 'https://www.gutenberg.org/ebooks/104.epub3.images', 2),
(5988, 447, 'https://www.gutenberg.org/ebooks/104.epub.images', 2),
(5989, 447, 'https://www.gutenberg.org/ebooks/104.epub.noimages', 2),
(5990, 447, 'https://www.gutenberg.org/ebooks/104.kf8.images', 3),
(5991, 447, 'https://www.gutenberg.org/ebooks/104.kindle.images', 3),
(5992, 447, 'https://www.gutenberg.org/ebooks/104.kindle.noimages', 3),
(5993, 447, 'https://www.gutenberg.org/ebooks/104.txt.utf-8', 4),
(5994, 447, 'https://www.gutenberg.org/files/104/104-0.txt', 4),
(5995, 447, 'https://www.gutenberg.org/ebooks/104.rdf', 5),
(5996, 447, 'https://www.gutenberg.org/cache/epub/104/pg104.cover.medium.jpg', 6),
(5997, 447, 'https://www.gutenberg.org/cache/epub/104/pg104.cover.small.jpg', 6),
(5998, 447, 'https://www.gutenberg.org/files/104/104-0.zip', 7),
(5999, 447, 'https://www.gutenberg.org/files/104/104-h.zip', 7),
(6000, 447, 'https://www.gutenberg.org/cache/epub/104/pg104-h.zip', 7),
(6001, 448, 'https://www.gutenberg.org/ebooks/1040.html.images', 1),
(6002, 448, 'https://www.gutenberg.org/files/1040/1040-h/1040-h.htm', 9),
(6003, 448, 'https://www.gutenberg.org/files/1040/1040-h.zip', 9),
(6004, 448, 'https://www.gutenberg.org/ebooks/1040.epub3.images', 2),
(6005, 448, 'https://www.gutenberg.org/ebooks/1040.epub.images', 2),
(6006, 448, 'https://www.gutenberg.org/ebooks/1040.epub.noimages', 2),
(6007, 448, 'https://www.gutenberg.org/ebooks/1040.kf8.images', 3),
(6008, 448, 'https://www.gutenberg.org/ebooks/1040.kindle.images', 3),
(6009, 448, 'https://www.gutenberg.org/ebooks/1040.kindle.noimages', 3),
(6010, 448, 'https://www.gutenberg.org/ebooks/1040.txt.utf-8', 4),
(6011, 448, 'https://www.gutenberg.org/files/1040/1040.txt', 4),
(6012, 448, 'https://www.gutenberg.org/files/1040/1040.zip', 4),
(6013, 448, 'https://www.gutenberg.org/ebooks/1040.rdf', 5),
(6014, 448, 'https://www.gutenberg.org/cache/epub/1040/pg1040.cover.medium.jpg', 6),
(6015, 448, 'https://www.gutenberg.org/cache/epub/1040/pg1040.cover.small.jpg', 6),
(6016, 448, 'https://www.gutenberg.org/cache/epub/1040/pg1040-h.zip', 7),
(6017, 449, 'https://www.gutenberg.org/ebooks/10400.html.images', 1),
(6018, 449, 'https://www.gutenberg.org/ebooks/10400.html.noimages', 1),
(6019, 449, 'https://www.gutenberg.org/ebooks/10400.epub3.images', 2),
(6020, 449, 'https://www.gutenberg.org/ebooks/10400.epub.images', 2),
(6021, 449, 'https://www.gutenberg.org/ebooks/10400.epub.noimages', 2),
(6022, 449, 'https://www.gutenberg.org/ebooks/10400.kf8.images', 3),
(6023, 449, 'https://www.gutenberg.org/ebooks/10400.kindle.images', 3),
(6024, 449, 'https://www.gutenberg.org/ebooks/10400.kindle.noimages', 3),
(6025, 449, 'https://www.gutenberg.org/ebooks/10400.txt.utf-8', 4),
(6026, 449, 'https://www.gutenberg.org/files/10400/10400-8.txt', 10),
(6027, 449, 'https://www.gutenberg.org/files/10400/10400.txt', 10),
(6028, 449, 'https://www.gutenberg.org/files/10400/10400-8.zip', 10),
(6029, 449, 'https://www.gutenberg.org/files/10400/10400.zip', 10),
(6030, 449, 'https://www.gutenberg.org/ebooks/10400.rdf', 5),
(6031, 449, 'https://www.gutenberg.org/cache/epub/10400/pg10400.cover.medium.jpg', 6),
(6032, 449, 'https://www.gutenberg.org/cache/epub/10400/pg10400.cover.small.jpg', 6),
(6033, 449, 'https://www.gutenberg.org/cache/epub/10400/pg10400-h.zip', 7),
(6034, 450, 'https://www.gutenberg.org/ebooks/10401.html.images', 1),
(6035, 450, 'https://www.gutenberg.org/ebooks/10401.html.noimages', 1),
(6036, 450, 'https://www.gutenberg.org/ebooks/10401.epub3.images', 2),
(6037, 450, 'https://www.gutenberg.org/ebooks/10401.epub.images', 2),
(6038, 450, 'https://www.gutenberg.org/ebooks/10401.epub.noimages', 2),
(6039, 450, 'https://www.gutenberg.org/ebooks/10401.kf8.images', 3),
(6040, 450, 'https://www.gutenberg.org/ebooks/10401.kindle.images', 3),
(6041, 450, 'https://www.gutenberg.org/ebooks/10401.kindle.noimages', 3),
(6042, 450, 'https://www.gutenberg.org/ebooks/10401.txt.utf-8', 4),
(6043, 450, 'https://www.gutenberg.org/files/10401/10401-8.txt', 10),
(6044, 450, 'https://www.gutenberg.org/files/10401/10401-8.zip', 10),
(6045, 450, 'https://www.gutenberg.org/files/10401/10401.txt', 4),
(6046, 450, 'https://www.gutenberg.org/files/10401/10401.zip', 4),
(6047, 450, 'https://www.gutenberg.org/ebooks/10401.rdf', 5),
(6048, 450, 'https://www.gutenberg.org/cache/epub/10401/pg10401.cover.medium.jpg', 6),
(6049, 450, 'https://www.gutenberg.org/cache/epub/10401/pg10401.cover.small.jpg', 6),
(6050, 450, 'https://www.gutenberg.org/cache/epub/10401/pg10401-h.zip', 7),
(6051, 451, 'https://www.gutenberg.org/ebooks/10402.html.images', 1),
(6052, 451, 'https://www.gutenberg.org/ebooks/10402.html.noimages', 1),
(6053, 451, 'https://www.gutenberg.org/ebooks/10402.epub3.images', 2),
(6054, 451, 'https://www.gutenberg.org/ebooks/10402.epub.images', 2),
(6055, 451, 'https://www.gutenberg.org/ebooks/10402.epub.noimages', 2),
(6056, 451, 'https://www.gutenberg.org/ebooks/10402.kf8.images', 3),
(6057, 451, 'https://www.gutenberg.org/ebooks/10402.kindle.images', 3),
(6058, 451, 'https://www.gutenberg.org/ebooks/10402.kindle.noimages', 3),
(6059, 451, 'https://www.gutenberg.org/ebooks/10402.txt.utf-8', 4),
(6060, 451, 'https://www.gutenberg.org/files/10402/10402-8.txt', 10),
(6061, 451, 'https://www.gutenberg.org/files/10402/10402-8.zip', 10),
(6062, 451, 'https://www.gutenberg.org/files/10402/10402.txt', 4),
(6063, 451, 'https://www.gutenberg.org/files/10402/10402.zip', 4),
(6064, 451, 'https://www.gutenberg.org/ebooks/10402.rdf', 5),
(6065, 451, 'https://www.gutenberg.org/cache/epub/10402/pg10402.cover.medium.jpg', 6),
(6066, 451, 'https://www.gutenberg.org/cache/epub/10402/pg10402.cover.small.jpg', 6),
(6067, 451, 'https://www.gutenberg.org/cache/epub/10402/pg10402-h.zip', 7),
(6068, 452, 'https://www.gutenberg.org/ebooks/10403.html.images', 1),
(6069, 452, 'https://www.gutenberg.org/ebooks/10403.html.noimages', 1),
(6070, 452, 'https://www.gutenberg.org/ebooks/10403.epub3.images', 2),
(6071, 452, 'https://www.gutenberg.org/ebooks/10403.epub.images', 2),
(6072, 452, 'https://www.gutenberg.org/ebooks/10403.epub.noimages', 2),
(6073, 452, 'https://www.gutenberg.org/ebooks/10403.kf8.images', 3),
(6074, 452, 'https://www.gutenberg.org/ebooks/10403.kindle.images', 3),
(6075, 452, 'https://www.gutenberg.org/ebooks/10403.kindle.noimages', 3),
(6076, 452, 'https://www.gutenberg.org/ebooks/10403.txt.utf-8', 4),
(6077, 452, 'https://www.gutenberg.org/files/10403/10403-8.txt', 10),
(6078, 452, 'https://www.gutenberg.org/files/10403/10403-8.zip', 10),
(6079, 452, 'https://www.gutenberg.org/files/10403/10403.txt', 4),
(6080, 452, 'https://www.gutenberg.org/files/10403/10403.zip', 4),
(6081, 452, 'https://www.gutenberg.org/ebooks/10403.rdf', 5),
(6082, 452, 'https://www.gutenberg.org/cache/epub/10403/pg10403.cover.medium.jpg', 6),
(6083, 452, 'https://www.gutenberg.org/cache/epub/10403/pg10403.cover.small.jpg', 6),
(6084, 452, 'https://www.gutenberg.org/cache/epub/10403/pg10403-h.zip', 7),
(6085, 453, 'https://www.gutenberg.org/ebooks/10404.html.images', 1),
(6086, 453, 'https://www.gutenberg.org/ebooks/10404.html.noimages', 1),
(6087, 453, 'https://www.gutenberg.org/ebooks/10404.epub3.images', 2),
(6088, 453, 'https://www.gutenberg.org/ebooks/10404.epub.images', 2),
(6089, 453, 'https://www.gutenberg.org/ebooks/10404.epub.noimages', 2),
(6090, 453, 'https://www.gutenberg.org/ebooks/10404.kf8.images', 3),
(6091, 453, 'https://www.gutenberg.org/ebooks/10404.kindle.images', 3),
(6092, 453, 'https://www.gutenberg.org/ebooks/10404.kindle.noimages', 3),
(6093, 453, 'https://www.gutenberg.org/ebooks/10404.txt.utf-8', 4),
(6094, 453, 'https://www.gutenberg.org/files/10404/10404-8.txt', 10),
(6095, 453, 'https://www.gutenberg.org/files/10404/10404-8.zip', 10),
(6096, 453, 'https://www.gutenberg.org/files/10404/10404.txt', 4),
(6097, 453, 'https://www.gutenberg.org/files/10404/10404.zip', 4),
(6098, 453, 'https://www.gutenberg.org/ebooks/10404.rdf', 5),
(6099, 453, 'https://www.gutenberg.org/cache/epub/10404/pg10404.cover.medium.jpg', 6),
(6100, 453, 'https://www.gutenberg.org/cache/epub/10404/pg10404.cover.small.jpg', 6),
(6101, 453, 'https://www.gutenberg.org/cache/epub/10404/pg10404-h.zip', 7),
(6102, 454, 'https://www.gutenberg.org/files/10405/10405-m/10405-m-readme.txt', 4),
(6103, 454, 'https://www.gutenberg.org/files/10405/10405-m.zip', 17),
(6104, 454, 'https://www.gutenberg.org/files/10405/10405-m/10405-m-001.mp3', 13),
(6105, 454, 'https://www.gutenberg.org/ebooks/10405.rdf', 5),
(6106, 454, 'https://www.gutenberg.org/cache/epub/10405/pg10405.cover.medium.jpg', 6),
(6107, 454, 'https://www.gutenberg.org/cache/epub/10405/pg10405.cover.small.jpg', 6),
(6108, 455, 'https://www.gutenberg.org/files/10406/10406-m/10406-m-readme.txt', 4),
(6109, 455, 'https://www.gutenberg.org/files/10406/10406-m.zip', 17),
(6110, 455, 'https://www.gutenberg.org/files/10406/10406-m/10406-m-001.mp3', 13),
(6111, 455, 'https://www.gutenberg.org/ebooks/10406.rdf', 5),
(6112, 455, 'https://www.gutenberg.org/cache/epub/10406/pg10406.cover.medium.jpg', 6),
(6113, 455, 'https://www.gutenberg.org/cache/epub/10406/pg10406.cover.small.jpg', 6),
(6114, 456, 'https://www.gutenberg.org/files/10407/10407-m/10407-m-readme.txt', 4),
(6115, 456, 'https://www.gutenberg.org/files/10407/10407-m.zip', 17),
(6116, 456, 'https://www.gutenberg.org/files/10407/10407-m/10407-m-001.mp3', 13),
(6117, 456, 'https://www.gutenberg.org/ebooks/10407.rdf', 5),
(6118, 456, 'https://www.gutenberg.org/cache/epub/10407/pg10407.cover.medium.jpg', 6),
(6119, 456, 'https://www.gutenberg.org/cache/epub/10407/pg10407.cover.small.jpg', 6),
(6120, 457, 'https://www.gutenberg.org/files/10408/10408-m/10408-m-readme.txt', 4),
(6121, 457, 'https://www.gutenberg.org/files/10408/10408-m.zip', 17),
(6122, 457, 'https://www.gutenberg.org/files/10408/10408-m/10408-m-001.mp3', 13),
(6123, 457, 'https://www.gutenberg.org/ebooks/10408.rdf', 5),
(6124, 457, 'https://www.gutenberg.org/cache/epub/10408/pg10408.cover.medium.jpg', 6),
(6125, 457, 'https://www.gutenberg.org/cache/epub/10408/pg10408.cover.small.jpg', 6),
(6126, 458, 'https://www.gutenberg.org/ebooks/10409.html.images', 1),
(6127, 458, 'https://www.gutenberg.org/files/10409/10409-h/10409-h.htm', 9),
(6128, 458, 'https://www.gutenberg.org/files/10409/10409-h.zip', 9),
(6129, 458, 'https://www.gutenberg.org/ebooks/10409.epub3.images', 2),
(6130, 458, 'https://www.gutenberg.org/ebooks/10409.epub.images', 2),
(6131, 458, 'https://www.gutenberg.org/ebooks/10409.epub.noimages', 2),
(6132, 458, 'https://www.gutenberg.org/ebooks/10409.kf8.images', 3),
(6133, 458, 'https://www.gutenberg.org/ebooks/10409.kindle.images', 3),
(6134, 458, 'https://www.gutenberg.org/ebooks/10409.kindle.noimages', 3),
(6135, 458, 'https://www.gutenberg.org/ebooks/10409.txt.utf-8', 4),
(6136, 458, 'https://www.gutenberg.org/files/10409/10409-8.txt', 10),
(6137, 458, 'https://www.gutenberg.org/files/10409/10409-8.zip', 10),
(6138, 458, 'https://www.gutenberg.org/files/10409/10409.txt', 4),
(6139, 458, 'https://www.gutenberg.org/files/10409/10409.zip', 4),
(6140, 458, 'https://www.gutenberg.org/ebooks/10409.rdf', 5),
(6141, 458, 'https://www.gutenberg.org/cache/epub/10409/pg10409.cover.medium.jpg', 6),
(6142, 458, 'https://www.gutenberg.org/cache/epub/10409/pg10409.cover.small.jpg', 6),
(6143, 458, 'https://www.gutenberg.org/cache/epub/10409/pg10409-h.zip', 7),
(6144, 459, 'https://www.gutenberg.org/ebooks/1041.html.images', 1),
(6145, 459, 'https://www.gutenberg.org/files/1041/1041-h/1041-h.htm', 1),
(6146, 459, 'https://www.gutenberg.org/ebooks/1041.epub3.images', 2),
(6147, 459, 'https://www.gutenberg.org/ebooks/1041.epub.images', 2),
(6148, 459, 'https://www.gutenberg.org/ebooks/1041.epub.noimages', 2),
(6149, 459, 'https://www.gutenberg.org/ebooks/1041.kf8.images', 3),
(6150, 459, 'https://www.gutenberg.org/ebooks/1041.kindle.images', 3),
(6151, 459, 'https://www.gutenberg.org/ebooks/1041.kindle.noimages', 3),
(6152, 459, 'https://www.gutenberg.org/ebooks/1041.txt.utf-8', 4),
(6153, 459, 'https://www.gutenberg.org/files/1041/1041-0.txt', 4),
(6154, 459, 'https://www.gutenberg.org/ebooks/1041.rdf', 5),
(6155, 459, 'https://www.gutenberg.org/cache/epub/1041/pg1041.cover.medium.jpg', 6),
(6156, 459, 'https://www.gutenberg.org/cache/epub/1041/pg1041.cover.small.jpg', 6),
(6157, 459, 'https://www.gutenberg.org/cache/epub/1041/pg1041-h.zip', 7),
(6158, 460, 'https://www.gutenberg.org/ebooks/10410.html.images', 1),
(6159, 460, 'https://www.gutenberg.org/files/10410/10410-h/10410-h.htm', 1),
(6160, 460, 'https://www.gutenberg.org/ebooks/10410.epub3.images', 2),
(6161, 460, 'https://www.gutenberg.org/ebooks/10410.epub.images', 2),
(6162, 460, 'https://www.gutenberg.org/ebooks/10410.epub.noimages', 2),
(6163, 460, 'https://www.gutenberg.org/ebooks/10410.kf8.images', 3),
(6164, 460, 'https://www.gutenberg.org/ebooks/10410.kindle.images', 3),
(6165, 460, 'https://www.gutenberg.org/ebooks/10410.kindle.noimages', 3),
(6166, 460, 'https://www.gutenberg.org/ebooks/10410.txt.utf-8', 4),
(6167, 460, 'https://www.gutenberg.org/files/10410/10410-0.txt', 4),
(6168, 460, 'https://www.gutenberg.org/ebooks/10410.rdf', 5),
(6169, 460, 'https://www.gutenberg.org/cache/epub/10410/pg10410.cover.medium.jpg', 6),
(6170, 460, 'https://www.gutenberg.org/cache/epub/10410/pg10410.cover.small.jpg', 6),
(6171, 460, 'https://www.gutenberg.org/files/10410/10410-0.zip', 7),
(6172, 460, 'https://www.gutenberg.org/files/10410/10410-h.zip', 7),
(6173, 460, 'https://www.gutenberg.org/cache/epub/10410/pg10410-h.zip', 7),
(6174, 461, 'https://www.gutenberg.org/files/10411/10411-m/10411-m-readme.txt', 4),
(6175, 461, 'https://www.gutenberg.org/files/10411/10411-m.zip', 17),
(6176, 461, 'https://www.gutenberg.org/files/10411/10411-m/10411-m-001.mp3', 13),
(6177, 461, 'https://www.gutenberg.org/ebooks/10411.rdf', 5),
(6178, 461, 'https://www.gutenberg.org/cache/epub/10411/pg10411.cover.medium.jpg', 6),
(6179, 461, 'https://www.gutenberg.org/cache/epub/10411/pg10411.cover.small.jpg', 6),
(6180, 462, 'https://www.gutenberg.org/files/10412/10412-m/10412-m-readme.txt', 4),
(6181, 462, 'https://www.gutenberg.org/files/10412/10412-m.zip', 17),
(6182, 462, 'https://www.gutenberg.org/files/10412/10412-m/10412-m-001.mp3', 13),
(6183, 462, 'https://www.gutenberg.org/ebooks/10412.rdf', 5),
(6184, 462, 'https://www.gutenberg.org/cache/epub/10412/pg10412.cover.medium.jpg', 6),
(6185, 462, 'https://www.gutenberg.org/cache/epub/10412/pg10412.cover.small.jpg', 6),
(6186, 463, 'https://www.gutenberg.org/files/10413/10413-m/10413-m-readme.txt', 4),
(6187, 463, 'https://www.gutenberg.org/files/10413/10413-m.zip', 17),
(6188, 463, 'https://www.gutenberg.org/files/10413/10413-m/10413-m-001.mp3', 13),
(6189, 463, 'https://www.gutenberg.org/ebooks/10413.rdf', 5),
(6190, 463, 'https://www.gutenberg.org/cache/epub/10413/pg10413.cover.medium.jpg', 6),
(6191, 463, 'https://www.gutenberg.org/cache/epub/10413/pg10413.cover.small.jpg', 6),
(6192, 464, 'https://www.gutenberg.org/files/10414/10414-m/10414-m-readme.txt', 4),
(6193, 464, 'https://www.gutenberg.org/files/10414/10414-m.zip', 17),
(6194, 464, 'https://www.gutenberg.org/files/10414/10414-m/10414-m-001.mp3', 13),
(6195, 464, 'https://www.gutenberg.org/ebooks/10414.rdf', 5),
(6196, 464, 'https://www.gutenberg.org/cache/epub/10414/pg10414.cover.medium.jpg', 6),
(6197, 464, 'https://www.gutenberg.org/cache/epub/10414/pg10414.cover.small.jpg', 6),
(6198, 465, 'https://www.gutenberg.org/files/10415/10415-m/10415-m-readme.txt', 4),
(6199, 465, 'https://www.gutenberg.org/files/10415/10415-m.zip', 17),
(6200, 465, 'https://www.gutenberg.org/files/10415/10415-m/10415-m-001.mp3', 13),
(6201, 465, 'https://www.gutenberg.org/ebooks/10415.rdf', 5),
(6202, 465, 'https://www.gutenberg.org/cache/epub/10415/pg10415.cover.medium.jpg', 6),
(6203, 465, 'https://www.gutenberg.org/cache/epub/10415/pg10415.cover.small.jpg', 6),
(6204, 466, 'https://www.gutenberg.org/files/10416/10416-m/10416-m-readme.txt', 4),
(6205, 466, 'https://www.gutenberg.org/files/10416/10416-m.zip', 17),
(6206, 466, 'https://www.gutenberg.org/files/10416/10416-m/10416-m-001.mp3', 13),
(6207, 466, 'https://www.gutenberg.org/ebooks/10416.rdf', 5),
(6208, 466, 'https://www.gutenberg.org/cache/epub/10416/pg10416.cover.medium.jpg', 6),
(6209, 466, 'https://www.gutenberg.org/cache/epub/10416/pg10416.cover.small.jpg', 6),
(6210, 467, 'https://www.gutenberg.org/ebooks/10417.html.images', 1),
(6211, 467, 'https://www.gutenberg.org/ebooks/10417.html.noimages', 1),
(6212, 467, 'https://www.gutenberg.org/ebooks/10417.epub3.images', 2),
(6213, 467, 'https://www.gutenberg.org/ebooks/10417.epub.images', 2),
(6214, 467, 'https://www.gutenberg.org/ebooks/10417.epub.noimages', 2),
(6215, 467, 'https://www.gutenberg.org/ebooks/10417.kf8.images', 3),
(6216, 467, 'https://www.gutenberg.org/ebooks/10417.kindle.images', 3),
(6217, 467, 'https://www.gutenberg.org/ebooks/10417.kindle.noimages', 3),
(6218, 467, 'https://www.gutenberg.org/ebooks/10417.txt.utf-8', 4),
(6219, 467, 'https://www.gutenberg.org/files/10417/10417-8.txt', 10),
(6220, 467, 'https://www.gutenberg.org/files/10417/10417-8.zip', 10),
(6221, 467, 'https://www.gutenberg.org/files/10417/10417.txt', 4),
(6222, 467, 'https://www.gutenberg.org/files/10417/10417.zip', 4),
(6223, 467, 'https://www.gutenberg.org/ebooks/10417.rdf', 5),
(6224, 467, 'https://www.gutenberg.org/cache/epub/10417/pg10417.cover.medium.jpg', 6),
(6225, 467, 'https://www.gutenberg.org/cache/epub/10417/pg10417.cover.small.jpg', 6),
(6226, 467, 'https://www.gutenberg.org/cache/epub/10417/pg10417-h.zip', 7),
(6227, 468, 'https://www.gutenberg.org/ebooks/10418.html.images', 1),
(6228, 468, 'https://www.gutenberg.org/ebooks/10418.html.noimages', 1),
(6229, 468, 'https://www.gutenberg.org/ebooks/10418.epub3.images', 2),
(6230, 468, 'https://www.gutenberg.org/ebooks/10418.epub.images', 2),
(6231, 468, 'https://www.gutenberg.org/ebooks/10418.epub.noimages', 2),
(6232, 468, 'https://www.gutenberg.org/ebooks/10418.kf8.images', 3),
(6233, 468, 'https://www.gutenberg.org/ebooks/10418.kindle.images', 3),
(6234, 468, 'https://www.gutenberg.org/ebooks/10418.kindle.noimages', 3),
(6235, 468, 'https://www.gutenberg.org/ebooks/10418.txt.utf-8', 4),
(6236, 468, 'https://www.gutenberg.org/files/10418/10418-8.txt', 10),
(6237, 468, 'https://www.gutenberg.org/files/10418/10418-8.zip', 10),
(6238, 468, 'https://www.gutenberg.org/files/10418/10418.txt', 4),
(6239, 468, 'https://www.gutenberg.org/files/10418/10418.zip', 4),
(6240, 468, 'https://www.gutenberg.org/ebooks/10418.rdf', 5),
(6241, 468, 'https://www.gutenberg.org/cache/epub/10418/pg10418.cover.medium.jpg', 6),
(6242, 468, 'https://www.gutenberg.org/cache/epub/10418/pg10418.cover.small.jpg', 6),
(6243, 468, 'https://www.gutenberg.org/cache/epub/10418/pg10418-h.zip', 7),
(6244, 469, 'https://www.gutenberg.org/ebooks/10419.html.images', 1),
(6245, 469, 'https://www.gutenberg.org/ebooks/10419.html.noimages', 1),
(6246, 469, 'https://www.gutenberg.org/ebooks/10419.epub3.images', 2),
(6247, 469, 'https://www.gutenberg.org/ebooks/10419.epub.images', 2),
(6248, 469, 'https://www.gutenberg.org/ebooks/10419.epub.noimages', 2),
(6249, 469, 'https://www.gutenberg.org/ebooks/10419.kf8.images', 3),
(6250, 469, 'https://www.gutenberg.org/ebooks/10419.kindle.images', 3),
(6251, 469, 'https://www.gutenberg.org/ebooks/10419.kindle.noimages', 3),
(6252, 469, 'https://www.gutenberg.org/ebooks/10419.txt.utf-8', 4),
(6253, 469, 'https://www.gutenberg.org/files/10419/10419-8.txt', 10),
(6254, 469, 'https://www.gutenberg.org/files/10419/10419-8.zip', 10),
(6255, 469, 'https://www.gutenberg.org/files/10419/10419.txt', 4),
(6256, 469, 'https://www.gutenberg.org/files/10419/10419.zip', 4),
(6257, 469, 'https://www.gutenberg.org/ebooks/10419.rdf', 5),
(6258, 469, 'https://www.gutenberg.org/cache/epub/10419/pg10419.cover.medium.jpg', 6),
(6259, 469, 'https://www.gutenberg.org/cache/epub/10419/pg10419.cover.small.jpg', 6),
(6260, 469, 'https://www.gutenberg.org/cache/epub/10419/pg10419-h.zip', 7),
(6261, 470, 'https://www.gutenberg.org/ebooks/1042.html.images', 1),
(6262, 470, 'https://www.gutenberg.org/files/1042/1042-h/1042-h.htm', 1),
(6263, 470, 'https://www.gutenberg.org/files/1042/1042-h.zip', 1),
(6264, 470, 'https://www.gutenberg.org/ebooks/1042.epub3.images', 2),
(6265, 470, 'https://www.gutenberg.org/ebooks/1042.epub.images', 2),
(6266, 470, 'https://www.gutenberg.org/ebooks/1042.epub.noimages', 2),
(6267, 470, 'https://www.gutenberg.org/ebooks/1042.kf8.images', 3),
(6268, 470, 'https://www.gutenberg.org/ebooks/1042.kindle.images', 3),
(6269, 470, 'https://www.gutenberg.org/ebooks/1042.kindle.noimages', 3),
(6270, 470, 'https://www.gutenberg.org/ebooks/1042.txt.utf-8', 4),
(6271, 470, 'https://www.gutenberg.org/files/1042/1042-0.txt', 8),
(6272, 470, 'https://www.gutenberg.org/files/1042/1042-0.zip', 8),
(6273, 470, 'https://www.gutenberg.org/ebooks/1042.rdf', 5),
(6274, 470, 'https://www.gutenberg.org/cache/epub/1042/pg1042.cover.medium.jpg', 6),
(6275, 470, 'https://www.gutenberg.org/cache/epub/1042/pg1042.cover.small.jpg', 6),
(6276, 470, 'https://www.gutenberg.org/cache/epub/1042/pg1042-h.zip', 7),
(6277, 471, 'https://www.gutenberg.org/ebooks/10420.html.images', 1),
(6278, 471, 'https://www.gutenberg.org/ebooks/10420.html.noimages', 1),
(6279, 471, 'https://www.gutenberg.org/ebooks/10420.epub3.images', 2),
(6280, 471, 'https://www.gutenberg.org/ebooks/10420.epub.images', 2),
(6281, 471, 'https://www.gutenberg.org/ebooks/10420.epub.noimages', 2),
(6282, 471, 'https://www.gutenberg.org/ebooks/10420.kf8.images', 3),
(6283, 471, 'https://www.gutenberg.org/ebooks/10420.kindle.images', 3),
(6284, 471, 'https://www.gutenberg.org/ebooks/10420.kindle.noimages', 3),
(6285, 471, 'https://www.gutenberg.org/ebooks/10420.txt.utf-8', 4),
(6286, 471, 'https://www.gutenberg.org/files/10420/10420.txt', 4),
(6287, 471, 'https://www.gutenberg.org/files/10420/10420.zip', 4),
(6288, 471, 'https://www.gutenberg.org/ebooks/10420.rdf', 5),
(6289, 471, 'https://www.gutenberg.org/cache/epub/10420/pg10420.cover.medium.jpg', 6),
(6290, 471, 'https://www.gutenberg.org/cache/epub/10420/pg10420.cover.small.jpg', 6),
(6291, 471, 'https://www.gutenberg.org/cache/epub/10420/pg10420-h.zip', 7),
(6292, 472, 'https://www.gutenberg.org/ebooks/10421.html.images', 1),
(6293, 472, 'https://www.gutenberg.org/files/10421/10421-h/10421-h.htm', 11),
(6294, 472, 'https://www.gutenberg.org/files/10421/10421-h.zip', 11),
(6295, 472, 'https://www.gutenberg.org/ebooks/10421.epub3.images', 2),
(6296, 472, 'https://www.gutenberg.org/ebooks/10421.epub.images', 2),
(6297, 472, 'https://www.gutenberg.org/ebooks/10421.epub.noimages', 2),
(6298, 472, 'https://www.gutenberg.org/ebooks/10421.kf8.images', 3),
(6299, 472, 'https://www.gutenberg.org/ebooks/10421.kindle.images', 3),
(6300, 472, 'https://www.gutenberg.org/ebooks/10421.kindle.noimages', 3),
(6301, 472, 'https://www.gutenberg.org/ebooks/10421.txt.utf-8', 4),
(6302, 472, 'https://www.gutenberg.org/files/10421/10421.txt', 4),
(6303, 472, 'https://www.gutenberg.org/files/10421/10421.zip', 4),
(6304, 472, 'https://www.gutenberg.org/ebooks/10421.rdf', 5),
(6305, 472, 'https://www.gutenberg.org/cache/epub/10421/pg10421.cover.medium.jpg', 6),
(6306, 472, 'https://www.gutenberg.org/cache/epub/10421/pg10421.cover.small.jpg', 6),
(6307, 472, 'https://www.gutenberg.org/cache/epub/10421/pg10421-h.zip', 7),
(6308, 473, 'https://www.gutenberg.org/ebooks/10422.html.images', 1),
(6309, 473, 'https://www.gutenberg.org/ebooks/10422.html.noimages', 1),
(6310, 473, 'https://www.gutenberg.org/ebooks/10422.epub3.images', 2),
(6311, 473, 'https://www.gutenberg.org/ebooks/10422.epub.images', 2),
(6312, 473, 'https://www.gutenberg.org/ebooks/10422.epub.noimages', 2),
(6313, 473, 'https://www.gutenberg.org/ebooks/10422.kf8.images', 3),
(6314, 473, 'https://www.gutenberg.org/ebooks/10422.kindle.images', 3),
(6315, 473, 'https://www.gutenberg.org/ebooks/10422.kindle.noimages', 3),
(6316, 473, 'https://www.gutenberg.org/ebooks/10422.txt.utf-8', 4),
(6317, 473, 'https://www.gutenberg.org/files/10422/10422.txt', 4),
(6318, 473, 'https://www.gutenberg.org/files/10422/10422.zip', 4),
(6319, 473, 'https://www.gutenberg.org/ebooks/10422.rdf', 5),
(6320, 473, 'https://www.gutenberg.org/cache/epub/10422/pg10422.cover.medium.jpg', 6),
(6321, 473, 'https://www.gutenberg.org/cache/epub/10422/pg10422.cover.small.jpg', 6),
(6322, 473, 'https://www.gutenberg.org/cache/epub/10422/pg10422-h.zip', 7),
(6323, 474, 'https://www.gutenberg.org/files/10423/10423-m/10423-m-readme.txt', 4),
(6324, 474, 'https://www.gutenberg.org/files/10423/10423-m.zip', 17),
(6325, 474, 'https://www.gutenberg.org/files/10423/10423-m/10423-m-001.mp3', 13),
(6326, 474, 'https://www.gutenberg.org/ebooks/10423.rdf', 5),
(6327, 474, 'https://www.gutenberg.org/cache/epub/10423/pg10423.cover.medium.jpg', 6),
(6328, 474, 'https://www.gutenberg.org/cache/epub/10423/pg10423.cover.small.jpg', 6),
(6329, 475, 'https://www.gutenberg.org/files/10424/10424-m/10424-m-readme.txt', 4),
(6330, 475, 'https://www.gutenberg.org/files/10424/10424-m.zip', 17),
(6331, 475, 'https://www.gutenberg.org/files/10424/10424-m/10424-m-001.mp3', 13),
(6332, 475, 'https://www.gutenberg.org/ebooks/10424.rdf', 5),
(6333, 475, 'https://www.gutenberg.org/cache/epub/10424/pg10424.cover.medium.jpg', 6),
(6334, 475, 'https://www.gutenberg.org/cache/epub/10424/pg10424.cover.small.jpg', 6),
(6335, 476, 'https://www.gutenberg.org/ebooks/10425.html.images', 1),
(6336, 476, 'https://www.gutenberg.org/ebooks/10425.html.noimages', 1),
(6337, 476, 'https://www.gutenberg.org/ebooks/10425.epub3.images', 2),
(6338, 476, 'https://www.gutenberg.org/ebooks/10425.epub.images', 2),
(6339, 476, 'https://www.gutenberg.org/ebooks/10425.epub.noimages', 2),
(6340, 476, 'https://www.gutenberg.org/ebooks/10425.kf8.images', 3),
(6341, 476, 'https://www.gutenberg.org/ebooks/10425.kindle.images', 3),
(6342, 476, 'https://www.gutenberg.org/ebooks/10425.kindle.noimages', 3),
(6343, 476, 'https://www.gutenberg.org/ebooks/10425.txt.utf-8', 4),
(6344, 476, 'https://www.gutenberg.org/files/10425/10425-8.txt', 10),
(6345, 476, 'https://www.gutenberg.org/files/10425/10425-8.zip', 10),
(6346, 476, 'https://www.gutenberg.org/files/10425/10425.txt', 4),
(6347, 476, 'https://www.gutenberg.org/files/10425/10425.zip', 4),
(6348, 476, 'https://www.gutenberg.org/ebooks/10425.rdf', 5),
(6349, 476, 'https://www.gutenberg.org/cache/epub/10425/pg10425.cover.medium.jpg', 6),
(6350, 476, 'https://www.gutenberg.org/cache/epub/10425/pg10425.cover.small.jpg', 6),
(6351, 476, 'https://www.gutenberg.org/cache/epub/10425/pg10425-h.zip', 7),
(6352, 477, 'https://www.gutenberg.org/ebooks/10426.html.images', 1),
(6353, 477, 'https://www.gutenberg.org/ebooks/10426.html.noimages', 1),
(6354, 477, 'https://www.gutenberg.org/ebooks/10426.epub3.images', 2),
(6355, 477, 'https://www.gutenberg.org/ebooks/10426.epub.images', 2),
(6356, 477, 'https://www.gutenberg.org/ebooks/10426.epub.noimages', 2),
(6357, 477, 'https://www.gutenberg.org/ebooks/10426.kf8.images', 3),
(6358, 477, 'https://www.gutenberg.org/ebooks/10426.kindle.images', 3),
(6359, 477, 'https://www.gutenberg.org/ebooks/10426.kindle.noimages', 3),
(6360, 477, 'https://www.gutenberg.org/ebooks/10426.txt.utf-8', 4),
(6361, 477, 'https://www.gutenberg.org/files/10426/10426-8.txt', 10),
(6362, 477, 'https://www.gutenberg.org/files/10426/10426-8.zip', 10),
(6363, 477, 'https://www.gutenberg.org/files/10426/10426.txt', 4),
(6364, 477, 'https://www.gutenberg.org/files/10426/10426.zip', 4),
(6365, 477, 'https://www.gutenberg.org/ebooks/10426.rdf', 5),
(6366, 477, 'https://www.gutenberg.org/cache/epub/10426/pg10426.cover.medium.jpg', 6),
(6367, 477, 'https://www.gutenberg.org/cache/epub/10426/pg10426.cover.small.jpg', 6),
(6368, 477, 'https://www.gutenberg.org/cache/epub/10426/pg10426-h.zip', 7),
(6369, 478, 'https://www.gutenberg.org/ebooks/10427.html.images', 1),
(6370, 478, 'https://www.gutenberg.org/files/10427/10427-h/10427-h.htm', 11),
(6371, 478, 'https://www.gutenberg.org/files/10427/10427-h.zip', 11),
(6372, 478, 'https://www.gutenberg.org/ebooks/10427.epub3.images', 2),
(6373, 478, 'https://www.gutenberg.org/ebooks/10427.epub.images', 2),
(6374, 478, 'https://www.gutenberg.org/ebooks/10427.epub.noimages', 2),
(6375, 478, 'https://www.gutenberg.org/ebooks/10427.kf8.images', 3),
(6376, 478, 'https://www.gutenberg.org/ebooks/10427.kindle.images', 3),
(6377, 478, 'https://www.gutenberg.org/ebooks/10427.kindle.noimages', 3),
(6378, 478, 'https://www.gutenberg.org/ebooks/10427.txt.utf-8', 4),
(6379, 478, 'https://www.gutenberg.org/files/10427/10427.txt', 4),
(6380, 478, 'https://www.gutenberg.org/files/10427/10427.zip', 4),
(6381, 478, 'https://www.gutenberg.org/ebooks/10427.rdf', 5),
(6382, 478, 'https://www.gutenberg.org/cache/epub/10427/pg10427.cover.medium.jpg', 6),
(6383, 478, 'https://www.gutenberg.org/cache/epub/10427/pg10427.cover.small.jpg', 6);
INSERT INTO `booklinks` (`Link_id`, `Book_id`, `Link`, `type_id`) VALUES
(6384, 478, 'https://www.gutenberg.org/cache/epub/10427/pg10427-h.zip', 7),
(6385, 479, 'https://www.gutenberg.org/ebooks/10428.html.images', 1),
(6386, 479, 'https://www.gutenberg.org/ebooks/10428.html.noimages', 1),
(6387, 479, 'https://www.gutenberg.org/ebooks/10428.epub3.images', 2),
(6388, 479, 'https://www.gutenberg.org/ebooks/10428.epub.images', 2),
(6389, 479, 'https://www.gutenberg.org/ebooks/10428.epub.noimages', 2),
(6390, 479, 'https://www.gutenberg.org/ebooks/10428.kf8.images', 3),
(6391, 479, 'https://www.gutenberg.org/ebooks/10428.kindle.images', 3),
(6392, 479, 'https://www.gutenberg.org/ebooks/10428.kindle.noimages', 3),
(6393, 479, 'https://www.gutenberg.org/ebooks/10428.txt.utf-8', 4),
(6394, 479, 'https://www.gutenberg.org/files/10428/10428-8.txt', 10),
(6395, 479, 'https://www.gutenberg.org/files/10428/10428-8.zip', 10),
(6396, 479, 'https://www.gutenberg.org/files/10428/10428.txt', 4),
(6397, 479, 'https://www.gutenberg.org/files/10428/10428.zip', 4),
(6398, 479, 'https://www.gutenberg.org/ebooks/10428.rdf', 5),
(6399, 479, 'https://www.gutenberg.org/cache/epub/10428/pg10428.cover.medium.jpg', 6),
(6400, 479, 'https://www.gutenberg.org/cache/epub/10428/pg10428.cover.small.jpg', 6),
(6401, 479, 'https://www.gutenberg.org/cache/epub/10428/pg10428-h.zip', 7),
(6402, 480, 'https://www.gutenberg.org/ebooks/10429.html.images', 1),
(6403, 480, 'https://www.gutenberg.org/files/10429/10429-h/10429-h.htm', 9),
(6404, 480, 'https://www.gutenberg.org/files/10429/10429-h.zip', 1),
(6405, 480, 'https://www.gutenberg.org/ebooks/10429.epub3.images', 2),
(6406, 480, 'https://www.gutenberg.org/ebooks/10429.epub.images', 2),
(6407, 480, 'https://www.gutenberg.org/ebooks/10429.epub.noimages', 2),
(6408, 480, 'https://www.gutenberg.org/ebooks/10429.kf8.images', 3),
(6409, 480, 'https://www.gutenberg.org/ebooks/10429.kindle.images', 3),
(6410, 480, 'https://www.gutenberg.org/ebooks/10429.kindle.noimages', 3),
(6411, 480, 'https://www.gutenberg.org/ebooks/10429.txt.utf-8', 4),
(6412, 480, 'https://www.gutenberg.org/files/10429/10429-8.txt', 10),
(6413, 480, 'https://www.gutenberg.org/files/10429/10429-8.zip', 10),
(6414, 480, 'https://www.gutenberg.org/files/10429/10429.txt', 4),
(6415, 480, 'https://www.gutenberg.org/files/10429/10429.zip', 4),
(6416, 480, 'https://www.gutenberg.org/ebooks/10429.rdf', 5),
(6417, 480, 'https://www.gutenberg.org/cache/epub/10429/pg10429.cover.medium.jpg', 6),
(6418, 480, 'https://www.gutenberg.org/cache/epub/10429/pg10429.cover.small.jpg', 6),
(6419, 480, 'https://www.gutenberg.org/cache/epub/10429/pg10429-h.zip', 7),
(6420, 481, 'https://www.gutenberg.org/ebooks/1043.html.images', 1),
(6421, 481, 'https://www.gutenberg.org/files/1043/1043-h/1043-h.htm', 11),
(6422, 481, 'https://www.gutenberg.org/files/1043/1043-h.zip', 11),
(6423, 481, 'https://www.gutenberg.org/ebooks/1043.epub3.images', 2),
(6424, 481, 'https://www.gutenberg.org/ebooks/1043.epub.images', 2),
(6425, 481, 'https://www.gutenberg.org/ebooks/1043.epub.noimages', 2),
(6426, 481, 'https://www.gutenberg.org/ebooks/1043.kf8.images', 3),
(6427, 481, 'https://www.gutenberg.org/ebooks/1043.kindle.images', 3),
(6428, 481, 'https://www.gutenberg.org/ebooks/1043.kindle.noimages', 3),
(6429, 481, 'https://www.gutenberg.org/ebooks/1043.txt.utf-8', 4),
(6430, 481, 'https://www.gutenberg.org/files/1043/1043.txt', 4),
(6431, 481, 'https://www.gutenberg.org/files/1043/1043.zip', 4),
(6432, 481, 'https://www.gutenberg.org/ebooks/1043.rdf', 5),
(6433, 481, 'https://www.gutenberg.org/cache/epub/1043/pg1043.cover.medium.jpg', 6),
(6434, 481, 'https://www.gutenberg.org/cache/epub/1043/pg1043.cover.small.jpg', 6),
(6435, 481, 'https://www.gutenberg.org/cache/epub/1043/pg1043-h.zip', 7),
(6436, 482, 'https://www.gutenberg.org/ebooks/10430.html.images', 1),
(6437, 482, 'https://www.gutenberg.org/files/10430/10430-h/10430-h.htm', 11),
(6438, 482, 'https://www.gutenberg.org/files/10430/10430-h.zip', 11),
(6439, 482, 'https://www.gutenberg.org/ebooks/10430.epub3.images', 2),
(6440, 482, 'https://www.gutenberg.org/ebooks/10430.epub.images', 2),
(6441, 482, 'https://www.gutenberg.org/ebooks/10430.epub.noimages', 2),
(6442, 482, 'https://www.gutenberg.org/ebooks/10430.kf8.images', 3),
(6443, 482, 'https://www.gutenberg.org/ebooks/10430.kindle.images', 3),
(6444, 482, 'https://www.gutenberg.org/ebooks/10430.kindle.noimages', 3),
(6445, 482, 'https://www.gutenberg.org/ebooks/10430.txt.utf-8', 4),
(6446, 482, 'https://www.gutenberg.org/files/10430/10430.txt', 4),
(6447, 482, 'https://www.gutenberg.org/files/10430/10430.zip', 4),
(6448, 482, 'https://www.gutenberg.org/ebooks/10430.rdf', 5),
(6449, 482, 'https://www.gutenberg.org/cache/epub/10430/pg10430.cover.medium.jpg', 6),
(6450, 482, 'https://www.gutenberg.org/cache/epub/10430/pg10430.cover.small.jpg', 6),
(6451, 482, 'https://www.gutenberg.org/cache/epub/10430/pg10430-h.zip', 7),
(6452, 483, 'https://www.gutenberg.org/ebooks/10431.html.images', 1),
(6453, 483, 'https://www.gutenberg.org/files/10431/10431-h/10431-h.htm', 12),
(6454, 483, 'https://www.gutenberg.org/files/10431/10431-h.zip', 12),
(6455, 483, 'https://www.gutenberg.org/ebooks/10431.epub3.images', 2),
(6456, 483, 'https://www.gutenberg.org/ebooks/10431.epub.images', 2),
(6457, 483, 'https://www.gutenberg.org/ebooks/10431.epub.noimages', 2),
(6458, 483, 'https://www.gutenberg.org/ebooks/10431.kf8.images', 3),
(6459, 483, 'https://www.gutenberg.org/ebooks/10431.kindle.images', 3),
(6460, 483, 'https://www.gutenberg.org/ebooks/10431.kindle.noimages', 3),
(6461, 483, 'https://www.gutenberg.org/ebooks/10431.txt.utf-8', 4),
(6462, 483, 'https://www.gutenberg.org/files/10431/10431.txt', 4),
(6463, 483, 'https://www.gutenberg.org/files/10431/10431.zip', 4),
(6464, 483, 'https://www.gutenberg.org/ebooks/10431.rdf', 5),
(6465, 483, 'https://www.gutenberg.org/cache/epub/10431/pg10431.cover.medium.jpg', 6),
(6466, 483, 'https://www.gutenberg.org/cache/epub/10431/pg10431.cover.small.jpg', 6),
(6467, 483, 'https://www.gutenberg.org/cache/epub/10431/pg10431-h.zip', 7),
(6468, 484, 'https://www.gutenberg.org/ebooks/10432.html.images', 1),
(6469, 484, 'https://www.gutenberg.org/ebooks/10432.html.noimages', 1),
(6470, 484, 'https://www.gutenberg.org/ebooks/10432.epub3.images', 2),
(6471, 484, 'https://www.gutenberg.org/ebooks/10432.epub.images', 2),
(6472, 484, 'https://www.gutenberg.org/ebooks/10432.epub.noimages', 2),
(6473, 484, 'https://www.gutenberg.org/ebooks/10432.kf8.images', 3),
(6474, 484, 'https://www.gutenberg.org/ebooks/10432.kindle.images', 3),
(6475, 484, 'https://www.gutenberg.org/ebooks/10432.kindle.noimages', 3),
(6476, 484, 'https://www.gutenberg.org/ebooks/10432.txt.utf-8', 4),
(6477, 484, 'https://www.gutenberg.org/files/10432/10432.txt', 4),
(6478, 484, 'https://www.gutenberg.org/files/10432/10432.zip', 4),
(6479, 484, 'https://www.gutenberg.org/ebooks/10432.rdf', 5),
(6480, 484, 'https://www.gutenberg.org/cache/epub/10432/pg10432.cover.medium.jpg', 6),
(6481, 484, 'https://www.gutenberg.org/cache/epub/10432/pg10432.cover.small.jpg', 6),
(6482, 484, 'https://www.gutenberg.org/cache/epub/10432/pg10432-h.zip', 7),
(6483, 485, 'https://www.gutenberg.org/ebooks/10433.html.images', 1),
(6484, 485, 'https://www.gutenberg.org/files/10433/10433-h/10433-h.htm', 11),
(6485, 485, 'https://www.gutenberg.org/files/10433/10433-h.zip', 11),
(6486, 485, 'https://www.gutenberg.org/ebooks/10433.epub3.images', 2),
(6487, 485, 'https://www.gutenberg.org/ebooks/10433.epub.images', 2),
(6488, 485, 'https://www.gutenberg.org/ebooks/10433.epub.noimages', 2),
(6489, 485, 'https://www.gutenberg.org/ebooks/10433.kf8.images', 3),
(6490, 485, 'https://www.gutenberg.org/ebooks/10433.kindle.images', 3),
(6491, 485, 'https://www.gutenberg.org/ebooks/10433.kindle.noimages', 3),
(6492, 485, 'https://www.gutenberg.org/ebooks/10433.txt.utf-8', 4),
(6493, 485, 'https://www.gutenberg.org/files/10433/10433.txt', 4),
(6494, 485, 'https://www.gutenberg.org/files/10433/10433.zip', 4),
(6495, 485, 'https://www.gutenberg.org/ebooks/10433.rdf', 5),
(6496, 485, 'https://www.gutenberg.org/cache/epub/10433/pg10433.cover.medium.jpg', 6),
(6497, 485, 'https://www.gutenberg.org/cache/epub/10433/pg10433.cover.small.jpg', 6),
(6498, 485, 'https://www.gutenberg.org/cache/epub/10433/pg10433-h.zip', 7),
(6499, 486, 'https://www.gutenberg.org/ebooks/10434.html.images', 1),
(6500, 486, 'https://www.gutenberg.org/files/10434/10434-h/10434-h.htm', 9),
(6501, 486, 'https://www.gutenberg.org/files/10434/10434-h.zip', 9),
(6502, 486, 'https://www.gutenberg.org/ebooks/10434.epub3.images', 2),
(6503, 486, 'https://www.gutenberg.org/ebooks/10434.epub.images', 2),
(6504, 486, 'https://www.gutenberg.org/ebooks/10434.epub.noimages', 2),
(6505, 486, 'https://www.gutenberg.org/ebooks/10434.kf8.images', 3),
(6506, 486, 'https://www.gutenberg.org/ebooks/10434.kindle.images', 3),
(6507, 486, 'https://www.gutenberg.org/ebooks/10434.kindle.noimages', 3),
(6508, 486, 'https://www.gutenberg.org/ebooks/10434.txt.utf-8', 4),
(6509, 486, 'https://www.gutenberg.org/files/10434/10434-8.txt', 10),
(6510, 486, 'https://www.gutenberg.org/files/10434/10434-8.zip', 10),
(6511, 486, 'https://www.gutenberg.org/files/10434/10434.txt', 4),
(6512, 486, 'https://www.gutenberg.org/files/10434/10434.zip', 4),
(6513, 486, 'https://www.gutenberg.org/ebooks/10434.rdf', 5),
(6514, 486, 'https://www.gutenberg.org/cache/epub/10434/pg10434.cover.medium.jpg', 6),
(6515, 486, 'https://www.gutenberg.org/cache/epub/10434/pg10434.cover.small.jpg', 6),
(6516, 486, 'https://www.gutenberg.org/cache/epub/10434/pg10434-h.zip', 7),
(6517, 487, 'https://www.gutenberg.org/ebooks/10435.html.images', 1),
(6518, 487, 'https://www.gutenberg.org/ebooks/10435.html.noimages', 1),
(6519, 487, 'https://www.gutenberg.org/ebooks/10435.epub3.images', 2),
(6520, 487, 'https://www.gutenberg.org/ebooks/10435.epub.images', 2),
(6521, 487, 'https://www.gutenberg.org/ebooks/10435.epub.noimages', 2),
(6522, 487, 'https://www.gutenberg.org/ebooks/10435.kf8.images', 3),
(6523, 487, 'https://www.gutenberg.org/ebooks/10435.kindle.images', 3),
(6524, 487, 'https://www.gutenberg.org/ebooks/10435.kindle.noimages', 3),
(6525, 487, 'https://www.gutenberg.org/ebooks/10435.txt.utf-8', 4),
(6526, 487, 'https://www.gutenberg.org/files/10435/10435-8.txt', 10),
(6527, 487, 'https://www.gutenberg.org/files/10435/10435-8.zip', 10),
(6528, 487, 'https://www.gutenberg.org/files/10435/10435.txt', 4),
(6529, 487, 'https://www.gutenberg.org/files/10435/10435.zip', 4),
(6530, 487, 'https://www.gutenberg.org/ebooks/10435.rdf', 5),
(6531, 487, 'https://www.gutenberg.org/cache/epub/10435/pg10435.cover.medium.jpg', 6),
(6532, 487, 'https://www.gutenberg.org/cache/epub/10435/pg10435.cover.small.jpg', 6),
(6533, 487, 'https://www.gutenberg.org/cache/epub/10435/pg10435-h.zip', 7),
(6534, 488, 'https://www.gutenberg.org/ebooks/10436.html.images', 1),
(6535, 488, 'https://www.gutenberg.org/files/10436/10436-h/10436-h.htm', 9),
(6536, 488, 'https://www.gutenberg.org/files/10436/10436-h.zip', 1),
(6537, 488, 'https://www.gutenberg.org/ebooks/10436.epub3.images', 2),
(6538, 488, 'https://www.gutenberg.org/ebooks/10436.epub.images', 2),
(6539, 488, 'https://www.gutenberg.org/ebooks/10436.epub.noimages', 2),
(6540, 488, 'https://www.gutenberg.org/ebooks/10436.kf8.images', 3),
(6541, 488, 'https://www.gutenberg.org/ebooks/10436.kindle.images', 3),
(6542, 488, 'https://www.gutenberg.org/ebooks/10436.kindle.noimages', 3),
(6543, 488, 'https://www.gutenberg.org/ebooks/10436.txt.utf-8', 4),
(6544, 488, 'https://www.gutenberg.org/files/10436/10436-8.txt', 10),
(6545, 488, 'https://www.gutenberg.org/files/10436/10436-8.zip', 10),
(6546, 488, 'https://www.gutenberg.org/files/10436/10436.txt', 4),
(6547, 488, 'https://www.gutenberg.org/files/10436/10436.zip', 4),
(6548, 488, 'https://www.gutenberg.org/ebooks/10436.rdf', 5),
(6549, 488, 'https://www.gutenberg.org/cache/epub/10436/pg10436.cover.medium.jpg', 6),
(6550, 488, 'https://www.gutenberg.org/cache/epub/10436/pg10436.cover.small.jpg', 6),
(6551, 488, 'https://www.gutenberg.org/cache/epub/10436/pg10436-h.zip', 7),
(6552, 489, 'https://www.gutenberg.org/ebooks/10437.html.images', 1),
(6553, 489, 'https://www.gutenberg.org/ebooks/10437.html.noimages', 1),
(6554, 489, 'https://www.gutenberg.org/ebooks/10437.epub3.images', 2),
(6555, 489, 'https://www.gutenberg.org/ebooks/10437.epub.images', 2),
(6556, 489, 'https://www.gutenberg.org/ebooks/10437.epub.noimages', 2),
(6557, 489, 'https://www.gutenberg.org/ebooks/10437.kf8.images', 3),
(6558, 489, 'https://www.gutenberg.org/ebooks/10437.kindle.images', 3),
(6559, 489, 'https://www.gutenberg.org/ebooks/10437.kindle.noimages', 3),
(6560, 489, 'https://www.gutenberg.org/ebooks/10437.txt.utf-8', 4),
(6561, 489, 'https://www.gutenberg.org/files/10437/10437-8.txt', 10),
(6562, 489, 'https://www.gutenberg.org/files/10437/10437-8.zip', 10),
(6563, 489, 'https://www.gutenberg.org/files/10437/10437.txt', 4),
(6564, 489, 'https://www.gutenberg.org/files/10437/10437.zip', 4),
(6565, 489, 'https://www.gutenberg.org/ebooks/10437.rdf', 5),
(6566, 489, 'https://www.gutenberg.org/cache/epub/10437/pg10437.cover.medium.jpg', 6),
(6567, 489, 'https://www.gutenberg.org/cache/epub/10437/pg10437.cover.small.jpg', 6),
(6568, 489, 'https://www.gutenberg.org/cache/epub/10437/pg10437-h.zip', 7),
(6569, 490, 'https://www.gutenberg.org/ebooks/10438.html.images', 1),
(6570, 490, 'https://www.gutenberg.org/ebooks/10438.html.noimages', 1),
(6571, 490, 'https://www.gutenberg.org/ebooks/10438.epub3.images', 2),
(6572, 490, 'https://www.gutenberg.org/ebooks/10438.epub.images', 2),
(6573, 490, 'https://www.gutenberg.org/ebooks/10438.epub.noimages', 2),
(6574, 490, 'https://www.gutenberg.org/ebooks/10438.kf8.images', 3),
(6575, 490, 'https://www.gutenberg.org/ebooks/10438.kindle.images', 3),
(6576, 490, 'https://www.gutenberg.org/ebooks/10438.kindle.noimages', 3),
(6577, 490, 'https://www.gutenberg.org/ebooks/10438.txt.utf-8', 4),
(6578, 490, 'https://www.gutenberg.org/files/10438/10438-8.txt', 10),
(6579, 490, 'https://www.gutenberg.org/files/10438/10438-8.zip', 10),
(6580, 490, 'https://www.gutenberg.org/files/10438/10438.txt', 4),
(6581, 490, 'https://www.gutenberg.org/files/10438/10438.zip', 4),
(6582, 490, 'https://www.gutenberg.org/ebooks/10438.rdf', 5),
(6583, 490, 'https://www.gutenberg.org/cache/epub/10438/pg10438.cover.medium.jpg', 6),
(6584, 490, 'https://www.gutenberg.org/cache/epub/10438/pg10438.cover.small.jpg', 6),
(6585, 490, 'https://www.gutenberg.org/cache/epub/10438/pg10438-h.zip', 7),
(6586, 491, 'https://www.gutenberg.org/ebooks/10439.html.images', 1),
(6587, 491, 'https://www.gutenberg.org/ebooks/10439.html.noimages', 1),
(6588, 491, 'https://www.gutenberg.org/ebooks/10439.epub3.images', 2),
(6589, 491, 'https://www.gutenberg.org/ebooks/10439.epub.images', 2),
(6590, 491, 'https://www.gutenberg.org/ebooks/10439.epub.noimages', 2),
(6591, 491, 'https://www.gutenberg.org/ebooks/10439.kf8.images', 3),
(6592, 491, 'https://www.gutenberg.org/ebooks/10439.kindle.images', 3),
(6593, 491, 'https://www.gutenberg.org/ebooks/10439.kindle.noimages', 3),
(6594, 491, 'https://www.gutenberg.org/ebooks/10439.txt.utf-8', 4),
(6595, 491, 'https://www.gutenberg.org/files/10439/10439-8.txt', 10),
(6596, 491, 'https://www.gutenberg.org/files/10439/10439-8.zip', 10),
(6597, 491, 'https://www.gutenberg.org/files/10439/10439.txt', 4),
(6598, 491, 'https://www.gutenberg.org/files/10439/10439.zip', 4),
(6599, 491, 'https://www.gutenberg.org/ebooks/10439.rdf', 5),
(6600, 491, 'https://www.gutenberg.org/cache/epub/10439/pg10439.cover.medium.jpg', 6),
(6601, 491, 'https://www.gutenberg.org/cache/epub/10439/pg10439.cover.small.jpg', 6),
(6602, 491, 'https://www.gutenberg.org/cache/epub/10439/pg10439-h.zip', 7),
(6603, 492, 'https://www.gutenberg.org/ebooks/1044.html.images', 1),
(6604, 492, 'https://www.gutenberg.org/files/1044/1044-h/1044-h.htm', 1),
(6605, 492, 'https://www.gutenberg.org/files/1044/1044-h.zip', 1),
(6606, 492, 'https://www.gutenberg.org/ebooks/1044.epub3.images', 2),
(6607, 492, 'https://www.gutenberg.org/ebooks/1044.epub.images', 2),
(6608, 492, 'https://www.gutenberg.org/ebooks/1044.epub.noimages', 2),
(6609, 492, 'https://www.gutenberg.org/ebooks/1044.kf8.images', 3),
(6610, 492, 'https://www.gutenberg.org/ebooks/1044.kindle.images', 3),
(6611, 492, 'https://www.gutenberg.org/ebooks/1044.kindle.noimages', 3),
(6612, 492, 'https://www.gutenberg.org/ebooks/1044.txt.utf-8', 4),
(6613, 492, 'https://www.gutenberg.org/files/1044/1044-0.txt', 8),
(6614, 492, 'https://www.gutenberg.org/files/1044/1044-0.zip', 8),
(6615, 492, 'https://www.gutenberg.org/ebooks/1044.rdf', 5),
(6616, 492, 'https://www.gutenberg.org/cache/epub/1044/pg1044.cover.medium.jpg', 6),
(6617, 492, 'https://www.gutenberg.org/cache/epub/1044/pg1044.cover.small.jpg', 6),
(6618, 492, 'https://www.gutenberg.org/cache/epub/1044/pg1044-h.zip', 7),
(6619, 493, 'https://www.gutenberg.org/ebooks/10440.html.images', 1),
(6620, 493, 'https://www.gutenberg.org/files/10440/10440-h/10440-h.htm', 9),
(6621, 493, 'https://www.gutenberg.org/files/10440/10440-h.zip', 1),
(6622, 493, 'https://www.gutenberg.org/ebooks/10440.epub3.images', 2),
(6623, 493, 'https://www.gutenberg.org/ebooks/10440.epub.images', 2),
(6624, 493, 'https://www.gutenberg.org/ebooks/10440.epub.noimages', 2),
(6625, 493, 'https://www.gutenberg.org/ebooks/10440.kf8.images', 3),
(6626, 493, 'https://www.gutenberg.org/ebooks/10440.kindle.images', 3),
(6627, 493, 'https://www.gutenberg.org/ebooks/10440.kindle.noimages', 3),
(6628, 493, 'https://www.gutenberg.org/ebooks/10440.txt.utf-8', 4),
(6629, 493, 'https://www.gutenberg.org/files/10440/10440-8.txt', 10),
(6630, 493, 'https://www.gutenberg.org/files/10440/10440-8.zip', 10),
(6631, 493, 'https://www.gutenberg.org/files/10440/10440.txt', 4),
(6632, 493, 'https://www.gutenberg.org/files/10440/10440.zip', 4),
(6633, 493, 'https://www.gutenberg.org/ebooks/10440.rdf', 5),
(6634, 493, 'https://www.gutenberg.org/cache/epub/10440/pg10440.cover.medium.jpg', 6),
(6635, 493, 'https://www.gutenberg.org/cache/epub/10440/pg10440.cover.small.jpg', 6),
(6636, 493, 'https://www.gutenberg.org/cache/epub/10440/pg10440-h.zip', 7),
(6637, 494, 'https://www.gutenberg.org/ebooks/10441.html.images', 1),
(6638, 494, 'https://www.gutenberg.org/files/10441/10441-h/10441-h.htm', 9),
(6639, 494, 'https://www.gutenberg.org/files/10441/10441-h.zip', 1),
(6640, 494, 'https://www.gutenberg.org/ebooks/10441.epub3.images', 2),
(6641, 494, 'https://www.gutenberg.org/ebooks/10441.epub.images', 2),
(6642, 494, 'https://www.gutenberg.org/ebooks/10441.epub.noimages', 2),
(6643, 494, 'https://www.gutenberg.org/ebooks/10441.kf8.images', 3),
(6644, 494, 'https://www.gutenberg.org/ebooks/10441.kindle.images', 3),
(6645, 494, 'https://www.gutenberg.org/ebooks/10441.kindle.noimages', 3),
(6646, 494, 'https://www.gutenberg.org/ebooks/10441.txt.utf-8', 4),
(6647, 494, 'https://www.gutenberg.org/files/10441/10441-8.txt', 10),
(6648, 494, 'https://www.gutenberg.org/files/10441/10441-8.zip', 10),
(6649, 494, 'https://www.gutenberg.org/files/10441/10441.txt', 4),
(6650, 494, 'https://www.gutenberg.org/files/10441/10441.zip', 4),
(6651, 494, 'https://www.gutenberg.org/ebooks/10441.rdf', 5),
(6652, 494, 'https://www.gutenberg.org/cache/epub/10441/pg10441.cover.medium.jpg', 6),
(6653, 494, 'https://www.gutenberg.org/cache/epub/10441/pg10441.cover.small.jpg', 6),
(6654, 494, 'https://www.gutenberg.org/cache/epub/10441/pg10441-h.zip', 7),
(6655, 495, 'https://www.gutenberg.org/ebooks/10442.html.images', 1),
(6656, 495, 'https://www.gutenberg.org/ebooks/10442.html.noimages', 1),
(6657, 495, 'https://www.gutenberg.org/ebooks/10442.epub3.images', 2),
(6658, 495, 'https://www.gutenberg.org/ebooks/10442.epub.images', 2),
(6659, 495, 'https://www.gutenberg.org/ebooks/10442.epub.noimages', 2),
(6660, 495, 'https://www.gutenberg.org/ebooks/10442.kf8.images', 3),
(6661, 495, 'https://www.gutenberg.org/ebooks/10442.kindle.images', 3),
(6662, 495, 'https://www.gutenberg.org/ebooks/10442.kindle.noimages', 3),
(6663, 495, 'https://www.gutenberg.org/ebooks/10442.txt.utf-8', 4),
(6664, 495, 'https://www.gutenberg.org/files/10442/10442-8.txt', 10),
(6665, 495, 'https://www.gutenberg.org/files/10442/10442-8.zip', 10),
(6666, 495, 'https://www.gutenberg.org/files/10442/10442.txt', 4),
(6667, 495, 'https://www.gutenberg.org/files/10442/10442.zip', 4),
(6668, 495, 'https://www.gutenberg.org/ebooks/10442.rdf', 5),
(6669, 495, 'https://www.gutenberg.org/cache/epub/10442/pg10442.cover.medium.jpg', 6),
(6670, 495, 'https://www.gutenberg.org/cache/epub/10442/pg10442.cover.small.jpg', 6),
(6671, 495, 'https://www.gutenberg.org/cache/epub/10442/pg10442-h.zip', 7),
(6672, 496, 'https://www.gutenberg.org/ebooks/10443.html.images', 1),
(6673, 496, 'https://www.gutenberg.org/ebooks/10443.html.noimages', 1),
(6674, 496, 'https://www.gutenberg.org/ebooks/10443.epub3.images', 2),
(6675, 496, 'https://www.gutenberg.org/ebooks/10443.epub.images', 2),
(6676, 496, 'https://www.gutenberg.org/ebooks/10443.epub.noimages', 2),
(6677, 496, 'https://www.gutenberg.org/ebooks/10443.kf8.images', 3),
(6678, 496, 'https://www.gutenberg.org/ebooks/10443.kindle.images', 3),
(6679, 496, 'https://www.gutenberg.org/ebooks/10443.kindle.noimages', 3),
(6680, 496, 'https://www.gutenberg.org/ebooks/10443.txt.utf-8', 4),
(6681, 496, 'https://www.gutenberg.org/files/10443/10443-8.txt', 10),
(6682, 496, 'https://www.gutenberg.org/files/10443/10443-8.zip', 10),
(6683, 496, 'https://www.gutenberg.org/files/10443/10443.txt', 4),
(6684, 496, 'https://www.gutenberg.org/files/10443/10443.zip', 4),
(6685, 496, 'https://www.gutenberg.org/ebooks/10443.rdf', 5),
(6686, 496, 'https://www.gutenberg.org/cache/epub/10443/pg10443.cover.medium.jpg', 6),
(6687, 496, 'https://www.gutenberg.org/cache/epub/10443/pg10443.cover.small.jpg', 6),
(6688, 496, 'https://www.gutenberg.org/cache/epub/10443/pg10443-h.zip', 7),
(6689, 497, 'https://www.gutenberg.org/ebooks/10444.html.images', 1),
(6690, 497, 'https://www.gutenberg.org/ebooks/10444.html.noimages', 1),
(6691, 497, 'https://www.gutenberg.org/ebooks/10444.epub3.images', 2),
(6692, 497, 'https://www.gutenberg.org/ebooks/10444.epub.images', 2),
(6693, 497, 'https://www.gutenberg.org/ebooks/10444.epub.noimages', 2),
(6694, 497, 'https://www.gutenberg.org/ebooks/10444.kf8.images', 3),
(6695, 497, 'https://www.gutenberg.org/ebooks/10444.kindle.images', 3),
(6696, 497, 'https://www.gutenberg.org/ebooks/10444.kindle.noimages', 3),
(6697, 497, 'https://www.gutenberg.org/ebooks/10444.txt.utf-8', 4),
(6698, 497, 'https://www.gutenberg.org/files/10444/10444-8.txt', 10),
(6699, 497, 'https://www.gutenberg.org/files/10444/10444-8.zip', 10),
(6700, 497, 'https://www.gutenberg.org/files/10444/10444.txt', 4),
(6701, 497, 'https://www.gutenberg.org/files/10444/10444.zip', 4),
(6702, 497, 'https://www.gutenberg.org/ebooks/10444.rdf', 5),
(6703, 497, 'https://www.gutenberg.org/cache/epub/10444/pg10444.cover.medium.jpg', 6),
(6704, 497, 'https://www.gutenberg.org/cache/epub/10444/pg10444.cover.small.jpg', 6),
(6705, 497, 'https://www.gutenberg.org/cache/epub/10444/pg10444-h.zip', 7),
(6706, 498, 'https://www.gutenberg.org/ebooks/10445.html.images', 1),
(6707, 498, 'https://www.gutenberg.org/ebooks/10445.html.noimages', 1),
(6708, 498, 'https://www.gutenberg.org/ebooks/10445.epub3.images', 2),
(6709, 498, 'https://www.gutenberg.org/ebooks/10445.epub.images', 2),
(6710, 498, 'https://www.gutenberg.org/ebooks/10445.epub.noimages', 2),
(6711, 498, 'https://www.gutenberg.org/ebooks/10445.kf8.images', 3),
(6712, 498, 'https://www.gutenberg.org/ebooks/10445.kindle.images', 3),
(6713, 498, 'https://www.gutenberg.org/ebooks/10445.kindle.noimages', 3),
(6714, 498, 'https://www.gutenberg.org/ebooks/10445.txt.utf-8', 4),
(6715, 498, 'https://www.gutenberg.org/files/10445/10445-8.txt', 10),
(6716, 498, 'https://www.gutenberg.org/files/10445/10445-8.zip', 10),
(6717, 498, 'https://www.gutenberg.org/files/10445/10445.txt', 4),
(6718, 498, 'https://www.gutenberg.org/files/10445/10445.zip', 4),
(6719, 498, 'https://www.gutenberg.org/ebooks/10445.rdf', 5),
(6720, 498, 'https://www.gutenberg.org/cache/epub/10445/pg10445.cover.medium.jpg', 6),
(6721, 498, 'https://www.gutenberg.org/cache/epub/10445/pg10445.cover.small.jpg', 6),
(6722, 498, 'https://www.gutenberg.org/cache/epub/10445/pg10445-h.zip', 7),
(6723, 499, 'https://www.gutenberg.org/ebooks/10446.html.images', 1),
(6724, 499, 'https://www.gutenberg.org/files/10446/10446-h/10446-h.htm', 1),
(6725, 499, 'https://www.gutenberg.org/ebooks/10446.epub3.images', 2),
(6726, 499, 'https://www.gutenberg.org/ebooks/10446.epub.images', 2),
(6727, 499, 'https://www.gutenberg.org/ebooks/10446.epub.noimages', 2),
(6728, 499, 'https://www.gutenberg.org/ebooks/10446.kf8.images', 3),
(6729, 499, 'https://www.gutenberg.org/ebooks/10446.kindle.images', 3),
(6730, 499, 'https://www.gutenberg.org/ebooks/10446.kindle.noimages', 3),
(6731, 499, 'https://www.gutenberg.org/ebooks/10446.txt.utf-8', 4),
(6732, 499, 'https://www.gutenberg.org/files/10446/10446-0.txt', 4),
(6733, 499, 'https://www.gutenberg.org/ebooks/10446.rdf', 5),
(6734, 499, 'https://www.gutenberg.org/cache/epub/10446/pg10446.cover.medium.jpg', 6),
(6735, 499, 'https://www.gutenberg.org/cache/epub/10446/pg10446.cover.small.jpg', 6),
(6736, 499, 'https://www.gutenberg.org/cache/epub/10446/pg10446-h.zip', 7),
(6737, 500, 'https://www.gutenberg.org/ebooks/10447.html.images', 1),
(6738, 500, 'https://www.gutenberg.org/ebooks/10447.html.noimages', 1),
(6739, 500, 'https://www.gutenberg.org/ebooks/10447.epub3.images', 2),
(6740, 500, 'https://www.gutenberg.org/ebooks/10447.epub.images', 2),
(6741, 500, 'https://www.gutenberg.org/ebooks/10447.epub.noimages', 2),
(6742, 500, 'https://www.gutenberg.org/ebooks/10447.kf8.images', 3),
(6743, 500, 'https://www.gutenberg.org/ebooks/10447.kindle.images', 3),
(6744, 500, 'https://www.gutenberg.org/ebooks/10447.kindle.noimages', 3),
(6745, 500, 'https://www.gutenberg.org/ebooks/10447.txt.utf-8', 4),
(6746, 500, 'https://www.gutenberg.org/files/10447/10447-8.txt', 10),
(6747, 500, 'https://www.gutenberg.org/files/10447/10447-8.zip', 10),
(6748, 500, 'https://www.gutenberg.org/files/10447/10447.txt', 4),
(6749, 500, 'https://www.gutenberg.org/files/10447/10447.zip', 4),
(6750, 500, 'https://www.gutenberg.org/ebooks/10447.rdf', 5),
(6751, 500, 'https://www.gutenberg.org/cache/epub/10447/pg10447.cover.medium.jpg', 6),
(6752, 500, 'https://www.gutenberg.org/cache/epub/10447/pg10447.cover.small.jpg', 6),
(6753, 500, 'https://www.gutenberg.org/cache/epub/10447/pg10447-h.zip', 7),
(6754, 501, 'https://www.gutenberg.org/ebooks/10448.html.images', 1),
(6755, 501, 'https://www.gutenberg.org/ebooks/10448.html.noimages', 1),
(6756, 501, 'https://www.gutenberg.org/ebooks/10448.epub3.images', 2),
(6757, 501, 'https://www.gutenberg.org/ebooks/10448.epub.images', 2),
(6758, 501, 'https://www.gutenberg.org/ebooks/10448.epub.noimages', 2),
(6759, 501, 'https://www.gutenberg.org/ebooks/10448.kf8.images', 3),
(6760, 501, 'https://www.gutenberg.org/ebooks/10448.kindle.images', 3),
(6761, 501, 'https://www.gutenberg.org/ebooks/10448.kindle.noimages', 3),
(6762, 501, 'https://www.gutenberg.org/ebooks/10448.txt.utf-8', 4),
(6763, 501, 'https://www.gutenberg.org/files/10448/10448.txt', 4),
(6764, 501, 'https://www.gutenberg.org/files/10448/10448.zip', 4),
(6765, 501, 'https://www.gutenberg.org/ebooks/10448.rdf', 5),
(6766, 501, 'https://www.gutenberg.org/cache/epub/10448/pg10448.cover.medium.jpg', 6),
(6767, 501, 'https://www.gutenberg.org/cache/epub/10448/pg10448.cover.small.jpg', 6),
(6768, 501, 'https://www.gutenberg.org/cache/epub/10448/pg10448-h.zip', 7),
(6769, 502, 'https://www.gutenberg.org/ebooks/10449.html.images', 1),
(6770, 502, 'https://www.gutenberg.org/ebooks/10449.html.noimages', 1),
(6771, 502, 'https://www.gutenberg.org/ebooks/10449.epub3.images', 2),
(6772, 502, 'https://www.gutenberg.org/ebooks/10449.epub.images', 2),
(6773, 502, 'https://www.gutenberg.org/ebooks/10449.epub.noimages', 2),
(6774, 502, 'https://www.gutenberg.org/ebooks/10449.kf8.images', 3),
(6775, 502, 'https://www.gutenberg.org/ebooks/10449.kindle.images', 3),
(6776, 502, 'https://www.gutenberg.org/ebooks/10449.kindle.noimages', 3),
(6777, 502, 'https://www.gutenberg.org/ebooks/10449.txt.utf-8', 4),
(6778, 502, 'https://www.gutenberg.org/files/10449/10449.txt', 4),
(6779, 502, 'https://www.gutenberg.org/files/10449/10449.zip', 4),
(6780, 502, 'https://www.gutenberg.org/ebooks/10449.rdf', 5),
(6781, 502, 'https://www.gutenberg.org/cache/epub/10449/pg10449.cover.medium.jpg', 6),
(6782, 502, 'https://www.gutenberg.org/cache/epub/10449/pg10449.cover.small.jpg', 6),
(6783, 502, 'https://www.gutenberg.org/cache/epub/10449/pg10449-h.zip', 7),
(6784, 503, 'https://www.gutenberg.org/ebooks/1045.html.images', 1),
(6785, 503, 'https://www.gutenberg.org/files/1045/1045-h/1045-h.htm', 1),
(6786, 503, 'https://www.gutenberg.org/ebooks/1045.epub3.images', 2),
(6787, 503, 'https://www.gutenberg.org/ebooks/1045.epub.images', 2),
(6788, 503, 'https://www.gutenberg.org/ebooks/1045.epub.noimages', 2),
(6789, 503, 'https://www.gutenberg.org/ebooks/1045.kf8.images', 3),
(6790, 503, 'https://www.gutenberg.org/ebooks/1045.kindle.images', 3),
(6791, 503, 'https://www.gutenberg.org/ebooks/1045.kindle.noimages', 3),
(6792, 503, 'https://www.gutenberg.org/ebooks/1045.txt.utf-8', 4),
(6793, 503, 'https://www.gutenberg.org/files/1045/1045-0.txt', 4),
(6794, 503, 'https://www.gutenberg.org/ebooks/1045.rdf', 5),
(6795, 503, 'https://www.gutenberg.org/cache/epub/1045/pg1045.cover.medium.jpg', 6),
(6796, 503, 'https://www.gutenberg.org/cache/epub/1045/pg1045.cover.small.jpg', 6),
(6797, 503, 'https://www.gutenberg.org/cache/epub/1045/pg1045-h.zip', 7),
(6798, 504, 'https://www.gutenberg.org/ebooks/10450.html.images', 1),
(6799, 504, 'https://www.gutenberg.org/files/10450/10450-h/10450-h.htm', 9),
(6800, 504, 'https://www.gutenberg.org/files/10450/10450-h.zip', 1),
(6801, 504, 'https://www.gutenberg.org/ebooks/10450.epub3.images', 2),
(6802, 504, 'https://www.gutenberg.org/ebooks/10450.epub.images', 2),
(6803, 504, 'https://www.gutenberg.org/ebooks/10450.epub.noimages', 2),
(6804, 504, 'https://www.gutenberg.org/ebooks/10450.kf8.images', 3),
(6805, 504, 'https://www.gutenberg.org/ebooks/10450.kindle.images', 3),
(6806, 504, 'https://www.gutenberg.org/ebooks/10450.kindle.noimages', 3),
(6807, 504, 'https://www.gutenberg.org/ebooks/10450.txt.utf-8', 4),
(6808, 504, 'https://www.gutenberg.org/files/10450/10450-8.txt', 10),
(6809, 504, 'https://www.gutenberg.org/files/10450/10450-8.zip', 10),
(6810, 504, 'https://www.gutenberg.org/files/10450/10450.txt', 4),
(6811, 504, 'https://www.gutenberg.org/files/10450/10450.zip', 4),
(6812, 504, 'https://www.gutenberg.org/ebooks/10450.rdf', 5),
(6813, 504, 'https://www.gutenberg.org/cache/epub/10450/pg10450.cover.medium.jpg', 6),
(6814, 504, 'https://www.gutenberg.org/cache/epub/10450/pg10450.cover.small.jpg', 6),
(6815, 504, 'https://www.gutenberg.org/cache/epub/10450/pg10450-h.zip', 7),
(6816, 505, 'https://www.gutenberg.org/ebooks/10451.html.images', 1),
(6817, 505, 'https://www.gutenberg.org/files/10451/10451-h/10451-h.htm', 9),
(6818, 505, 'https://www.gutenberg.org/files/10451/10451-h.zip', 9),
(6819, 505, 'https://www.gutenberg.org/ebooks/10451.epub3.images', 2),
(6820, 505, 'https://www.gutenberg.org/ebooks/10451.epub.images', 2),
(6821, 505, 'https://www.gutenberg.org/ebooks/10451.epub.noimages', 2),
(6822, 505, 'https://www.gutenberg.org/ebooks/10451.kf8.images', 3),
(6823, 505, 'https://www.gutenberg.org/ebooks/10451.kindle.images', 3),
(6824, 505, 'https://www.gutenberg.org/ebooks/10451.kindle.noimages', 3),
(6825, 505, 'https://www.gutenberg.org/ebooks/10451.txt.utf-8', 4),
(6826, 505, 'https://www.gutenberg.org/files/10451/10451-8.txt', 10),
(6827, 505, 'https://www.gutenberg.org/files/10451/10451-8.zip', 10),
(6828, 505, 'https://www.gutenberg.org/files/10451/10451.txt', 4),
(6829, 505, 'https://www.gutenberg.org/files/10451/10451.zip', 4),
(6830, 505, 'https://www.gutenberg.org/ebooks/10451.rdf', 5),
(6831, 505, 'https://www.gutenberg.org/cache/epub/10451/pg10451.cover.medium.jpg', 6),
(6832, 505, 'https://www.gutenberg.org/cache/epub/10451/pg10451.cover.small.jpg', 6),
(6833, 505, 'https://www.gutenberg.org/cache/epub/10451/pg10451-h.zip', 7),
(6834, 506, 'https://www.gutenberg.org/ebooks/10452.html.images', 1),
(6835, 506, 'https://www.gutenberg.org/ebooks/10452.html.noimages', 1),
(6836, 506, 'https://www.gutenberg.org/ebooks/10452.epub3.images', 2),
(6837, 506, 'https://www.gutenberg.org/ebooks/10452.epub.images', 2),
(6838, 506, 'https://www.gutenberg.org/ebooks/10452.epub.noimages', 2),
(6839, 506, 'https://www.gutenberg.org/ebooks/10452.kf8.images', 3),
(6840, 506, 'https://www.gutenberg.org/ebooks/10452.kindle.images', 3),
(6841, 506, 'https://www.gutenberg.org/ebooks/10452.kindle.noimages', 3),
(6842, 506, 'https://www.gutenberg.org/ebooks/10452.txt.utf-8', 4),
(6843, 506, 'https://www.gutenberg.org/files/10452/10452-8.txt', 10),
(6844, 506, 'https://www.gutenberg.org/files/10452/10452-8.zip', 10),
(6845, 506, 'https://www.gutenberg.org/files/10452/10452.txt', 4),
(6846, 506, 'https://www.gutenberg.org/files/10452/10452.zip', 4),
(6847, 506, 'https://www.gutenberg.org/ebooks/10452.rdf', 5),
(6848, 506, 'https://www.gutenberg.org/cache/epub/10452/pg10452.cover.medium.jpg', 6),
(6849, 506, 'https://www.gutenberg.org/cache/epub/10452/pg10452.cover.small.jpg', 6),
(6850, 506, 'https://www.gutenberg.org/cache/epub/10452/pg10452-h.zip', 7),
(6851, 507, 'https://www.gutenberg.org/ebooks/10453.html.images', 1),
(6852, 507, 'https://www.gutenberg.org/files/10453/10453-h/10453-h.htm', 12),
(6853, 507, 'https://www.gutenberg.org/files/10453/10453-h.zip', 12),
(6854, 507, 'https://www.gutenberg.org/ebooks/10453.epub3.images', 2),
(6855, 507, 'https://www.gutenberg.org/ebooks/10453.epub.images', 2),
(6856, 507, 'https://www.gutenberg.org/ebooks/10453.epub.noimages', 2),
(6857, 507, 'https://www.gutenberg.org/ebooks/10453.kf8.images', 3),
(6858, 507, 'https://www.gutenberg.org/ebooks/10453.kindle.images', 3),
(6859, 507, 'https://www.gutenberg.org/ebooks/10453.kindle.noimages', 3),
(6860, 507, 'https://www.gutenberg.org/ebooks/10453.txt.utf-8', 4),
(6861, 507, 'https://www.gutenberg.org/files/10453/10453-0.txt', 8),
(6862, 507, 'https://www.gutenberg.org/files/10453/phys-0.txt', 8),
(6863, 507, 'https://www.gutenberg.org/files/10453/10453-0.zip', 8),
(6864, 507, 'https://www.gutenberg.org/files/10453/phys-0.zip', 8),
(6865, 507, 'https://www.gutenberg.org/files/10453/10453-8.txt', 10),
(6866, 507, 'https://www.gutenberg.org/files/10453/10453-8.zip', 10),
(6867, 507, 'https://www.gutenberg.org/files/10453/10453.txt', 4),
(6868, 507, 'https://www.gutenberg.org/files/10453/10453.zip', 4),
(6869, 507, 'https://www.gutenberg.org/ebooks/10453.rdf', 5),
(6870, 507, 'https://www.gutenberg.org/cache/epub/10453/pg10453.cover.medium.jpg', 6),
(6871, 507, 'https://www.gutenberg.org/cache/epub/10453/pg10453.cover.small.jpg', 6),
(6872, 507, 'https://www.gutenberg.org/cache/epub/10453/pg10453-h.zip', 7),
(6873, 508, 'https://www.gutenberg.org/ebooks/10454.html.images', 1),
(6874, 508, 'https://www.gutenberg.org/ebooks/10454.html.noimages', 1),
(6875, 508, 'https://www.gutenberg.org/ebooks/10454.epub3.images', 2),
(6876, 508, 'https://www.gutenberg.org/ebooks/10454.epub.images', 2),
(6877, 508, 'https://www.gutenberg.org/ebooks/10454.epub.noimages', 2),
(6878, 508, 'https://www.gutenberg.org/ebooks/10454.kf8.images', 3),
(6879, 508, 'https://www.gutenberg.org/ebooks/10454.kindle.images', 3),
(6880, 508, 'https://www.gutenberg.org/ebooks/10454.kindle.noimages', 3),
(6881, 508, 'https://www.gutenberg.org/ebooks/10454.txt.utf-8', 4),
(6882, 508, 'https://www.gutenberg.org/files/10454/10454-8.txt', 10),
(6883, 508, 'https://www.gutenberg.org/files/10454/10454-8.zip', 10),
(6884, 508, 'https://www.gutenberg.org/files/10454/10454.txt', 4),
(6885, 508, 'https://www.gutenberg.org/files/10454/10454.zip', 4),
(6886, 508, 'https://www.gutenberg.org/ebooks/10454.rdf', 5),
(6887, 508, 'https://www.gutenberg.org/cache/epub/10454/pg10454.cover.medium.jpg', 6),
(6888, 508, 'https://www.gutenberg.org/cache/epub/10454/pg10454.cover.small.jpg', 6),
(6889, 508, 'https://www.gutenberg.org/cache/epub/10454/pg10454-h.zip', 7),
(6890, 509, 'https://www.gutenberg.org/ebooks/10455.html.images', 1),
(6891, 509, 'https://www.gutenberg.org/ebooks/10455.html.noimages', 1),
(6892, 509, 'https://www.gutenberg.org/ebooks/10455.epub3.images', 2),
(6893, 509, 'https://www.gutenberg.org/ebooks/10455.epub.images', 2),
(6894, 509, 'https://www.gutenberg.org/ebooks/10455.epub.noimages', 2),
(6895, 509, 'https://www.gutenberg.org/ebooks/10455.kf8.images', 3),
(6896, 509, 'https://www.gutenberg.org/ebooks/10455.kindle.images', 3),
(6897, 509, 'https://www.gutenberg.org/ebooks/10455.kindle.noimages', 3),
(6898, 509, 'https://www.gutenberg.org/ebooks/10455.txt.utf-8', 4),
(6899, 509, 'https://www.gutenberg.org/files/10455/10455-8.txt', 10),
(6900, 509, 'https://www.gutenberg.org/files/10455/10455-8.zip', 10),
(6901, 509, 'https://www.gutenberg.org/files/10455/10455.txt', 4),
(6902, 509, 'https://www.gutenberg.org/files/10455/10455.zip', 4),
(6903, 509, 'https://www.gutenberg.org/ebooks/10455.rdf', 5),
(6904, 509, 'https://www.gutenberg.org/cache/epub/10455/pg10455.cover.medium.jpg', 6),
(6905, 509, 'https://www.gutenberg.org/cache/epub/10455/pg10455.cover.small.jpg', 6),
(6906, 509, 'https://www.gutenberg.org/cache/epub/10455/pg10455-h.zip', 7),
(6907, 510, 'https://www.gutenberg.org/ebooks/10456.html.images', 1),
(6908, 510, 'https://www.gutenberg.org/ebooks/10456.html.noimages', 1),
(6909, 510, 'https://www.gutenberg.org/ebooks/10456.epub3.images', 2),
(6910, 510, 'https://www.gutenberg.org/ebooks/10456.epub.images', 2),
(6911, 510, 'https://www.gutenberg.org/ebooks/10456.epub.noimages', 2),
(6912, 510, 'https://www.gutenberg.org/ebooks/10456.kf8.images', 3),
(6913, 510, 'https://www.gutenberg.org/ebooks/10456.kindle.images', 3),
(6914, 510, 'https://www.gutenberg.org/ebooks/10456.kindle.noimages', 3),
(6915, 510, 'https://www.gutenberg.org/ebooks/10456.txt.utf-8', 4),
(6916, 510, 'https://www.gutenberg.org/files/10456/10456-8.txt', 10),
(6917, 510, 'https://www.gutenberg.org/files/10456/10456-8.zip', 10),
(6918, 510, 'https://www.gutenberg.org/files/10456/10456.txt', 4),
(6919, 510, 'https://www.gutenberg.org/files/10456/10456.zip', 4),
(6920, 510, 'https://www.gutenberg.org/ebooks/10456.rdf', 5),
(6921, 510, 'https://www.gutenberg.org/cache/epub/10456/pg10456.cover.medium.jpg', 6),
(6922, 510, 'https://www.gutenberg.org/cache/epub/10456/pg10456.cover.small.jpg', 6),
(6923, 510, 'https://www.gutenberg.org/cache/epub/10456/pg10456-h.zip', 7),
(6924, 511, 'https://www.gutenberg.org/ebooks/10457.html.images', 1),
(6925, 511, 'https://www.gutenberg.org/ebooks/10457.html.noimages', 1),
(6926, 511, 'https://www.gutenberg.org/ebooks/10457.epub3.images', 2),
(6927, 511, 'https://www.gutenberg.org/ebooks/10457.epub.images', 2),
(6928, 511, 'https://www.gutenberg.org/ebooks/10457.epub.noimages', 2),
(6929, 511, 'https://www.gutenberg.org/ebooks/10457.kf8.images', 3),
(6930, 511, 'https://www.gutenberg.org/ebooks/10457.kindle.images', 3),
(6931, 511, 'https://www.gutenberg.org/ebooks/10457.kindle.noimages', 3),
(6932, 511, 'https://www.gutenberg.org/ebooks/10457.txt.utf-8', 4),
(6933, 511, 'https://www.gutenberg.org/files/10457/10457.txt', 4),
(6934, 511, 'https://www.gutenberg.org/files/10457/10457.zip', 4),
(6935, 511, 'https://www.gutenberg.org/ebooks/10457.rdf', 5),
(6936, 511, 'https://www.gutenberg.org/cache/epub/10457/pg10457.cover.medium.jpg', 6),
(6937, 511, 'https://www.gutenberg.org/cache/epub/10457/pg10457.cover.small.jpg', 6),
(6938, 511, 'https://www.gutenberg.org/cache/epub/10457/pg10457-h.zip', 7),
(6939, 512, 'https://www.gutenberg.org/ebooks/10458.html.images', 1),
(6940, 512, 'https://www.gutenberg.org/files/10458/10458-h/10458-h.htm', 12),
(6941, 512, 'https://www.gutenberg.org/files/10458/10458-h.zip', 12),
(6942, 512, 'https://www.gutenberg.org/ebooks/10458.epub3.images', 2),
(6943, 512, 'https://www.gutenberg.org/ebooks/10458.epub.images', 2),
(6944, 512, 'https://www.gutenberg.org/ebooks/10458.epub.noimages', 2),
(6945, 512, 'https://www.gutenberg.org/ebooks/10458.kf8.images', 3),
(6946, 512, 'https://www.gutenberg.org/ebooks/10458.kindle.images', 3),
(6947, 512, 'https://www.gutenberg.org/ebooks/10458.kindle.noimages', 3),
(6948, 512, 'https://www.gutenberg.org/ebooks/10458.txt.utf-8', 4),
(6949, 512, 'https://www.gutenberg.org/files/10458/10458-8.txt', 10),
(6950, 512, 'https://www.gutenberg.org/files/10458/10458-8.zip', 10),
(6951, 512, 'https://www.gutenberg.org/files/10458/10458.txt', 4),
(6952, 512, 'https://www.gutenberg.org/files/10458/10458.zip', 4),
(6953, 512, 'https://www.gutenberg.org/ebooks/10458.rdf', 5),
(6954, 512, 'https://www.gutenberg.org/cache/epub/10458/pg10458.cover.medium.jpg', 6),
(6955, 512, 'https://www.gutenberg.org/cache/epub/10458/pg10458.cover.small.jpg', 6),
(6956, 512, 'https://www.gutenberg.org/cache/epub/10458/pg10458-h.zip', 7),
(6957, 513, 'https://www.gutenberg.org/ebooks/10459.html.images', 1),
(6958, 513, 'https://www.gutenberg.org/ebooks/10459.html.noimages', 1),
(6959, 513, 'https://www.gutenberg.org/ebooks/10459.epub3.images', 2),
(6960, 513, 'https://www.gutenberg.org/ebooks/10459.epub.images', 2),
(6961, 513, 'https://www.gutenberg.org/ebooks/10459.epub.noimages', 2),
(6962, 513, 'https://www.gutenberg.org/ebooks/10459.kf8.images', 3),
(6963, 513, 'https://www.gutenberg.org/ebooks/10459.kindle.images', 3),
(6964, 513, 'https://www.gutenberg.org/ebooks/10459.kindle.noimages', 3),
(6965, 513, 'https://www.gutenberg.org/ebooks/10459.txt.utf-8', 4),
(6966, 513, 'https://www.gutenberg.org/files/10459/10459.txt', 4),
(6967, 513, 'https://www.gutenberg.org/files/10459/10459.zip', 4),
(6968, 513, 'https://www.gutenberg.org/ebooks/10459.rdf', 5),
(6969, 513, 'https://www.gutenberg.org/cache/epub/10459/pg10459.cover.medium.jpg', 6),
(6970, 513, 'https://www.gutenberg.org/cache/epub/10459/pg10459.cover.small.jpg', 6),
(6971, 513, 'https://www.gutenberg.org/cache/epub/10459/pg10459-h.zip', 7),
(6972, 514, 'https://www.gutenberg.org/ebooks/1046.html.images', 1),
(6973, 514, 'https://www.gutenberg.org/files/1046/1046-h/1046-h.htm', 12),
(6974, 514, 'https://www.gutenberg.org/files/1046/1046-h.zip', 12),
(6975, 514, 'https://www.gutenberg.org/ebooks/1046.epub3.images', 2),
(6976, 514, 'https://www.gutenberg.org/ebooks/1046.epub.images', 2),
(6977, 514, 'https://www.gutenberg.org/ebooks/1046.epub.noimages', 2),
(6978, 514, 'https://www.gutenberg.org/ebooks/1046.kf8.images', 3),
(6979, 514, 'https://www.gutenberg.org/ebooks/1046.kindle.images', 3),
(6980, 514, 'https://www.gutenberg.org/ebooks/1046.kindle.noimages', 3),
(6981, 514, 'https://www.gutenberg.org/ebooks/1046.txt.utf-8', 4),
(6982, 514, 'https://www.gutenberg.org/files/1046/1046-0.txt', 8),
(6983, 514, 'https://www.gutenberg.org/files/1046/1046-0.zip', 8),
(6984, 514, 'https://www.gutenberg.org/files/1046/1046.txt', 4),
(6985, 514, 'https://www.gutenberg.org/files/1046/1046.zip', 4),
(6986, 514, 'https://www.gutenberg.org/ebooks/1046.rdf', 5),
(6987, 514, 'https://www.gutenberg.org/cache/epub/1046/pg1046.cover.medium.jpg', 6),
(6988, 514, 'https://www.gutenberg.org/cache/epub/1046/pg1046.cover.small.jpg', 6),
(6989, 514, 'https://www.gutenberg.org/cache/epub/1046/pg1046-h.zip', 7),
(6990, 515, 'https://www.gutenberg.org/ebooks/10460.html.images', 1),
(6991, 515, 'https://www.gutenberg.org/ebooks/10460.html.noimages', 1),
(6992, 515, 'https://www.gutenberg.org/ebooks/10460.epub3.images', 2),
(6993, 515, 'https://www.gutenberg.org/ebooks/10460.epub.images', 2),
(6994, 515, 'https://www.gutenberg.org/ebooks/10460.epub.noimages', 2),
(6995, 515, 'https://www.gutenberg.org/ebooks/10460.kf8.images', 3),
(6996, 515, 'https://www.gutenberg.org/ebooks/10460.kindle.images', 3),
(6997, 515, 'https://www.gutenberg.org/ebooks/10460.kindle.noimages', 3),
(6998, 515, 'https://www.gutenberg.org/ebooks/10460.txt.utf-8', 4),
(6999, 515, 'https://www.gutenberg.org/files/10460/10460.txt', 4),
(7000, 515, 'https://www.gutenberg.org/files/10460/10460.zip', 4),
(7001, 515, 'https://www.gutenberg.org/ebooks/10460.rdf', 5),
(7002, 515, 'https://www.gutenberg.org/cache/epub/10460/pg10460.cover.medium.jpg', 6),
(7003, 515, 'https://www.gutenberg.org/cache/epub/10460/pg10460.cover.small.jpg', 6),
(7004, 515, 'https://www.gutenberg.org/cache/epub/10460/pg10460-h.zip', 7),
(7005, 516, 'https://www.gutenberg.org/ebooks/10461.html.images', 1),
(7006, 516, 'https://www.gutenberg.org/files/10461/10461-h/10461-h.htm', 9),
(7007, 516, 'https://www.gutenberg.org/files/10461/10461-h.zip', 9),
(7008, 516, 'https://www.gutenberg.org/ebooks/10461.epub3.images', 2),
(7009, 516, 'https://www.gutenberg.org/ebooks/10461.epub.images', 2),
(7010, 516, 'https://www.gutenberg.org/ebooks/10461.epub.noimages', 2),
(7011, 516, 'https://www.gutenberg.org/ebooks/10461.kf8.images', 3),
(7012, 516, 'https://www.gutenberg.org/ebooks/10461.kindle.images', 3),
(7013, 516, 'https://www.gutenberg.org/ebooks/10461.kindle.noimages', 3),
(7014, 516, 'https://www.gutenberg.org/ebooks/10461.txt.utf-8', 4),
(7015, 516, 'https://www.gutenberg.org/files/10461/10461.txt', 4),
(7016, 516, 'https://www.gutenberg.org/files/10461/10461.zip', 4),
(7017, 516, 'https://www.gutenberg.org/ebooks/10461.rdf', 5),
(7018, 516, 'https://www.gutenberg.org/cache/epub/10461/pg10461.cover.medium.jpg', 6),
(7019, 516, 'https://www.gutenberg.org/cache/epub/10461/pg10461.cover.small.jpg', 6),
(7020, 516, 'https://www.gutenberg.org/cache/epub/10461/pg10461-h.zip', 7),
(7021, 517, 'https://www.gutenberg.org/ebooks/10462.html.images', 1),
(7022, 517, 'https://www.gutenberg.org/files/10462/10462-h/10462-h.htm', 9),
(7023, 517, 'https://www.gutenberg.org/files/10462/10462-h.zip', 9),
(7024, 517, 'https://www.gutenberg.org/ebooks/10462.epub3.images', 2),
(7025, 517, 'https://www.gutenberg.org/ebooks/10462.epub.images', 2),
(7026, 517, 'https://www.gutenberg.org/ebooks/10462.epub.noimages', 2),
(7027, 517, 'https://www.gutenberg.org/ebooks/10462.kf8.images', 3),
(7028, 517, 'https://www.gutenberg.org/ebooks/10462.kindle.images', 3),
(7029, 517, 'https://www.gutenberg.org/ebooks/10462.kindle.noimages', 3),
(7030, 517, 'https://www.gutenberg.org/ebooks/10462.txt.utf-8', 4),
(7031, 517, 'https://www.gutenberg.org/files/10462/10462-8.txt', 10),
(7032, 517, 'https://www.gutenberg.org/files/10462/10462-8.zip', 10),
(7033, 517, 'https://www.gutenberg.org/ebooks/10462.rdf', 5),
(7034, 517, 'https://www.gutenberg.org/cache/epub/10462/pg10462.cover.medium.jpg', 6),
(7035, 517, 'https://www.gutenberg.org/cache/epub/10462/pg10462.cover.small.jpg', 6),
(7036, 517, 'https://www.gutenberg.org/cache/epub/10462/pg10462-h.zip', 7),
(7037, 518, 'https://www.gutenberg.org/ebooks/10463.html.images', 1),
(7038, 518, 'https://www.gutenberg.org/files/10463/10463-h/10463-h.htm', 9),
(7039, 518, 'https://www.gutenberg.org/files/10463/10463-h.zip', 9),
(7040, 518, 'https://www.gutenberg.org/ebooks/10463.epub3.images', 2),
(7041, 518, 'https://www.gutenberg.org/ebooks/10463.epub.images', 2),
(7042, 518, 'https://www.gutenberg.org/ebooks/10463.epub.noimages', 2),
(7043, 518, 'https://www.gutenberg.org/ebooks/10463.kf8.images', 3),
(7044, 518, 'https://www.gutenberg.org/ebooks/10463.kindle.images', 3),
(7045, 518, 'https://www.gutenberg.org/ebooks/10463.kindle.noimages', 3),
(7046, 518, 'https://www.gutenberg.org/ebooks/10463.txt.utf-8', 4),
(7047, 518, 'https://www.gutenberg.org/files/10463/10463.txt', 4),
(7048, 518, 'https://www.gutenberg.org/files/10463/10463.zip', 4),
(7049, 518, 'https://www.gutenberg.org/files/10463/10463-page-images.zip', 7),
(7050, 518, 'https://www.gutenberg.org/ebooks/10463.rdf', 5),
(7051, 518, 'https://www.gutenberg.org/cache/epub/10463/pg10463.cover.medium.jpg', 6),
(7052, 518, 'https://www.gutenberg.org/cache/epub/10463/pg10463.cover.small.jpg', 6),
(7053, 518, 'https://www.gutenberg.org/cache/epub/10463/pg10463-h.zip', 7),
(7054, 519, 'https://www.gutenberg.org/ebooks/10464.html.images', 1),
(7055, 519, 'https://www.gutenberg.org/ebooks/10464.html.noimages', 1),
(7056, 519, 'https://www.gutenberg.org/ebooks/10464.epub3.images', 2),
(7057, 519, 'https://www.gutenberg.org/ebooks/10464.epub.images', 2),
(7058, 519, 'https://www.gutenberg.org/ebooks/10464.epub.noimages', 2),
(7059, 519, 'https://www.gutenberg.org/ebooks/10464.kf8.images', 3),
(7060, 519, 'https://www.gutenberg.org/ebooks/10464.kindle.images', 3),
(7061, 519, 'https://www.gutenberg.org/ebooks/10464.kindle.noimages', 3),
(7062, 519, 'https://www.gutenberg.org/ebooks/10464.txt.utf-8', 4),
(7063, 519, 'https://www.gutenberg.org/files/10464/10464.txt', 4),
(7064, 519, 'https://www.gutenberg.org/files/10464/10464.zip', 4),
(7065, 519, 'https://www.gutenberg.org/ebooks/10464.rdf', 5),
(7066, 519, 'https://www.gutenberg.org/cache/epub/10464/pg10464.cover.medium.jpg', 6),
(7067, 519, 'https://www.gutenberg.org/cache/epub/10464/pg10464.cover.small.jpg', 6),
(7068, 519, 'https://www.gutenberg.org/cache/epub/10464/pg10464-h.zip', 7),
(7069, 520, 'https://www.gutenberg.org/ebooks/10465.html.images', 1),
(7070, 520, 'https://www.gutenberg.org/ebooks/10465.html.noimages', 1),
(7071, 520, 'https://www.gutenberg.org/ebooks/10465.epub3.images', 2),
(7072, 520, 'https://www.gutenberg.org/ebooks/10465.epub.images', 2),
(7073, 520, 'https://www.gutenberg.org/ebooks/10465.epub.noimages', 2),
(7074, 520, 'https://www.gutenberg.org/ebooks/10465.kf8.images', 3),
(7075, 520, 'https://www.gutenberg.org/ebooks/10465.kindle.images', 3),
(7076, 520, 'https://www.gutenberg.org/ebooks/10465.kindle.noimages', 3),
(7077, 520, 'https://www.gutenberg.org/ebooks/10465.txt.utf-8', 4),
(7078, 520, 'https://www.gutenberg.org/files/10465/10465.txt', 4),
(7079, 520, 'https://www.gutenberg.org/files/10465/10465.zip', 4),
(7080, 520, 'https://www.gutenberg.org/ebooks/10465.rdf', 5),
(7081, 520, 'https://www.gutenberg.org/cache/epub/10465/pg10465.cover.medium.jpg', 6),
(7082, 520, 'https://www.gutenberg.org/cache/epub/10465/pg10465.cover.small.jpg', 6),
(7083, 520, 'https://www.gutenberg.org/cache/epub/10465/pg10465-h.zip', 7),
(7084, 521, 'https://www.gutenberg.org/ebooks/10466.html.images', 1),
(7085, 521, 'https://www.gutenberg.org/ebooks/10466.html.noimages', 1),
(7086, 521, 'https://www.gutenberg.org/ebooks/10466.epub3.images', 2),
(7087, 521, 'https://www.gutenberg.org/ebooks/10466.epub.images', 2),
(7088, 521, 'https://www.gutenberg.org/ebooks/10466.epub.noimages', 2),
(7089, 521, 'https://www.gutenberg.org/ebooks/10466.kf8.images', 3),
(7090, 521, 'https://www.gutenberg.org/ebooks/10466.kindle.images', 3),
(7091, 521, 'https://www.gutenberg.org/ebooks/10466.kindle.noimages', 3),
(7092, 521, 'https://www.gutenberg.org/ebooks/10466.txt.utf-8', 4),
(7093, 521, 'https://www.gutenberg.org/files/10466/10466-8.txt', 10),
(7094, 521, 'https://www.gutenberg.org/files/10466/10466-8.zip', 10),
(7095, 521, 'https://www.gutenberg.org/files/10466/10466.txt', 4),
(7096, 521, 'https://www.gutenberg.org/files/10466/10466.zip', 4);
INSERT INTO `booklinks` (`Link_id`, `Book_id`, `Link`, `type_id`) VALUES
(7097, 521, 'https://www.gutenberg.org/ebooks/10466.rdf', 5),
(7098, 521, 'https://www.gutenberg.org/cache/epub/10466/pg10466.cover.medium.jpg', 6),
(7099, 521, 'https://www.gutenberg.org/cache/epub/10466/pg10466.cover.small.jpg', 6),
(7100, 521, 'https://www.gutenberg.org/cache/epub/10466/pg10466-h.zip', 7),
(7101, 522, 'https://www.gutenberg.org/ebooks/10467.html.images', 1),
(7102, 522, 'https://www.gutenberg.org/ebooks/10467.html.noimages', 1),
(7103, 522, 'https://www.gutenberg.org/ebooks/10467.epub3.images', 2),
(7104, 522, 'https://www.gutenberg.org/ebooks/10467.epub.images', 2),
(7105, 522, 'https://www.gutenberg.org/ebooks/10467.epub.noimages', 2),
(7106, 522, 'https://www.gutenberg.org/ebooks/10467.kf8.images', 3),
(7107, 522, 'https://www.gutenberg.org/ebooks/10467.kindle.images', 3),
(7108, 522, 'https://www.gutenberg.org/ebooks/10467.kindle.noimages', 3),
(7109, 522, 'https://www.gutenberg.org/ebooks/10467.txt.utf-8', 4),
(7110, 522, 'https://www.gutenberg.org/files/10467/10467-8.txt', 10),
(7111, 522, 'https://www.gutenberg.org/files/10467/10467-8.zip', 10),
(7112, 522, 'https://www.gutenberg.org/files/10467/10467.txt', 4),
(7113, 522, 'https://www.gutenberg.org/files/10467/10467.zip', 4),
(7114, 522, 'https://www.gutenberg.org/ebooks/10467.rdf', 5),
(7115, 522, 'https://www.gutenberg.org/cache/epub/10467/pg10467.cover.medium.jpg', 6),
(7116, 522, 'https://www.gutenberg.org/cache/epub/10467/pg10467.cover.small.jpg', 6),
(7117, 522, 'https://www.gutenberg.org/cache/epub/10467/pg10467-h.zip', 7),
(7118, 523, 'https://www.gutenberg.org/ebooks/10468.html.images', 1),
(7119, 523, 'https://www.gutenberg.org/files/10468/10468-h/10468-h.htm', 9),
(7120, 523, 'https://www.gutenberg.org/files/10468/10468-h.zip', 9),
(7121, 523, 'https://www.gutenberg.org/ebooks/10468.epub3.images', 2),
(7122, 523, 'https://www.gutenberg.org/ebooks/10468.epub.images', 2),
(7123, 523, 'https://www.gutenberg.org/ebooks/10468.epub.noimages', 2),
(7124, 523, 'https://www.gutenberg.org/ebooks/10468.kf8.images', 3),
(7125, 523, 'https://www.gutenberg.org/ebooks/10468.kindle.images', 3),
(7126, 523, 'https://www.gutenberg.org/ebooks/10468.kindle.noimages', 3),
(7127, 523, 'https://www.gutenberg.org/ebooks/10468.txt.utf-8', 4),
(7128, 523, 'https://www.gutenberg.org/files/10468/10468-8.txt', 10),
(7129, 523, 'https://www.gutenberg.org/files/10468/10468-8.zip', 10),
(7130, 523, 'https://www.gutenberg.org/files/10468/10468.txt', 4),
(7131, 523, 'https://www.gutenberg.org/files/10468/10468.zip', 4),
(7132, 523, 'https://www.gutenberg.org/ebooks/10468.rdf', 5),
(7133, 523, 'https://www.gutenberg.org/cache/epub/10468/pg10468.cover.medium.jpg', 6),
(7134, 523, 'https://www.gutenberg.org/cache/epub/10468/pg10468.cover.small.jpg', 6),
(7135, 523, 'https://www.gutenberg.org/cache/epub/10468/pg10468-h.zip', 7),
(7136, 524, 'https://www.gutenberg.org/ebooks/10469.html.images', 1),
(7137, 524, 'https://www.gutenberg.org/files/10469/10469-h/10469-h.htm', 11),
(7138, 524, 'https://www.gutenberg.org/files/10469/10469-h.zip', 11),
(7139, 524, 'https://www.gutenberg.org/ebooks/10469.epub3.images', 2),
(7140, 524, 'https://www.gutenberg.org/ebooks/10469.epub.images', 2),
(7141, 524, 'https://www.gutenberg.org/ebooks/10469.epub.noimages', 2),
(7142, 524, 'https://www.gutenberg.org/ebooks/10469.kf8.images', 3),
(7143, 524, 'https://www.gutenberg.org/ebooks/10469.kindle.images', 3),
(7144, 524, 'https://www.gutenberg.org/ebooks/10469.kindle.noimages', 3),
(7145, 524, 'https://www.gutenberg.org/ebooks/10469.txt.utf-8', 4),
(7146, 524, 'https://www.gutenberg.org/files/10469/10469.txt', 4),
(7147, 524, 'https://www.gutenberg.org/files/10469/10469.zip', 4),
(7148, 524, 'https://www.gutenberg.org/ebooks/10469.rdf', 5),
(7149, 524, 'https://www.gutenberg.org/cache/epub/10469/pg10469.cover.medium.jpg', 6),
(7150, 524, 'https://www.gutenberg.org/cache/epub/10469/pg10469.cover.small.jpg', 6),
(7151, 524, 'https://www.gutenberg.org/cache/epub/10469/pg10469-h.zip', 7),
(7152, 525, 'https://www.gutenberg.org/ebooks/1047.html.images', 1),
(7153, 525, 'https://www.gutenberg.org/files/1047/1047-h/1047-h.htm', 1),
(7154, 525, 'https://www.gutenberg.org/ebooks/1047.epub3.images', 2),
(7155, 525, 'https://www.gutenberg.org/ebooks/1047.epub.images', 2),
(7156, 525, 'https://www.gutenberg.org/ebooks/1047.epub.noimages', 2),
(7157, 525, 'https://www.gutenberg.org/ebooks/1047.kf8.images', 3),
(7158, 525, 'https://www.gutenberg.org/ebooks/1047.kindle.images', 3),
(7159, 525, 'https://www.gutenberg.org/ebooks/1047.kindle.noimages', 3),
(7160, 525, 'https://www.gutenberg.org/ebooks/1047.txt.utf-8', 4),
(7161, 525, 'https://www.gutenberg.org/files/1047/1047-0.txt', 4),
(7162, 525, 'https://www.gutenberg.org/files/1047/1047.txt', 4),
(7163, 525, 'https://www.gutenberg.org/ebooks/1047.rdf', 5),
(7164, 525, 'https://www.gutenberg.org/cache/epub/1047/pg1047.cover.medium.jpg', 6),
(7165, 525, 'https://www.gutenberg.org/cache/epub/1047/pg1047.cover.small.jpg', 6),
(7166, 525, 'https://www.gutenberg.org/files/1047/1047-0.zip', 7),
(7167, 525, 'https://www.gutenberg.org/files/1047/1047-h.zip', 7),
(7168, 525, 'https://www.gutenberg.org/files/1047/1047.zip', 7),
(7169, 525, 'https://www.gutenberg.org/cache/epub/1047/pg1047-h.zip', 7),
(7170, 526, 'https://www.gutenberg.org/files/10470/10470-m/10470-m-readme.txt', 4),
(7171, 526, 'https://www.gutenberg.org/files/10470/10470-m.zip', 17),
(7172, 526, 'https://www.gutenberg.org/files/10470/10470-m/10470-m-001.mp3', 13),
(7173, 526, 'https://www.gutenberg.org/files/10470/10470.txt', 4),
(7174, 526, 'https://www.gutenberg.org/files/10470/10470.zip', 4),
(7175, 526, 'https://www.gutenberg.org/ebooks/10470.rdf', 5),
(7176, 526, 'https://www.gutenberg.org/cache/epub/10470/pg10470.cover.medium.jpg', 6),
(7177, 526, 'https://www.gutenberg.org/cache/epub/10470/pg10470.cover.small.jpg', 6),
(7178, 527, 'https://www.gutenberg.org/ebooks/10471.html.images', 1),
(7179, 527, 'https://www.gutenberg.org/files/10471/10471-h/10471-h.htm', 9),
(7180, 527, 'https://www.gutenberg.org/files/10471/10471-h.zip', 9),
(7181, 527, 'https://www.gutenberg.org/ebooks/10471.epub3.images', 2),
(7182, 527, 'https://www.gutenberg.org/ebooks/10471.epub.images', 2),
(7183, 527, 'https://www.gutenberg.org/ebooks/10471.epub.noimages', 2),
(7184, 527, 'https://www.gutenberg.org/ebooks/10471.kf8.images', 3),
(7185, 527, 'https://www.gutenberg.org/ebooks/10471.kindle.images', 3),
(7186, 527, 'https://www.gutenberg.org/ebooks/10471.kindle.noimages', 3),
(7187, 527, 'https://www.gutenberg.org/ebooks/10471.txt.utf-8', 4),
(7188, 527, 'https://www.gutenberg.org/files/10471/10471-8.txt', 10),
(7189, 527, 'https://www.gutenberg.org/files/10471/10471-8.zip', 10),
(7190, 527, 'https://www.gutenberg.org/files/10471/10471.txt', 4),
(7191, 527, 'https://www.gutenberg.org/files/10471/10471.zip', 4),
(7192, 527, 'https://www.gutenberg.org/ebooks/10471.rdf', 5),
(7193, 527, 'https://www.gutenberg.org/cache/epub/10471/pg10471.cover.medium.jpg', 6),
(7194, 527, 'https://www.gutenberg.org/cache/epub/10471/pg10471.cover.small.jpg', 6),
(7195, 527, 'https://www.gutenberg.org/cache/epub/10471/pg10471-h.zip', 7),
(7196, 528, 'https://www.gutenberg.org/ebooks/10472.html.images', 1),
(7197, 528, 'https://www.gutenberg.org/ebooks/10472.html.noimages', 1),
(7198, 528, 'https://www.gutenberg.org/ebooks/10472.epub3.images', 2),
(7199, 528, 'https://www.gutenberg.org/ebooks/10472.epub.images', 2),
(7200, 528, 'https://www.gutenberg.org/ebooks/10472.epub.noimages', 2),
(7201, 528, 'https://www.gutenberg.org/ebooks/10472.kf8.images', 3),
(7202, 528, 'https://www.gutenberg.org/ebooks/10472.kindle.images', 3),
(7203, 528, 'https://www.gutenberg.org/ebooks/10472.kindle.noimages', 3),
(7204, 528, 'https://www.gutenberg.org/ebooks/10472.txt.utf-8', 4),
(7205, 528, 'https://www.gutenberg.org/files/10472/10472-8.txt', 10),
(7206, 528, 'https://www.gutenberg.org/files/10472/10472.txt', 10),
(7207, 528, 'https://www.gutenberg.org/files/10472/10472-8.zip', 10),
(7208, 528, 'https://www.gutenberg.org/files/10472/10472.zip', 10),
(7209, 528, 'https://www.gutenberg.org/ebooks/10472.rdf', 5),
(7210, 528, 'https://www.gutenberg.org/cache/epub/10472/pg10472.cover.medium.jpg', 6),
(7211, 528, 'https://www.gutenberg.org/cache/epub/10472/pg10472.cover.small.jpg', 6),
(7212, 528, 'https://www.gutenberg.org/cache/epub/10472/pg10472-h.zip', 7),
(7213, 529, 'https://www.gutenberg.org/ebooks/10473.html.images', 1),
(7214, 529, 'https://www.gutenberg.org/ebooks/10473.html.noimages', 1),
(7215, 529, 'https://www.gutenberg.org/ebooks/10473.epub3.images', 2),
(7216, 529, 'https://www.gutenberg.org/ebooks/10473.epub.images', 2),
(7217, 529, 'https://www.gutenberg.org/ebooks/10473.epub.noimages', 2),
(7218, 529, 'https://www.gutenberg.org/ebooks/10473.kf8.images', 3),
(7219, 529, 'https://www.gutenberg.org/ebooks/10473.kindle.images', 3),
(7220, 529, 'https://www.gutenberg.org/ebooks/10473.kindle.noimages', 3),
(7221, 529, 'https://www.gutenberg.org/ebooks/10473.txt.utf-8', 4),
(7222, 529, 'https://www.gutenberg.org/files/10473/10473-8.txt', 10),
(7223, 529, 'https://www.gutenberg.org/files/10473/10473-8.zip', 10),
(7224, 529, 'https://www.gutenberg.org/files/10473/10473.txt', 4),
(7225, 529, 'https://www.gutenberg.org/files/10473/10473.zip', 4),
(7226, 529, 'https://www.gutenberg.org/ebooks/10473.rdf', 5),
(7227, 529, 'https://www.gutenberg.org/cache/epub/10473/pg10473.cover.medium.jpg', 6),
(7228, 529, 'https://www.gutenberg.org/cache/epub/10473/pg10473.cover.small.jpg', 6),
(7229, 529, 'https://www.gutenberg.org/cache/epub/10473/pg10473-h.zip', 7),
(7230, 530, 'https://www.gutenberg.org/ebooks/10474.html.images', 1),
(7231, 530, 'https://www.gutenberg.org/ebooks/10474.html.noimages', 1),
(7232, 530, 'https://www.gutenberg.org/ebooks/10474.epub3.images', 2),
(7233, 530, 'https://www.gutenberg.org/ebooks/10474.epub.images', 2),
(7234, 530, 'https://www.gutenberg.org/ebooks/10474.epub.noimages', 2),
(7235, 530, 'https://www.gutenberg.org/ebooks/10474.kf8.images', 3),
(7236, 530, 'https://www.gutenberg.org/ebooks/10474.kindle.images', 3),
(7237, 530, 'https://www.gutenberg.org/ebooks/10474.kindle.noimages', 3),
(7238, 530, 'https://www.gutenberg.org/ebooks/10474.txt.utf-8', 4),
(7239, 530, 'https://www.gutenberg.org/files/10474/10474-8.txt', 10),
(7240, 530, 'https://www.gutenberg.org/files/10474/10474.txt', 10),
(7241, 530, 'https://www.gutenberg.org/files/10474/10474-8.zip', 10),
(7242, 530, 'https://www.gutenberg.org/files/10474/10474.zip', 10),
(7243, 530, 'https://www.gutenberg.org/ebooks/10474.rdf', 5),
(7244, 530, 'https://www.gutenberg.org/cache/epub/10474/pg10474.cover.medium.jpg', 6),
(7245, 530, 'https://www.gutenberg.org/cache/epub/10474/pg10474.cover.small.jpg', 6),
(7246, 530, 'https://www.gutenberg.org/cache/epub/10474/pg10474-h.zip', 7),
(7247, 531, 'https://www.gutenberg.org/ebooks/10475.html.images', 1),
(7248, 531, 'https://www.gutenberg.org/files/10475/10475-h/10475-h.htm', 9),
(7249, 531, 'https://www.gutenberg.org/files/10475/10475-h.zip', 1),
(7250, 531, 'https://www.gutenberg.org/ebooks/10475.epub3.images', 2),
(7251, 531, 'https://www.gutenberg.org/ebooks/10475.epub.images', 2),
(7252, 531, 'https://www.gutenberg.org/ebooks/10475.epub.noimages', 2),
(7253, 531, 'https://www.gutenberg.org/ebooks/10475.kf8.images', 3),
(7254, 531, 'https://www.gutenberg.org/ebooks/10475.kindle.images', 3),
(7255, 531, 'https://www.gutenberg.org/ebooks/10475.kindle.noimages', 3),
(7256, 531, 'https://www.gutenberg.org/ebooks/10475.txt.utf-8', 4),
(7257, 531, 'https://www.gutenberg.org/files/10475/10475-8.txt', 10),
(7258, 531, 'https://www.gutenberg.org/files/10475/10475-8.zip', 10),
(7259, 531, 'https://www.gutenberg.org/files/10475/10475.txt', 4),
(7260, 531, 'https://www.gutenberg.org/files/10475/10475.zip', 4),
(7261, 531, 'https://www.gutenberg.org/ebooks/10475.rdf', 5),
(7262, 531, 'https://www.gutenberg.org/cache/epub/10475/pg10475.cover.medium.jpg', 6),
(7263, 531, 'https://www.gutenberg.org/cache/epub/10475/pg10475.cover.small.jpg', 6),
(7264, 531, 'https://www.gutenberg.org/cache/epub/10475/pg10475-h.zip', 7),
(7265, 532, 'https://www.gutenberg.org/ebooks/10476.html.images', 1),
(7266, 532, 'https://www.gutenberg.org/files/10476/10476-h/10476-h.htm', 9),
(7267, 532, 'https://www.gutenberg.org/files/10476/10476-h.zip', 1),
(7268, 532, 'https://www.gutenberg.org/ebooks/10476.epub3.images', 2),
(7269, 532, 'https://www.gutenberg.org/ebooks/10476.epub.images', 2),
(7270, 532, 'https://www.gutenberg.org/ebooks/10476.epub.noimages', 2),
(7271, 532, 'https://www.gutenberg.org/ebooks/10476.kf8.images', 3),
(7272, 532, 'https://www.gutenberg.org/ebooks/10476.kindle.images', 3),
(7273, 532, 'https://www.gutenberg.org/ebooks/10476.kindle.noimages', 3),
(7274, 532, 'https://www.gutenberg.org/ebooks/10476.txt.utf-8', 4),
(7275, 532, 'https://www.gutenberg.org/files/10476/10476-8.txt', 10),
(7276, 532, 'https://www.gutenberg.org/files/10476/10476-8.zip', 10),
(7277, 532, 'https://www.gutenberg.org/files/10476/10476.txt', 4),
(7278, 532, 'https://www.gutenberg.org/files/10476/10476.zip', 4),
(7279, 532, 'https://www.gutenberg.org/ebooks/10476.rdf', 5),
(7280, 532, 'https://www.gutenberg.org/cache/epub/10476/pg10476.cover.medium.jpg', 6),
(7281, 532, 'https://www.gutenberg.org/cache/epub/10476/pg10476.cover.small.jpg', 6),
(7282, 532, 'https://www.gutenberg.org/cache/epub/10476/pg10476-h.zip', 7),
(7283, 533, 'https://www.gutenberg.org/ebooks/10477.html.images', 1),
(7284, 533, 'https://www.gutenberg.org/files/10477/10477-h/10477-h.htm', 9),
(7285, 533, 'https://www.gutenberg.org/files/10477/10477-h.zip', 9),
(7286, 533, 'https://www.gutenberg.org/ebooks/10477.epub3.images', 2),
(7287, 533, 'https://www.gutenberg.org/ebooks/10477.epub.images', 2),
(7288, 533, 'https://www.gutenberg.org/ebooks/10477.epub.noimages', 2),
(7289, 533, 'https://www.gutenberg.org/ebooks/10477.kf8.images', 3),
(7290, 533, 'https://www.gutenberg.org/ebooks/10477.kindle.images', 3),
(7291, 533, 'https://www.gutenberg.org/ebooks/10477.kindle.noimages', 3),
(7292, 533, 'https://www.gutenberg.org/ebooks/10477.txt.utf-8', 4),
(7293, 533, 'https://www.gutenberg.org/files/10477/10477-8.txt', 10),
(7294, 533, 'https://www.gutenberg.org/files/10477/10477-8.zip', 10),
(7295, 533, 'https://www.gutenberg.org/files/10477/10477.txt', 4),
(7296, 533, 'https://www.gutenberg.org/files/10477/10477.zip', 4),
(7297, 533, 'https://www.gutenberg.org/ebooks/10477.rdf', 5),
(7298, 533, 'https://www.gutenberg.org/cache/epub/10477/pg10477.cover.medium.jpg', 6),
(7299, 533, 'https://www.gutenberg.org/cache/epub/10477/pg10477.cover.small.jpg', 6),
(7300, 533, 'https://www.gutenberg.org/cache/epub/10477/pg10477-h.zip', 7),
(7301, 534, 'https://www.gutenberg.org/ebooks/10478.html.images', 1),
(7302, 534, 'https://www.gutenberg.org/files/10478/10478-h/10478-h.htm', 9),
(7303, 534, 'https://www.gutenberg.org/files/10478/10478-h.zip', 9),
(7304, 534, 'https://www.gutenberg.org/ebooks/10478.epub3.images', 2),
(7305, 534, 'https://www.gutenberg.org/ebooks/10478.epub.images', 2),
(7306, 534, 'https://www.gutenberg.org/ebooks/10478.epub.noimages', 2),
(7307, 534, 'https://www.gutenberg.org/ebooks/10478.kf8.images', 3),
(7308, 534, 'https://www.gutenberg.org/ebooks/10478.kindle.images', 3),
(7309, 534, 'https://www.gutenberg.org/ebooks/10478.kindle.noimages', 3),
(7310, 534, 'https://www.gutenberg.org/ebooks/10478.txt.utf-8', 4),
(7311, 534, 'https://www.gutenberg.org/files/10478/10478-8.txt', 10),
(7312, 534, 'https://www.gutenberg.org/files/10478/10478-8.zip', 10),
(7313, 534, 'https://www.gutenberg.org/files/10478/10478.txt', 4),
(7314, 534, 'https://www.gutenberg.org/files/10478/10478.zip', 4),
(7315, 534, 'https://www.gutenberg.org/ebooks/10478.rdf', 5),
(7316, 534, 'https://www.gutenberg.org/cache/epub/10478/pg10478.cover.medium.jpg', 6),
(7317, 534, 'https://www.gutenberg.org/cache/epub/10478/pg10478.cover.small.jpg', 6),
(7318, 534, 'https://www.gutenberg.org/cache/epub/10478/pg10478-h.zip', 7),
(7319, 535, 'https://www.gutenberg.org/ebooks/10479.html.images', 1),
(7320, 535, 'https://www.gutenberg.org/files/10479/10479-h/10479-h.htm', 11),
(7321, 535, 'https://www.gutenberg.org/files/10479/10479-h.zip', 11),
(7322, 535, 'https://www.gutenberg.org/ebooks/10479.epub3.images', 2),
(7323, 535, 'https://www.gutenberg.org/ebooks/10479.epub.images', 2),
(7324, 535, 'https://www.gutenberg.org/ebooks/10479.epub.noimages', 2),
(7325, 535, 'https://www.gutenberg.org/ebooks/10479.kf8.images', 3),
(7326, 535, 'https://www.gutenberg.org/ebooks/10479.kindle.images', 3),
(7327, 535, 'https://www.gutenberg.org/ebooks/10479.kindle.noimages', 3),
(7328, 535, 'https://www.gutenberg.org/ebooks/10479.txt.utf-8', 4),
(7329, 535, 'https://www.gutenberg.org/files/10479/10479.txt', 4),
(7330, 535, 'https://www.gutenberg.org/files/10479/10479.zip', 4),
(7331, 535, 'https://www.gutenberg.org/ebooks/10479.rdf', 5),
(7332, 535, 'https://www.gutenberg.org/cache/epub/10479/pg10479.cover.medium.jpg', 6),
(7333, 535, 'https://www.gutenberg.org/cache/epub/10479/pg10479.cover.small.jpg', 6),
(7334, 535, 'https://www.gutenberg.org/cache/epub/10479/pg10479-h.zip', 7),
(7335, 536, 'https://www.gutenberg.org/ebooks/1048.html.images', 1),
(7336, 536, 'https://www.gutenberg.org/files/1048/1048-h/1048-h.htm', 12),
(7337, 536, 'https://www.gutenberg.org/files/1048/1048-h.zip', 12),
(7338, 536, 'https://www.gutenberg.org/ebooks/1048.epub3.images', 2),
(7339, 536, 'https://www.gutenberg.org/ebooks/1048.epub.images', 2),
(7340, 536, 'https://www.gutenberg.org/ebooks/1048.epub.noimages', 2),
(7341, 536, 'https://www.gutenberg.org/ebooks/1048.kf8.images', 3),
(7342, 536, 'https://www.gutenberg.org/ebooks/1048.kindle.images', 3),
(7343, 536, 'https://www.gutenberg.org/ebooks/1048.kindle.noimages', 3),
(7344, 536, 'https://www.gutenberg.org/ebooks/1048.txt.utf-8', 4),
(7345, 536, 'https://www.gutenberg.org/files/1048/1048-0.txt', 8),
(7346, 536, 'https://www.gutenberg.org/files/1048/1048-0.zip', 8),
(7347, 536, 'https://www.gutenberg.org/files/1048/1048.txt', 4),
(7348, 536, 'https://www.gutenberg.org/files/1048/1048.zip', 4),
(7349, 536, 'https://www.gutenberg.org/ebooks/1048.rdf', 5),
(7350, 536, 'https://www.gutenberg.org/cache/epub/1048/pg1048.cover.medium.jpg', 6),
(7351, 536, 'https://www.gutenberg.org/cache/epub/1048/pg1048.cover.small.jpg', 6),
(7352, 536, 'https://www.gutenberg.org/cache/epub/1048/pg1048-h.zip', 7),
(7353, 537, 'https://www.gutenberg.org/ebooks/10480.html.images', 1),
(7354, 537, 'https://www.gutenberg.org/ebooks/10480.html.noimages', 1),
(7355, 537, 'https://www.gutenberg.org/ebooks/10480.epub3.images', 2),
(7356, 537, 'https://www.gutenberg.org/ebooks/10480.epub.images', 2),
(7357, 537, 'https://www.gutenberg.org/ebooks/10480.epub.noimages', 2),
(7358, 537, 'https://www.gutenberg.org/ebooks/10480.kf8.images', 3),
(7359, 537, 'https://www.gutenberg.org/ebooks/10480.kindle.images', 3),
(7360, 537, 'https://www.gutenberg.org/ebooks/10480.kindle.noimages', 3),
(7361, 537, 'https://www.gutenberg.org/ebooks/10480.txt.utf-8', 4),
(7362, 537, 'https://www.gutenberg.org/files/10480/10480-8.txt', 10),
(7363, 537, 'https://www.gutenberg.org/files/10480/10480-8.zip', 10),
(7364, 537, 'https://www.gutenberg.org/ebooks/10480.rdf', 5),
(7365, 537, 'https://www.gutenberg.org/cache/epub/10480/pg10480.cover.medium.jpg', 6),
(7366, 537, 'https://www.gutenberg.org/cache/epub/10480/pg10480.cover.small.jpg', 6),
(7367, 537, 'https://www.gutenberg.org/cache/epub/10480/pg10480-h.zip', 7),
(7368, 538, 'https://www.gutenberg.org/ebooks/10481.html.images', 1),
(7369, 538, 'https://www.gutenberg.org/ebooks/10481.html.noimages', 1),
(7370, 538, 'https://www.gutenberg.org/ebooks/10481.epub3.images', 2),
(7371, 538, 'https://www.gutenberg.org/ebooks/10481.epub.images', 2),
(7372, 538, 'https://www.gutenberg.org/ebooks/10481.epub.noimages', 2),
(7373, 538, 'https://www.gutenberg.org/ebooks/10481.kf8.images', 3),
(7374, 538, 'https://www.gutenberg.org/ebooks/10481.kindle.images', 3),
(7375, 538, 'https://www.gutenberg.org/ebooks/10481.kindle.noimages', 3),
(7376, 538, 'https://www.gutenberg.org/ebooks/10481.txt.utf-8', 4),
(7377, 538, 'https://www.gutenberg.org/files/10481/10481-8.txt', 10),
(7378, 538, 'https://www.gutenberg.org/files/10481/10481-8.zip', 10),
(7379, 538, 'https://www.gutenberg.org/ebooks/10481.rdf', 5),
(7380, 538, 'https://www.gutenberg.org/cache/epub/10481/pg10481.cover.medium.jpg', 6),
(7381, 538, 'https://www.gutenberg.org/cache/epub/10481/pg10481.cover.small.jpg', 6),
(7382, 538, 'https://www.gutenberg.org/cache/epub/10481/pg10481-h.zip', 7),
(7383, 539, 'https://www.gutenberg.org/ebooks/10482.html.images', 1),
(7384, 539, 'https://www.gutenberg.org/files/10482/10482-h/10482-h.htm', 9),
(7385, 539, 'https://www.gutenberg.org/files/10482/10482-h.zip', 9),
(7386, 539, 'https://www.gutenberg.org/ebooks/10482.epub3.images', 2),
(7387, 539, 'https://www.gutenberg.org/ebooks/10482.epub.images', 2),
(7388, 539, 'https://www.gutenberg.org/ebooks/10482.epub.noimages', 2),
(7389, 539, 'https://www.gutenberg.org/ebooks/10482.kf8.images', 3),
(7390, 539, 'https://www.gutenberg.org/ebooks/10482.kindle.images', 3),
(7391, 539, 'https://www.gutenberg.org/ebooks/10482.kindle.noimages', 3),
(7392, 539, 'https://www.gutenberg.org/ebooks/10482.txt.utf-8', 4),
(7393, 539, 'https://www.gutenberg.org/files/10482/10482-8.txt', 10),
(7394, 539, 'https://www.gutenberg.org/files/10482/10482-8.zip', 10),
(7395, 539, 'https://www.gutenberg.org/files/10482/10482.txt', 4),
(7396, 539, 'https://www.gutenberg.org/files/10482/10482.zip', 4),
(7397, 539, 'https://www.gutenberg.org/ebooks/10482.rdf', 5),
(7398, 539, 'https://www.gutenberg.org/cache/epub/10482/pg10482.cover.medium.jpg', 6),
(7399, 539, 'https://www.gutenberg.org/cache/epub/10482/pg10482.cover.small.jpg', 6),
(7400, 539, 'https://www.gutenberg.org/cache/epub/10482/pg10482-h.zip', 7),
(7401, 540, 'https://www.gutenberg.org/ebooks/10483.html.images', 1),
(7402, 540, 'https://www.gutenberg.org/ebooks/10483.html.noimages', 1),
(7403, 540, 'https://www.gutenberg.org/ebooks/10483.epub3.images', 2),
(7404, 540, 'https://www.gutenberg.org/ebooks/10483.epub.images', 2),
(7405, 540, 'https://www.gutenberg.org/ebooks/10483.epub.noimages', 2),
(7406, 540, 'https://www.gutenberg.org/ebooks/10483.kf8.images', 3),
(7407, 540, 'https://www.gutenberg.org/ebooks/10483.kindle.images', 3),
(7408, 540, 'https://www.gutenberg.org/ebooks/10483.kindle.noimages', 3),
(7409, 540, 'https://www.gutenberg.org/ebooks/10483.txt.utf-8', 4),
(7410, 540, 'https://www.gutenberg.org/files/10483/10483-8.txt', 10),
(7411, 540, 'https://www.gutenberg.org/files/10483/10483-8.zip', 10),
(7412, 540, 'https://www.gutenberg.org/files/10483/10483.txt', 4),
(7413, 540, 'https://www.gutenberg.org/files/10483/10483.zip', 4),
(7414, 540, 'https://www.gutenberg.org/ebooks/10483.rdf', 5),
(7415, 540, 'https://www.gutenberg.org/cache/epub/10483/pg10483.cover.medium.jpg', 6),
(7416, 540, 'https://www.gutenberg.org/cache/epub/10483/pg10483.cover.small.jpg', 6),
(7417, 540, 'https://www.gutenberg.org/cache/epub/10483/pg10483-h.zip', 7),
(7418, 541, 'https://www.gutenberg.org/ebooks/10484.html.images', 1),
(7419, 541, 'https://www.gutenberg.org/files/10484/10484-h/10484-h.htm', 9),
(7420, 541, 'https://www.gutenberg.org/files/10484/10484-h.zip', 9),
(7421, 541, 'https://www.gutenberg.org/ebooks/10484.epub3.images', 2),
(7422, 541, 'https://www.gutenberg.org/ebooks/10484.epub.images', 2),
(7423, 541, 'https://www.gutenberg.org/ebooks/10484.epub.noimages', 2),
(7424, 541, 'https://www.gutenberg.org/ebooks/10484.kf8.images', 3),
(7425, 541, 'https://www.gutenberg.org/ebooks/10484.kindle.images', 3),
(7426, 541, 'https://www.gutenberg.org/ebooks/10484.kindle.noimages', 3),
(7427, 541, 'https://www.gutenberg.org/ebooks/10484.txt.utf-8', 4),
(7428, 541, 'https://www.gutenberg.org/files/10484/10484-8.txt', 10),
(7429, 541, 'https://www.gutenberg.org/files/10484/10484-8.zip', 10),
(7430, 541, 'https://www.gutenberg.org/files/10484/10484.txt', 4),
(7431, 541, 'https://www.gutenberg.org/files/10484/10484.zip', 4),
(7432, 541, 'https://www.gutenberg.org/ebooks/10484.rdf', 5),
(7433, 541, 'https://www.gutenberg.org/cache/epub/10484/pg10484.cover.medium.jpg', 6),
(7434, 541, 'https://www.gutenberg.org/cache/epub/10484/pg10484.cover.small.jpg', 6),
(7435, 541, 'https://www.gutenberg.org/cache/epub/10484/pg10484-h.zip', 7),
(7436, 542, 'https://www.gutenberg.org/ebooks/10485.html.images', 1),
(7437, 542, 'https://www.gutenberg.org/files/10485/10485-h/10485-h.htm', 11),
(7438, 542, 'https://www.gutenberg.org/files/10485/10485-h.zip', 1),
(7439, 542, 'https://www.gutenberg.org/ebooks/10485.epub3.images', 2),
(7440, 542, 'https://www.gutenberg.org/ebooks/10485.epub.images', 2),
(7441, 542, 'https://www.gutenberg.org/ebooks/10485.epub.noimages', 2),
(7442, 542, 'https://www.gutenberg.org/ebooks/10485.kf8.images', 3),
(7443, 542, 'https://www.gutenberg.org/ebooks/10485.kindle.images', 3),
(7444, 542, 'https://www.gutenberg.org/ebooks/10485.kindle.noimages', 3),
(7445, 542, 'https://www.gutenberg.org/ebooks/10485.txt.utf-8', 4),
(7446, 542, 'https://www.gutenberg.org/files/10485/10485.txt', 4),
(7447, 542, 'https://www.gutenberg.org/files/10485/10485.zip', 4),
(7448, 542, 'https://www.gutenberg.org/ebooks/10485.rdf', 5),
(7449, 542, 'https://www.gutenberg.org/cache/epub/10485/pg10485.cover.medium.jpg', 6),
(7450, 542, 'https://www.gutenberg.org/cache/epub/10485/pg10485.cover.small.jpg', 6),
(7451, 542, 'https://www.gutenberg.org/cache/epub/10485/pg10485-h.zip', 7),
(7452, 543, 'https://www.gutenberg.org/files/10486/10486-m/10486-m-readme.txt', 4),
(7453, 543, 'https://www.gutenberg.org/files/10486/10486-m.zip', 17),
(7454, 543, 'https://www.gutenberg.org/files/10486/10486-m/10486-m-001.mp3', 13),
(7455, 543, 'https://www.gutenberg.org/files/10486/10486.txt', 4),
(7456, 543, 'https://www.gutenberg.org/files/10486/10486.zip', 4),
(7457, 543, 'https://www.gutenberg.org/ebooks/10486.rdf', 5),
(7458, 543, 'https://www.gutenberg.org/cache/epub/10486/pg10486.cover.medium.jpg', 6),
(7459, 543, 'https://www.gutenberg.org/cache/epub/10486/pg10486.cover.small.jpg', 6),
(7460, 544, 'https://www.gutenberg.org/files/10487/10487-m/10487-m-readme.txt', 4),
(7461, 544, 'https://www.gutenberg.org/files/10487/10487-m.zip', 17),
(7462, 544, 'https://www.gutenberg.org/files/10487/10487-m/10487-m-001.mp3', 13),
(7463, 544, 'https://www.gutenberg.org/files/10487/10487.txt', 4),
(7464, 544, 'https://www.gutenberg.org/files/10487/10487.zip', 4),
(7465, 544, 'https://www.gutenberg.org/ebooks/10487.rdf', 5),
(7466, 544, 'https://www.gutenberg.org/cache/epub/10487/pg10487.cover.medium.jpg', 6),
(7467, 544, 'https://www.gutenberg.org/cache/epub/10487/pg10487.cover.small.jpg', 6),
(7468, 545, 'https://www.gutenberg.org/files/10488/10488-m/10488-m-readme.txt', 4),
(7469, 545, 'https://www.gutenberg.org/files/10488/10488-m.zip', 17),
(7470, 545, 'https://www.gutenberg.org/files/10488/10488-m/10488-m-001.mp3', 13),
(7471, 545, 'https://www.gutenberg.org/files/10488/10488.txt', 4),
(7472, 545, 'https://www.gutenberg.org/files/10488/10488.zip', 4),
(7473, 545, 'https://www.gutenberg.org/ebooks/10488.rdf', 5),
(7474, 545, 'https://www.gutenberg.org/cache/epub/10488/pg10488.cover.medium.jpg', 6),
(7475, 545, 'https://www.gutenberg.org/cache/epub/10488/pg10488.cover.small.jpg', 6),
(7476, 546, 'https://www.gutenberg.org/ebooks/10489.html.images', 1),
(7477, 546, 'https://www.gutenberg.org/ebooks/10489.html.noimages', 1),
(7478, 546, 'https://www.gutenberg.org/ebooks/10489.epub3.images', 2),
(7479, 546, 'https://www.gutenberg.org/ebooks/10489.epub.images', 2),
(7480, 546, 'https://www.gutenberg.org/ebooks/10489.epub.noimages', 2),
(7481, 546, 'https://www.gutenberg.org/ebooks/10489.kf8.images', 3),
(7482, 546, 'https://www.gutenberg.org/ebooks/10489.kindle.images', 3),
(7483, 546, 'https://www.gutenberg.org/ebooks/10489.kindle.noimages', 3),
(7484, 546, 'https://www.gutenberg.org/ebooks/10489.txt.utf-8', 4),
(7485, 546, 'https://www.gutenberg.org/files/10489/10489-8.txt', 10),
(7486, 546, 'https://www.gutenberg.org/files/10489/10489-8.zip', 10),
(7487, 546, 'https://www.gutenberg.org/files/10489/10489.txt', 4),
(7488, 546, 'https://www.gutenberg.org/files/10489/10489.zip', 4),
(7489, 546, 'https://www.gutenberg.org/ebooks/10489.rdf', 5),
(7490, 546, 'https://www.gutenberg.org/cache/epub/10489/pg10489.cover.medium.jpg', 6),
(7491, 546, 'https://www.gutenberg.org/cache/epub/10489/pg10489.cover.small.jpg', 6),
(7492, 546, 'https://www.gutenberg.org/cache/epub/10489/pg10489-h.zip', 7),
(7493, 547, 'https://www.gutenberg.org/ebooks/1049.html.images', 1),
(7494, 547, 'https://www.gutenberg.org/files/1049/1049-h/1049-h.htm', 11),
(7495, 547, 'https://www.gutenberg.org/files/1049/1049-h.zip', 11),
(7496, 547, 'https://www.gutenberg.org/ebooks/1049.epub3.images', 2),
(7497, 547, 'https://www.gutenberg.org/ebooks/1049.epub.images', 2),
(7498, 547, 'https://www.gutenberg.org/ebooks/1049.epub.noimages', 2),
(7499, 547, 'https://www.gutenberg.org/ebooks/1049.kf8.images', 3),
(7500, 547, 'https://www.gutenberg.org/ebooks/1049.kindle.images', 3),
(7501, 547, 'https://www.gutenberg.org/ebooks/1049.kindle.noimages', 3),
(7502, 547, 'https://www.gutenberg.org/ebooks/1049.txt.utf-8', 4),
(7503, 547, 'https://www.gutenberg.org/files/1049/1049.txt', 4),
(7504, 547, 'https://www.gutenberg.org/files/1049/1049.zip', 4),
(7505, 547, 'https://www.gutenberg.org/ebooks/1049.rdf', 5),
(7506, 547, 'https://www.gutenberg.org/cache/epub/1049/pg1049.cover.medium.jpg', 6),
(7507, 547, 'https://www.gutenberg.org/cache/epub/1049/pg1049.cover.small.jpg', 6),
(7508, 547, 'https://www.gutenberg.org/cache/epub/1049/pg1049-h.zip', 7),
(7509, 548, 'https://www.gutenberg.org/ebooks/10490.html.images', 1),
(7510, 548, 'https://www.gutenberg.org/files/10490/10490-h/10490-h.htm', 1),
(7511, 548, 'https://www.gutenberg.org/ebooks/10490.epub3.images', 2),
(7512, 548, 'https://www.gutenberg.org/ebooks/10490.epub.images', 2),
(7513, 548, 'https://www.gutenberg.org/ebooks/10490.epub.noimages', 2),
(7514, 548, 'https://www.gutenberg.org/ebooks/10490.kf8.images', 3),
(7515, 548, 'https://www.gutenberg.org/ebooks/10490.kindle.images', 3),
(7516, 548, 'https://www.gutenberg.org/ebooks/10490.kindle.noimages', 3),
(7517, 548, 'https://www.gutenberg.org/ebooks/10490.txt.utf-8', 4),
(7518, 548, 'https://www.gutenberg.org/files/10490/10490-0.txt', 4),
(7519, 548, 'https://www.gutenberg.org/ebooks/10490.rdf', 5),
(7520, 548, 'https://www.gutenberg.org/cache/epub/10490/pg10490.cover.medium.jpg', 6),
(7521, 548, 'https://www.gutenberg.org/cache/epub/10490/pg10490.cover.small.jpg', 6),
(7522, 548, 'https://www.gutenberg.org/files/10490/10490-h.zip', 7),
(7523, 548, 'https://www.gutenberg.org/cache/epub/10490/pg10490-h.zip', 7),
(7524, 549, 'https://www.gutenberg.org/ebooks/10491.html.images', 1),
(7525, 549, 'https://www.gutenberg.org/files/10491/10491-h/10491-h.htm', 9),
(7526, 549, 'https://www.gutenberg.org/files/10491/10491-h.zip', 9),
(7527, 549, 'https://www.gutenberg.org/ebooks/10491.epub3.images', 2),
(7528, 549, 'https://www.gutenberg.org/ebooks/10491.epub.images', 2),
(7529, 549, 'https://www.gutenberg.org/ebooks/10491.epub.noimages', 2),
(7530, 549, 'https://www.gutenberg.org/ebooks/10491.kf8.images', 3),
(7531, 549, 'https://www.gutenberg.org/ebooks/10491.kindle.images', 3),
(7532, 549, 'https://www.gutenberg.org/ebooks/10491.kindle.noimages', 3),
(7533, 549, 'https://www.gutenberg.org/ebooks/10491.txt.utf-8', 4),
(7534, 549, 'https://www.gutenberg.org/files/10491/10491-8.txt', 10),
(7535, 549, 'https://www.gutenberg.org/files/10491/10491-8.zip', 10),
(7536, 549, 'https://www.gutenberg.org/files/10491/10491.txt', 4),
(7537, 549, 'https://www.gutenberg.org/files/10491/10491.zip', 4),
(7538, 549, 'https://www.gutenberg.org/ebooks/10491.rdf', 5),
(7539, 549, 'https://www.gutenberg.org/cache/epub/10491/pg10491.cover.medium.jpg', 6),
(7540, 549, 'https://www.gutenberg.org/cache/epub/10491/pg10491.cover.small.jpg', 6),
(7541, 549, 'https://www.gutenberg.org/cache/epub/10491/pg10491-h.zip', 7),
(7542, 550, 'https://www.gutenberg.org/ebooks/10492.html.images', 1),
(7543, 550, 'https://www.gutenberg.org/ebooks/10492.html.noimages', 1),
(7544, 550, 'https://www.gutenberg.org/ebooks/10492.epub3.images', 2),
(7545, 550, 'https://www.gutenberg.org/ebooks/10492.epub.images', 2),
(7546, 550, 'https://www.gutenberg.org/ebooks/10492.epub.noimages', 2),
(7547, 550, 'https://www.gutenberg.org/ebooks/10492.kf8.images', 3),
(7548, 550, 'https://www.gutenberg.org/ebooks/10492.kindle.images', 3),
(7549, 550, 'https://www.gutenberg.org/ebooks/10492.kindle.noimages', 3),
(7550, 550, 'https://www.gutenberg.org/ebooks/10492.txt.utf-8', 4),
(7551, 550, 'https://www.gutenberg.org/files/10492/10492-8.txt', 10),
(7552, 550, 'https://www.gutenberg.org/files/10492/10492-8.zip', 10),
(7553, 550, 'https://www.gutenberg.org/ebooks/10492.rdf', 5),
(7554, 550, 'https://www.gutenberg.org/cache/epub/10492/pg10492.cover.medium.jpg', 6),
(7555, 550, 'https://www.gutenberg.org/cache/epub/10492/pg10492.cover.small.jpg', 6),
(7556, 550, 'https://www.gutenberg.org/cache/epub/10492/pg10492-h.zip', 7),
(7557, 551, 'https://www.gutenberg.org/ebooks/10493.html.images', 1),
(7558, 551, 'https://www.gutenberg.org/files/10493/10493-h/10493-h.htm', 12),
(7559, 551, 'https://www.gutenberg.org/files/10493/10493-h.zip', 12),
(7560, 551, 'https://www.gutenberg.org/ebooks/10493.epub3.images', 2),
(7561, 551, 'https://www.gutenberg.org/ebooks/10493.epub.images', 2),
(7562, 551, 'https://www.gutenberg.org/ebooks/10493.epub.noimages', 2),
(7563, 551, 'https://www.gutenberg.org/ebooks/10493.kf8.images', 3),
(7564, 551, 'https://www.gutenberg.org/ebooks/10493.kindle.images', 3),
(7565, 551, 'https://www.gutenberg.org/ebooks/10493.kindle.noimages', 3),
(7566, 551, 'https://www.gutenberg.org/ebooks/10493.txt.utf-8', 4),
(7567, 551, 'https://www.gutenberg.org/files/10493/10493-0.txt', 8),
(7568, 551, 'https://www.gutenberg.org/files/10493/10493-0.zip', 8),
(7569, 551, 'https://www.gutenberg.org/ebooks/10493.rdf', 5),
(7570, 551, 'https://www.gutenberg.org/cache/epub/10493/pg10493.cover.medium.jpg', 6),
(7571, 551, 'https://www.gutenberg.org/cache/epub/10493/pg10493.cover.small.jpg', 6),
(7572, 551, 'https://www.gutenberg.org/cache/epub/10493/pg10493-h.zip', 7),
(7573, 552, 'https://www.gutenberg.org/ebooks/10494.html.images', 1),
(7574, 552, 'https://www.gutenberg.org/ebooks/10494.html.noimages', 1),
(7575, 552, 'https://www.gutenberg.org/ebooks/10494.epub3.images', 2),
(7576, 552, 'https://www.gutenberg.org/ebooks/10494.epub.images', 2),
(7577, 552, 'https://www.gutenberg.org/ebooks/10494.epub.noimages', 2),
(7578, 552, 'https://www.gutenberg.org/ebooks/10494.kf8.images', 3),
(7579, 552, 'https://www.gutenberg.org/ebooks/10494.kindle.images', 3),
(7580, 552, 'https://www.gutenberg.org/ebooks/10494.kindle.noimages', 3),
(7581, 552, 'https://www.gutenberg.org/ebooks/10494.txt.utf-8', 4),
(7582, 552, 'https://www.gutenberg.org/files/10494/10494-8.txt', 10),
(7583, 552, 'https://www.gutenberg.org/files/10494/10494-8.zip', 10),
(7584, 552, 'https://www.gutenberg.org/files/10494/10494.txt', 4),
(7585, 552, 'https://www.gutenberg.org/files/10494/10494.zip', 4),
(7586, 552, 'https://www.gutenberg.org/ebooks/10494.rdf', 5),
(7587, 552, 'https://www.gutenberg.org/cache/epub/10494/pg10494.cover.medium.jpg', 6),
(7588, 552, 'https://www.gutenberg.org/cache/epub/10494/pg10494.cover.small.jpg', 6),
(7589, 552, 'https://www.gutenberg.org/cache/epub/10494/pg10494-h.zip', 7),
(7590, 553, 'https://www.gutenberg.org/ebooks/10495.html.images', 1),
(7591, 553, 'https://www.gutenberg.org/ebooks/10495.html.noimages', 1),
(7592, 553, 'https://www.gutenberg.org/ebooks/10495.epub3.images', 2),
(7593, 553, 'https://www.gutenberg.org/ebooks/10495.epub.images', 2),
(7594, 553, 'https://www.gutenberg.org/ebooks/10495.epub.noimages', 2),
(7595, 553, 'https://www.gutenberg.org/ebooks/10495.kf8.images', 3),
(7596, 553, 'https://www.gutenberg.org/ebooks/10495.kindle.images', 3),
(7597, 553, 'https://www.gutenberg.org/ebooks/10495.kindle.noimages', 3),
(7598, 553, 'https://www.gutenberg.org/ebooks/10495.txt.utf-8', 4),
(7599, 553, 'https://www.gutenberg.org/files/10495/10495-8.txt', 10),
(7600, 553, 'https://www.gutenberg.org/files/10495/10495-8.zip', 10),
(7601, 553, 'https://www.gutenberg.org/files/10495/10495.txt', 4),
(7602, 553, 'https://www.gutenberg.org/files/10495/10495.zip', 4),
(7603, 553, 'https://www.gutenberg.org/ebooks/10495.rdf', 5),
(7604, 553, 'https://www.gutenberg.org/cache/epub/10495/pg10495.cover.medium.jpg', 6),
(7605, 553, 'https://www.gutenberg.org/cache/epub/10495/pg10495.cover.small.jpg', 6),
(7606, 553, 'https://www.gutenberg.org/cache/epub/10495/pg10495-h.zip', 7),
(7607, 554, 'https://www.gutenberg.org/ebooks/10496.html.images', 1),
(7608, 554, 'https://www.gutenberg.org/files/10496/10496-h/10496-h.htm', 1),
(7609, 554, 'https://www.gutenberg.org/ebooks/10496.epub3.images', 2),
(7610, 554, 'https://www.gutenberg.org/ebooks/10496.epub.images', 2),
(7611, 554, 'https://www.gutenberg.org/ebooks/10496.epub.noimages', 2),
(7612, 554, 'https://www.gutenberg.org/ebooks/10496.kf8.images', 3),
(7613, 554, 'https://www.gutenberg.org/ebooks/10496.kindle.images', 3),
(7614, 554, 'https://www.gutenberg.org/ebooks/10496.kindle.noimages', 3),
(7615, 554, 'https://www.gutenberg.org/ebooks/10496.txt.utf-8', 4),
(7616, 554, 'https://www.gutenberg.org/files/10496/10496-0.txt', 4),
(7617, 554, 'https://www.gutenberg.org/ebooks/10496.rdf', 5),
(7618, 554, 'https://www.gutenberg.org/cache/epub/10496/pg10496.cover.medium.jpg', 6),
(7619, 554, 'https://www.gutenberg.org/cache/epub/10496/pg10496.cover.small.jpg', 6),
(7620, 554, 'https://www.gutenberg.org/files/10496/10496-0.zip', 7),
(7621, 554, 'https://www.gutenberg.org/files/10496/10496-h.zip', 7),
(7622, 554, 'https://www.gutenberg.org/cache/epub/10496/pg10496-h.zip', 7),
(7623, 555, 'https://www.gutenberg.org/files/10497/10497-m/10497-m-readme.txt', 4),
(7624, 555, 'https://www.gutenberg.org/files/10497/10497-m.zip', 17),
(7625, 555, 'https://www.gutenberg.org/files/10497/10497-m/10497-m-001.mp3', 13),
(7626, 555, 'https://www.gutenberg.org/files/10497/10497.txt', 4),
(7627, 555, 'https://www.gutenberg.org/files/10497/10497.zip', 4),
(7628, 555, 'https://www.gutenberg.org/ebooks/10497.rdf', 5),
(7629, 555, 'https://www.gutenberg.org/cache/epub/10497/pg10497.cover.medium.jpg', 6),
(7630, 555, 'https://www.gutenberg.org/cache/epub/10497/pg10497.cover.small.jpg', 6),
(7631, 556, 'https://www.gutenberg.org/files/10498/10498-m/10498-m-readme.txt', 4),
(7632, 556, 'https://www.gutenberg.org/files/10498/10498-m.zip', 17),
(7633, 556, 'https://www.gutenberg.org/files/10498/10498-m/10498-m-001.mp3', 13),
(7634, 556, 'https://www.gutenberg.org/files/10498/10498.txt', 4),
(7635, 556, 'https://www.gutenberg.org/files/10498/10498.zip', 4),
(7636, 556, 'https://www.gutenberg.org/ebooks/10498.rdf', 5),
(7637, 556, 'https://www.gutenberg.org/cache/epub/10498/pg10498.cover.medium.jpg', 6),
(7638, 556, 'https://www.gutenberg.org/cache/epub/10498/pg10498.cover.small.jpg', 6),
(7639, 557, 'https://www.gutenberg.org/files/10499/10499-m/10499-m-readme.txt', 4),
(7640, 557, 'https://www.gutenberg.org/files/10499/10499-m.zip', 17),
(7641, 557, 'https://www.gutenberg.org/files/10499/10499-m/10499-m-001.mp3', 13),
(7642, 557, 'https://www.gutenberg.org/files/10499/10499.txt', 4),
(7643, 557, 'https://www.gutenberg.org/files/10499/10499.zip', 4),
(7644, 557, 'https://www.gutenberg.org/ebooks/10499.rdf', 5),
(7645, 557, 'https://www.gutenberg.org/cache/epub/10499/pg10499.cover.medium.jpg', 6),
(7646, 557, 'https://www.gutenberg.org/cache/epub/10499/pg10499.cover.small.jpg', 6),
(7647, 558, 'https://www.gutenberg.org/ebooks/105.html.images', 1),
(7648, 558, 'https://www.gutenberg.org/files/105/105-h/105-h.htm', 1),
(7649, 558, 'https://www.gutenberg.org/ebooks/105.epub3.images', 2),
(7650, 558, 'https://www.gutenberg.org/ebooks/105.epub.images', 2),
(7651, 558, 'https://www.gutenberg.org/ebooks/105.epub.noimages', 2),
(7652, 558, 'https://www.gutenberg.org/ebooks/105.kf8.images', 3),
(7653, 558, 'https://www.gutenberg.org/ebooks/105.kindle.images', 3),
(7654, 558, 'https://www.gutenberg.org/ebooks/105.kindle.noimages', 3),
(7655, 558, 'https://www.gutenberg.org/ebooks/105.txt.utf-8', 4),
(7656, 558, 'https://www.gutenberg.org/files/105/105-0.txt', 4),
(7657, 558, 'https://www.gutenberg.org/ebooks/105.rdf', 5),
(7658, 558, 'https://www.gutenberg.org/cache/epub/105/pg105.cover.medium.jpg', 6),
(7659, 558, 'https://www.gutenberg.org/cache/epub/105/pg105.cover.small.jpg', 6),
(7660, 558, 'https://www.gutenberg.org/files/105/105-0.zip', 7),
(7661, 558, 'https://www.gutenberg.org/files/105/105-h.zip', 7),
(7662, 558, 'https://www.gutenberg.org/cache/epub/105/pg105-h.zip', 7),
(7663, 559, 'https://www.gutenberg.org/ebooks/1050.html.images', 1),
(7664, 559, 'https://www.gutenberg.org/files/1050/1050-h/1050-h.htm', 11),
(7665, 559, 'https://www.gutenberg.org/files/1050/1050-h.zip', 11),
(7666, 559, 'https://www.gutenberg.org/ebooks/1050.epub3.images', 2),
(7667, 559, 'https://www.gutenberg.org/ebooks/1050.epub.images', 2),
(7668, 559, 'https://www.gutenberg.org/ebooks/1050.epub.noimages', 2),
(7669, 559, 'https://www.gutenberg.org/ebooks/1050.kf8.images', 3),
(7670, 559, 'https://www.gutenberg.org/ebooks/1050.kindle.images', 3),
(7671, 559, 'https://www.gutenberg.org/ebooks/1050.kindle.noimages', 3),
(7672, 559, 'https://www.gutenberg.org/ebooks/1050.txt.utf-8', 4),
(7673, 559, 'https://www.gutenberg.org/files/1050/1050.txt', 4),
(7674, 559, 'https://www.gutenberg.org/files/1050/1050.zip', 4),
(7675, 559, 'https://www.gutenberg.org/ebooks/1050.rdf', 5),
(7676, 559, 'https://www.gutenberg.org/cache/epub/1050/pg1050.cover.medium.jpg', 6),
(7677, 559, 'https://www.gutenberg.org/cache/epub/1050/pg1050.cover.small.jpg', 6),
(7678, 559, 'https://www.gutenberg.org/cache/epub/1050/pg1050-h.zip', 7),
(7679, 560, 'https://www.gutenberg.org/files/10500/10500-m/10500-m-readme.txt', 4),
(7680, 560, 'https://www.gutenberg.org/files/10500/10500-m.zip', 17),
(7681, 560, 'https://www.gutenberg.org/files/10500/10500-m/10500-m-001.mp3', 13),
(7682, 560, 'https://www.gutenberg.org/files/10500/10500.txt', 4),
(7683, 560, 'https://www.gutenberg.org/files/10500/10500.zip', 4),
(7684, 560, 'https://www.gutenberg.org/ebooks/10500.rdf', 5),
(7685, 560, 'https://www.gutenberg.org/cache/epub/10500/pg10500.cover.medium.jpg', 6),
(7686, 560, 'https://www.gutenberg.org/cache/epub/10500/pg10500.cover.small.jpg', 6),
(7687, 561, 'https://www.gutenberg.org/files/10501/10501-m/10501-m-readme.txt', 4),
(7688, 561, 'https://www.gutenberg.org/files/10501/10501-m.zip', 17),
(7689, 561, 'https://www.gutenberg.org/files/10501/10501-m/10501-m-001.mp3', 13),
(7690, 561, 'https://www.gutenberg.org/files/10501/10501.txt', 4),
(7691, 561, 'https://www.gutenberg.org/files/10501/10501.zip', 4),
(7692, 561, 'https://www.gutenberg.org/ebooks/10501.rdf', 5),
(7693, 561, 'https://www.gutenberg.org/cache/epub/10501/pg10501.cover.medium.jpg', 6),
(7694, 561, 'https://www.gutenberg.org/cache/epub/10501/pg10501.cover.small.jpg', 6),
(7695, 562, 'https://www.gutenberg.org/ebooks/10502.html.images', 1),
(7696, 562, 'https://www.gutenberg.org/ebooks/10502.html.noimages', 1),
(7697, 562, 'https://www.gutenberg.org/ebooks/10502.epub3.images', 2),
(7698, 562, 'https://www.gutenberg.org/ebooks/10502.epub.images', 2),
(7699, 562, 'https://www.gutenberg.org/ebooks/10502.epub.noimages', 2),
(7700, 562, 'https://www.gutenberg.org/ebooks/10502.kf8.images', 3),
(7701, 562, 'https://www.gutenberg.org/ebooks/10502.kindle.images', 3),
(7702, 562, 'https://www.gutenberg.org/ebooks/10502.kindle.noimages', 3),
(7703, 562, 'https://www.gutenberg.org/ebooks/10502.txt.utf-8', 4),
(7704, 562, 'https://www.gutenberg.org/files/10502/10502-8.txt', 10),
(7705, 562, 'https://www.gutenberg.org/files/10502/10502-8.zip', 10),
(7706, 562, 'https://www.gutenberg.org/files/10502/10502.txt', 4),
(7707, 562, 'https://www.gutenberg.org/files/10502/10502.zip', 4),
(7708, 562, 'https://www.gutenberg.org/ebooks/10502.rdf', 5),
(7709, 562, 'https://www.gutenberg.org/cache/epub/10502/pg10502.cover.medium.jpg', 6),
(7710, 562, 'https://www.gutenberg.org/cache/epub/10502/pg10502.cover.small.jpg', 6),
(7711, 562, 'https://www.gutenberg.org/cache/epub/10502/pg10502-h.zip', 7),
(7712, 563, 'https://www.gutenberg.org/files/10503/10503-m/10503-m-readme.txt', 4),
(7713, 563, 'https://www.gutenberg.org/files/10503/10503-m.zip', 17),
(7714, 563, 'https://www.gutenberg.org/files/10503/10503-m/10503-m-001.mp3', 13),
(7715, 563, 'https://www.gutenberg.org/files/10503/10503.txt', 4),
(7716, 563, 'https://www.gutenberg.org/files/10503/10503.zip', 4),
(7717, 563, 'https://www.gutenberg.org/ebooks/10503.rdf', 5),
(7718, 563, 'https://www.gutenberg.org/cache/epub/10503/pg10503.cover.medium.jpg', 6),
(7719, 563, 'https://www.gutenberg.org/cache/epub/10503/pg10503.cover.small.jpg', 6),
(7720, 564, 'https://www.gutenberg.org/files/10504/10504-m/10504-m-readme.txt', 4),
(7721, 564, 'https://www.gutenberg.org/files/10504/10504-m.zip', 17),
(7722, 564, 'https://www.gutenberg.org/files/10504/10504-m/10504-m-001.mp3', 13),
(7723, 564, 'https://www.gutenberg.org/files/10504/10504.txt', 4),
(7724, 564, 'https://www.gutenberg.org/files/10504/10504.zip', 4),
(7725, 564, 'https://www.gutenberg.org/ebooks/10504.rdf', 5),
(7726, 564, 'https://www.gutenberg.org/cache/epub/10504/pg10504.cover.medium.jpg', 6),
(7727, 564, 'https://www.gutenberg.org/cache/epub/10504/pg10504.cover.small.jpg', 6),
(7728, 565, 'https://www.gutenberg.org/files/10505/10505-m/10505-m-readme.txt', 4),
(7729, 565, 'https://www.gutenberg.org/files/10505/10505-m.zip', 17),
(7730, 565, 'https://www.gutenberg.org/files/10505/10505-m/10505-m-001.mp3', 13),
(7731, 565, 'https://www.gutenberg.org/files/10505/10505.txt', 4),
(7732, 565, 'https://www.gutenberg.org/files/10505/10505.zip', 4),
(7733, 565, 'https://www.gutenberg.org/ebooks/10505.rdf', 5),
(7734, 565, 'https://www.gutenberg.org/cache/epub/10505/pg10505.cover.medium.jpg', 6),
(7735, 565, 'https://www.gutenberg.org/cache/epub/10505/pg10505.cover.small.jpg', 6),
(7736, 566, 'https://www.gutenberg.org/ebooks/10506.html.images', 1),
(7737, 566, 'https://www.gutenberg.org/ebooks/10506.html.noimages', 1),
(7738, 566, 'https://www.gutenberg.org/ebooks/10506.epub3.images', 2),
(7739, 566, 'https://www.gutenberg.org/ebooks/10506.epub.images', 2),
(7740, 566, 'https://www.gutenberg.org/ebooks/10506.epub.noimages', 2),
(7741, 566, 'https://www.gutenberg.org/ebooks/10506.kf8.images', 3),
(7742, 566, 'https://www.gutenberg.org/ebooks/10506.kindle.images', 3),
(7743, 566, 'https://www.gutenberg.org/ebooks/10506.kindle.noimages', 3),
(7744, 566, 'https://www.gutenberg.org/ebooks/10506.txt.utf-8', 4),
(7745, 566, 'https://www.gutenberg.org/files/10506/10506-8.txt', 10),
(7746, 566, 'https://www.gutenberg.org/files/10506/10506.txt', 10),
(7747, 566, 'https://www.gutenberg.org/files/10506/10506-8.zip', 10),
(7748, 566, 'https://www.gutenberg.org/files/10506/10506.zip', 10),
(7749, 566, 'https://www.gutenberg.org/ebooks/10506.rdf', 5),
(7750, 566, 'https://www.gutenberg.org/cache/epub/10506/pg10506.cover.medium.jpg', 6),
(7751, 566, 'https://www.gutenberg.org/cache/epub/10506/pg10506.cover.small.jpg', 6),
(7752, 566, 'https://www.gutenberg.org/cache/epub/10506/pg10506-h.zip', 7),
(7753, 567, 'https://www.gutenberg.org/ebooks/10507.html.images', 1),
(7754, 567, 'https://www.gutenberg.org/ebooks/10507.html.noimages', 1),
(7755, 567, 'https://www.gutenberg.org/ebooks/10507.epub3.images', 2),
(7756, 567, 'https://www.gutenberg.org/ebooks/10507.epub.images', 2),
(7757, 567, 'https://www.gutenberg.org/ebooks/10507.epub.noimages', 2),
(7758, 567, 'https://www.gutenberg.org/ebooks/10507.kf8.images', 3),
(7759, 567, 'https://www.gutenberg.org/ebooks/10507.kindle.images', 3),
(7760, 567, 'https://www.gutenberg.org/ebooks/10507.kindle.noimages', 3),
(7761, 567, 'https://www.gutenberg.org/ebooks/10507.txt.utf-8', 4),
(7762, 567, 'https://www.gutenberg.org/files/10507/10507-8.txt', 10),
(7763, 567, 'https://www.gutenberg.org/files/10507/10507.txt', 10),
(7764, 567, 'https://www.gutenberg.org/files/10507/10507-8.zip', 10),
(7765, 567, 'https://www.gutenberg.org/files/10507/10507.zip', 10),
(7766, 567, 'https://www.gutenberg.org/ebooks/10507.rdf', 5),
(7767, 567, 'https://www.gutenberg.org/cache/epub/10507/pg10507.cover.medium.jpg', 6),
(7768, 567, 'https://www.gutenberg.org/cache/epub/10507/pg10507.cover.small.jpg', 6),
(7769, 567, 'https://www.gutenberg.org/cache/epub/10507/pg10507-h.zip', 7),
(7770, 568, 'https://www.gutenberg.org/ebooks/10508.html.images', 1),
(7771, 568, 'https://www.gutenberg.org/ebooks/10508.html.noimages', 1),
(7772, 568, 'https://www.gutenberg.org/ebooks/10508.epub3.images', 2),
(7773, 568, 'https://www.gutenberg.org/ebooks/10508.epub.images', 2),
(7774, 568, 'https://www.gutenberg.org/ebooks/10508.epub.noimages', 2),
(7775, 568, 'https://www.gutenberg.org/ebooks/10508.kf8.images', 3),
(7776, 568, 'https://www.gutenberg.org/ebooks/10508.kindle.images', 3),
(7777, 568, 'https://www.gutenberg.org/ebooks/10508.kindle.noimages', 3),
(7778, 568, 'https://www.gutenberg.org/ebooks/10508.txt.utf-8', 4),
(7779, 568, 'https://www.gutenberg.org/files/10508/10508.txt', 4),
(7780, 568, 'https://www.gutenberg.org/files/10508/10508.zip', 4),
(7781, 568, 'https://www.gutenberg.org/ebooks/10508.rdf', 5),
(7782, 568, 'https://www.gutenberg.org/cache/epub/10508/pg10508.cover.medium.jpg', 6),
(7783, 568, 'https://www.gutenberg.org/cache/epub/10508/pg10508.cover.small.jpg', 6),
(7784, 568, 'https://www.gutenberg.org/cache/epub/10508/pg10508-h.zip', 7),
(7785, 569, 'https://www.gutenberg.org/ebooks/10509.html.images', 1),
(7786, 569, 'https://www.gutenberg.org/ebooks/10509.html.noimages', 1),
(7787, 569, 'https://www.gutenberg.org/ebooks/10509.epub3.images', 2),
(7788, 569, 'https://www.gutenberg.org/ebooks/10509.epub.images', 2),
(7789, 569, 'https://www.gutenberg.org/ebooks/10509.epub.noimages', 2),
(7790, 569, 'https://www.gutenberg.org/ebooks/10509.kf8.images', 3),
(7791, 569, 'https://www.gutenberg.org/ebooks/10509.kindle.images', 3),
(7792, 569, 'https://www.gutenberg.org/ebooks/10509.kindle.noimages', 3),
(7793, 569, 'https://www.gutenberg.org/ebooks/10509.txt.utf-8', 4),
(7794, 569, 'https://www.gutenberg.org/files/10509/10509-8.txt', 10),
(7795, 569, 'https://www.gutenberg.org/files/10509/10509-8.zip', 10),
(7796, 569, 'https://www.gutenberg.org/files/10509/10509.txt', 4),
(7797, 569, 'https://www.gutenberg.org/files/10509/10509.zip', 4),
(7798, 569, 'https://www.gutenberg.org/ebooks/10509.rdf', 5),
(7799, 569, 'https://www.gutenberg.org/cache/epub/10509/pg10509.cover.medium.jpg', 6),
(7800, 569, 'https://www.gutenberg.org/cache/epub/10509/pg10509.cover.small.jpg', 6),
(7801, 569, 'https://www.gutenberg.org/cache/epub/10509/pg10509-h.zip', 7),
(7802, 570, 'https://www.gutenberg.org/ebooks/1051.html.images', 1),
(7803, 570, 'https://www.gutenberg.org/files/1051/1051-h/1051-h.htm', 11),
(7804, 570, 'https://www.gutenberg.org/files/1051/1051-h.zip', 11);
INSERT INTO `booklinks` (`Link_id`, `Book_id`, `Link`, `type_id`) VALUES
(7805, 570, 'https://www.gutenberg.org/ebooks/1051.epub3.images', 2),
(7806, 570, 'https://www.gutenberg.org/ebooks/1051.epub.images', 2),
(7807, 570, 'https://www.gutenberg.org/ebooks/1051.epub.noimages', 2),
(7808, 570, 'https://www.gutenberg.org/ebooks/1051.kf8.images', 3),
(7809, 570, 'https://www.gutenberg.org/ebooks/1051.kindle.images', 3),
(7810, 570, 'https://www.gutenberg.org/ebooks/1051.kindle.noimages', 3),
(7811, 570, 'https://www.gutenberg.org/ebooks/1051.txt.utf-8', 4),
(7812, 570, 'https://www.gutenberg.org/files/1051/1051.txt', 4),
(7813, 570, 'https://www.gutenberg.org/files/1051/1051.zip', 4),
(7814, 570, 'https://www.gutenberg.org/ebooks/1051.rdf', 5),
(7815, 570, 'https://www.gutenberg.org/cache/epub/1051/pg1051.cover.medium.jpg', 6),
(7816, 570, 'https://www.gutenberg.org/cache/epub/1051/pg1051.cover.small.jpg', 6),
(7817, 570, 'https://www.gutenberg.org/cache/epub/1051/pg1051-h.zip', 7),
(7818, 571, 'https://www.gutenberg.org/ebooks/10510.html.images', 1),
(7819, 571, 'https://www.gutenberg.org/files/10510/10510-h/10510-h.htm', 9),
(7820, 571, 'https://www.gutenberg.org/files/10510/10510-h.zip', 9),
(7821, 571, 'https://www.gutenberg.org/ebooks/10510.epub3.images', 2),
(7822, 571, 'https://www.gutenberg.org/ebooks/10510.epub.images', 2),
(7823, 571, 'https://www.gutenberg.org/ebooks/10510.epub.noimages', 2),
(7824, 571, 'https://www.gutenberg.org/ebooks/10510.kf8.images', 3),
(7825, 571, 'https://www.gutenberg.org/ebooks/10510.kindle.images', 3),
(7826, 571, 'https://www.gutenberg.org/ebooks/10510.kindle.noimages', 3),
(7827, 571, 'https://www.gutenberg.org/ebooks/10510.txt.utf-8', 4),
(7828, 571, 'https://www.gutenberg.org/files/10510/10510.txt', 4),
(7829, 571, 'https://www.gutenberg.org/files/10510/10510.zip', 4),
(7830, 571, 'https://www.gutenberg.org/ebooks/10510.rdf', 5),
(7831, 571, 'https://www.gutenberg.org/cache/epub/10510/pg10510.cover.medium.jpg', 6),
(7832, 571, 'https://www.gutenberg.org/cache/epub/10510/pg10510.cover.small.jpg', 6),
(7833, 571, 'https://www.gutenberg.org/cache/epub/10510/pg10510-h.zip', 7),
(7834, 572, 'https://www.gutenberg.org/ebooks/10511.html.images', 1),
(7835, 572, 'https://www.gutenberg.org/ebooks/10511.html.noimages', 1),
(7836, 572, 'https://www.gutenberg.org/ebooks/10511.epub3.images', 2),
(7837, 572, 'https://www.gutenberg.org/ebooks/10511.epub.images', 2),
(7838, 572, 'https://www.gutenberg.org/ebooks/10511.epub.noimages', 2),
(7839, 572, 'https://www.gutenberg.org/ebooks/10511.kf8.images', 3),
(7840, 572, 'https://www.gutenberg.org/ebooks/10511.kindle.images', 3),
(7841, 572, 'https://www.gutenberg.org/ebooks/10511.kindle.noimages', 3),
(7842, 572, 'https://www.gutenberg.org/ebooks/10511.txt.utf-8', 4),
(7843, 572, 'https://www.gutenberg.org/files/10511/10511-0.txt', 4),
(7844, 572, 'https://www.gutenberg.org/files/10511/10511-8.txt', 4),
(7845, 572, 'https://www.gutenberg.org/files/10511/10511.txt', 4),
(7846, 572, 'https://www.gutenberg.org/ebooks/10511.rdf', 5),
(7847, 572, 'https://www.gutenberg.org/cache/epub/10511/pg10511.cover.medium.jpg', 6),
(7848, 572, 'https://www.gutenberg.org/cache/epub/10511/pg10511.cover.small.jpg', 6),
(7849, 572, 'https://www.gutenberg.org/files/10511/10511-0.zip', 7),
(7850, 572, 'https://www.gutenberg.org/files/10511/10511-8.zip', 7),
(7851, 572, 'https://www.gutenberg.org/files/10511/10511.zip', 7),
(7852, 572, 'https://www.gutenberg.org/cache/epub/10511/pg10511-h.zip', 7),
(7853, 573, 'https://www.gutenberg.org/ebooks/10512.html.images', 1),
(7854, 573, 'https://www.gutenberg.org/ebooks/10512.html.noimages', 1),
(7855, 573, 'https://www.gutenberg.org/ebooks/10512.epub3.images', 2),
(7856, 573, 'https://www.gutenberg.org/ebooks/10512.epub.images', 2),
(7857, 573, 'https://www.gutenberg.org/ebooks/10512.epub.noimages', 2),
(7858, 573, 'https://www.gutenberg.org/ebooks/10512.kf8.images', 3),
(7859, 573, 'https://www.gutenberg.org/ebooks/10512.kindle.images', 3),
(7860, 573, 'https://www.gutenberg.org/ebooks/10512.kindle.noimages', 3),
(7861, 573, 'https://www.gutenberg.org/ebooks/10512.txt.utf-8', 4),
(7862, 573, 'https://www.gutenberg.org/files/10512/10512-8.txt', 10),
(7863, 573, 'https://www.gutenberg.org/files/10512/10512-8.zip', 10),
(7864, 573, 'https://www.gutenberg.org/files/10512/10512.txt', 4),
(7865, 573, 'https://www.gutenberg.org/files/10512/10512.zip', 4),
(7866, 573, 'https://www.gutenberg.org/ebooks/10512.rdf', 5),
(7867, 573, 'https://www.gutenberg.org/cache/epub/10512/pg10512.cover.medium.jpg', 6),
(7868, 573, 'https://www.gutenberg.org/cache/epub/10512/pg10512.cover.small.jpg', 6),
(7869, 573, 'https://www.gutenberg.org/cache/epub/10512/pg10512-h.zip', 7),
(7870, 574, 'https://www.gutenberg.org/ebooks/10513.html.images', 1),
(7871, 574, 'https://www.gutenberg.org/files/10513/10513-h/10513-h.htm', 11),
(7872, 574, 'https://www.gutenberg.org/files/10513/10513-h.zip', 1),
(7873, 574, 'https://www.gutenberg.org/ebooks/10513.epub3.images', 2),
(7874, 574, 'https://www.gutenberg.org/ebooks/10513.epub.images', 2),
(7875, 574, 'https://www.gutenberg.org/ebooks/10513.epub.noimages', 2),
(7876, 574, 'https://www.gutenberg.org/ebooks/10513.kf8.images', 3),
(7877, 574, 'https://www.gutenberg.org/ebooks/10513.kindle.images', 3),
(7878, 574, 'https://www.gutenberg.org/ebooks/10513.kindle.noimages', 3),
(7879, 574, 'https://www.gutenberg.org/ebooks/10513.txt.utf-8', 4),
(7880, 574, 'https://www.gutenberg.org/files/10513/10513.txt', 4),
(7881, 574, 'https://www.gutenberg.org/files/10513/10513.zip', 4),
(7882, 574, 'https://www.gutenberg.org/ebooks/10513.rdf', 5),
(7883, 574, 'https://www.gutenberg.org/cache/epub/10513/pg10513.cover.medium.jpg', 6),
(7884, 574, 'https://www.gutenberg.org/cache/epub/10513/pg10513.cover.small.jpg', 6),
(7885, 574, 'https://www.gutenberg.org/cache/epub/10513/pg10513-h.zip', 7),
(7886, 575, 'https://www.gutenberg.org/ebooks/10514.html.images', 1),
(7887, 575, 'https://www.gutenberg.org/ebooks/10514.html.noimages', 1),
(7888, 575, 'https://www.gutenberg.org/ebooks/10514.epub3.images', 2),
(7889, 575, 'https://www.gutenberg.org/ebooks/10514.epub.images', 2),
(7890, 575, 'https://www.gutenberg.org/ebooks/10514.epub.noimages', 2),
(7891, 575, 'https://www.gutenberg.org/ebooks/10514.kf8.images', 3),
(7892, 575, 'https://www.gutenberg.org/ebooks/10514.kindle.images', 3),
(7893, 575, 'https://www.gutenberg.org/ebooks/10514.kindle.noimages', 3),
(7894, 575, 'https://www.gutenberg.org/ebooks/10514.txt.utf-8', 4),
(7895, 575, 'https://www.gutenberg.org/files/10514/10514-8.txt', 10),
(7896, 575, 'https://www.gutenberg.org/files/10514/10514.txt', 10),
(7897, 575, 'https://www.gutenberg.org/files/10514/10514-8.zip', 10),
(7898, 575, 'https://www.gutenberg.org/files/10514/10514.zip', 10),
(7899, 575, 'https://www.gutenberg.org/ebooks/10514.rdf', 5),
(7900, 575, 'https://www.gutenberg.org/cache/epub/10514/pg10514.cover.medium.jpg', 6),
(7901, 575, 'https://www.gutenberg.org/cache/epub/10514/pg10514.cover.small.jpg', 6),
(7902, 575, 'https://www.gutenberg.org/cache/epub/10514/pg10514-h.zip', 7),
(7903, 576, 'https://www.gutenberg.org/ebooks/10515.html.images', 1),
(7904, 576, 'https://www.gutenberg.org/files/10515/10515-h/10515-h.htm', 9),
(7905, 576, 'https://www.gutenberg.org/files/10515/10515-h.zip', 1),
(7906, 576, 'https://www.gutenberg.org/ebooks/10515.epub3.images', 2),
(7907, 576, 'https://www.gutenberg.org/ebooks/10515.epub.images', 2),
(7908, 576, 'https://www.gutenberg.org/ebooks/10515.epub.noimages', 2),
(7909, 576, 'https://www.gutenberg.org/ebooks/10515.kf8.images', 3),
(7910, 576, 'https://www.gutenberg.org/ebooks/10515.kindle.images', 3),
(7911, 576, 'https://www.gutenberg.org/ebooks/10515.kindle.noimages', 3),
(7912, 576, 'https://www.gutenberg.org/ebooks/10515.txt.utf-8', 4),
(7913, 576, 'https://www.gutenberg.org/files/10515/10515-8.txt', 10),
(7914, 576, 'https://www.gutenberg.org/files/10515/10515-8.zip', 10),
(7915, 576, 'https://www.gutenberg.org/files/10515/10515.txt', 4),
(7916, 576, 'https://www.gutenberg.org/files/10515/10515.zip', 4),
(7917, 576, 'https://www.gutenberg.org/ebooks/10515.rdf', 5),
(7918, 576, 'https://www.gutenberg.org/cache/epub/10515/pg10515.cover.medium.jpg', 6),
(7919, 576, 'https://www.gutenberg.org/cache/epub/10515/pg10515.cover.small.jpg', 6),
(7920, 576, 'https://www.gutenberg.org/cache/epub/10515/pg10515-h.zip', 7),
(7921, 577, 'https://www.gutenberg.org/ebooks/10516.html.images', 1),
(7922, 577, 'https://www.gutenberg.org/files/10516/10516-h/10516-h.htm', 12),
(7923, 577, 'https://www.gutenberg.org/files/10516/10516-h.zip', 1),
(7924, 577, 'https://www.gutenberg.org/ebooks/10516.epub3.images', 2),
(7925, 577, 'https://www.gutenberg.org/ebooks/10516.epub.images', 2),
(7926, 577, 'https://www.gutenberg.org/ebooks/10516.epub.noimages', 2),
(7927, 577, 'https://www.gutenberg.org/ebooks/10516.kf8.images', 3),
(7928, 577, 'https://www.gutenberg.org/ebooks/10516.kindle.images', 3),
(7929, 577, 'https://www.gutenberg.org/ebooks/10516.kindle.noimages', 3),
(7930, 577, 'https://www.gutenberg.org/ebooks/10516.txt.utf-8', 4),
(7931, 577, 'https://www.gutenberg.org/files/10516/10516-8.txt', 10),
(7932, 577, 'https://www.gutenberg.org/files/10516/10516-8.zip', 10),
(7933, 577, 'https://www.gutenberg.org/files/10516/10516.txt', 4),
(7934, 577, 'https://www.gutenberg.org/files/10516/10516.zip', 4),
(7935, 577, 'https://www.gutenberg.org/ebooks/10516.rdf', 5),
(7936, 577, 'https://www.gutenberg.org/cache/epub/10516/pg10516.cover.medium.jpg', 6),
(7937, 577, 'https://www.gutenberg.org/cache/epub/10516/pg10516.cover.small.jpg', 6),
(7938, 577, 'https://www.gutenberg.org/cache/epub/10516/pg10516-h.zip', 7),
(7939, 578, 'https://www.gutenberg.org/ebooks/10517.html.images', 1),
(7940, 578, 'https://www.gutenberg.org/files/10517/10517-h/10517-h.htm', 12),
(7941, 578, 'https://www.gutenberg.org/files/10517/10517-h.zip', 1),
(7942, 578, 'https://www.gutenberg.org/ebooks/10517.epub3.images', 2),
(7943, 578, 'https://www.gutenberg.org/ebooks/10517.epub.images', 2),
(7944, 578, 'https://www.gutenberg.org/ebooks/10517.epub.noimages', 2),
(7945, 578, 'https://www.gutenberg.org/ebooks/10517.kf8.images', 3),
(7946, 578, 'https://www.gutenberg.org/ebooks/10517.kindle.images', 3),
(7947, 578, 'https://www.gutenberg.org/ebooks/10517.kindle.noimages', 3),
(7948, 578, 'https://www.gutenberg.org/ebooks/10517.txt.utf-8', 4),
(7949, 578, 'https://www.gutenberg.org/files/10517/10517.txt', 4),
(7950, 578, 'https://www.gutenberg.org/files/10517/10517.zip', 4),
(7951, 578, 'https://www.gutenberg.org/ebooks/10517.rdf', 5),
(7952, 578, 'https://www.gutenberg.org/cache/epub/10517/pg10517.cover.medium.jpg', 6),
(7953, 578, 'https://www.gutenberg.org/cache/epub/10517/pg10517.cover.small.jpg', 6),
(7954, 578, 'https://www.gutenberg.org/cache/epub/10517/pg10517-h.zip', 7),
(7955, 579, 'https://www.gutenberg.org/ebooks/10518.html.images', 1),
(7956, 579, 'https://www.gutenberg.org/ebooks/10518.html.noimages', 1),
(7957, 579, 'https://www.gutenberg.org/ebooks/10518.epub3.images', 2),
(7958, 579, 'https://www.gutenberg.org/ebooks/10518.epub.images', 2),
(7959, 579, 'https://www.gutenberg.org/ebooks/10518.epub.noimages', 2),
(7960, 579, 'https://www.gutenberg.org/ebooks/10518.kf8.images', 3),
(7961, 579, 'https://www.gutenberg.org/ebooks/10518.kindle.images', 3),
(7962, 579, 'https://www.gutenberg.org/ebooks/10518.kindle.noimages', 3),
(7963, 579, 'https://www.gutenberg.org/ebooks/10518.txt.utf-8', 4),
(7964, 579, 'https://www.gutenberg.org/files/10518/10518-8.txt', 10),
(7965, 579, 'https://www.gutenberg.org/files/10518/10518-8.zip', 10),
(7966, 579, 'https://www.gutenberg.org/files/10518/10518.txt', 4),
(7967, 579, 'https://www.gutenberg.org/files/10518/10518.zip', 4),
(7968, 579, 'https://www.gutenberg.org/ebooks/10518.rdf', 5),
(7969, 579, 'https://www.gutenberg.org/cache/epub/10518/pg10518.cover.medium.jpg', 6),
(7970, 579, 'https://www.gutenberg.org/cache/epub/10518/pg10518.cover.small.jpg', 6),
(7971, 579, 'https://www.gutenberg.org/cache/epub/10518/pg10518-h.zip', 7),
(7972, 580, 'https://www.gutenberg.org/ebooks/10519.html.images', 1),
(7973, 580, 'https://www.gutenberg.org/files/10519/10519-h/10519-h.htm', 12),
(7974, 580, 'https://www.gutenberg.org/files/10519/10519-h.zip', 1),
(7975, 580, 'https://www.gutenberg.org/ebooks/10519.epub3.images', 2),
(7976, 580, 'https://www.gutenberg.org/ebooks/10519.epub.images', 2),
(7977, 580, 'https://www.gutenberg.org/ebooks/10519.epub.noimages', 2),
(7978, 580, 'https://www.gutenberg.org/ebooks/10519.kf8.images', 3),
(7979, 580, 'https://www.gutenberg.org/ebooks/10519.kindle.images', 3),
(7980, 580, 'https://www.gutenberg.org/ebooks/10519.kindle.noimages', 3),
(7981, 580, 'https://www.gutenberg.org/ebooks/10519.txt.utf-8', 4),
(7982, 580, 'https://www.gutenberg.org/files/10519/10519.txt', 4),
(7983, 580, 'https://www.gutenberg.org/files/10519/10519.zip', 4),
(7984, 580, 'https://www.gutenberg.org/ebooks/10519.rdf', 5),
(7985, 580, 'https://www.gutenberg.org/cache/epub/10519/pg10519.cover.medium.jpg', 6),
(7986, 580, 'https://www.gutenberg.org/cache/epub/10519/pg10519.cover.small.jpg', 6),
(7987, 580, 'https://www.gutenberg.org/cache/epub/10519/pg10519-h.zip', 7),
(7988, 581, 'https://www.gutenberg.org/ebooks/1052.html.images', 1),
(7989, 581, 'https://www.gutenberg.org/files/1052/1052-h/1052-h.htm', 11),
(7990, 581, 'https://www.gutenberg.org/files/1052/1052-h.zip', 11),
(7991, 581, 'https://www.gutenberg.org/ebooks/1052.epub3.images', 2),
(7992, 581, 'https://www.gutenberg.org/ebooks/1052.epub.images', 2),
(7993, 581, 'https://www.gutenberg.org/ebooks/1052.epub.noimages', 2),
(7994, 581, 'https://www.gutenberg.org/ebooks/1052.kf8.images', 3),
(7995, 581, 'https://www.gutenberg.org/ebooks/1052.kindle.images', 3),
(7996, 581, 'https://www.gutenberg.org/ebooks/1052.kindle.noimages', 3),
(7997, 581, 'https://www.gutenberg.org/ebooks/1052.txt.utf-8', 4),
(7998, 581, 'https://www.gutenberg.org/files/1052/1052.txt', 4),
(7999, 581, 'https://www.gutenberg.org/files/1052/1052.zip', 4),
(8000, 581, 'https://www.gutenberg.org/ebooks/1052.rdf', 5);

-- --------------------------------------------------------

--
-- Table structure for table `bookmarks`
--

CREATE TABLE `bookmarks` (
  `bookmark_id` int(11) NOT NULL,
  `book_id` int(11) DEFAULT NULL,
  `user_id` int(11) DEFAULT NULL,
  `bookmark_date` timestamp NOT NULL DEFAULT current_timestamp() ON UPDATE current_timestamp()
) ENGINE=InnoDB DEFAULT CHARSET=utf8mb4 COLLATE=utf8mb4_general_ci;

--
-- Dumping data for table `bookmarks`
--

INSERT INTO `bookmarks` (`bookmark_id`, `book_id`, `user_id`, `bookmark_date`) VALUES
(0, 496, 102, '2024-12-05 08:47:56');

-- --------------------------------------------------------

--
-- Table structure for table `books`
--

CREATE TABLE `books` (
  `Book_id` int(3) NOT NULL,
  `Published_date` date DEFAULT NULL,
  `Language` varchar(50) NOT NULL DEFAULT 'English'
) ENGINE=InnoDB DEFAULT CHARSET=utf8 COLLATE=utf8_general_ci;

--
-- Dumping data for table `books`
--

INSERT INTO `books` (`Book_id`, `Published_date`, `Language`) VALUES
(1, '1971-12-01', 'en'),
(2, '1989-08-01', 'en'),
(3, '1994-01-01', 'en'),
(4, '1997-08-01', 'it'),
(5, '2006-03-01', 'en'),
(6, '2003-11-01', 'en'),
(7, '2003-11-01', 'en'),
(8, '2003-11-01', 'en'),
(9, '2003-11-01', 'en'),
(10, '2003-11-01', 'en'),
(11, '2003-11-01', 'en'),
(12, '2003-11-01', 'en'),
(13, '2003-11-01', 'en'),
(14, '2003-11-01', 'en'),
(15, '1997-08-01', 'en'),
(16, '2003-11-01', 'en'),
(17, '2003-11-01', 'en'),
(18, '2003-11-01', 'en'),
(19, '2003-11-01', 'en'),
(20, '2003-11-01', 'en'),
(21, '2003-11-01', 'en'),
(22, '2003-11-01', 'en'),
(23, '2003-11-01', 'en'),
(24, '2003-11-01', 'en'),
(25, '2003-11-01', 'en'),
(26, '1997-08-01', 'en'),
(27, '2003-11-01', 'en'),
(28, '2003-11-01', 'en'),
(29, '2003-11-01', 'en'),
(30, '2003-11-01', 'en'),
(31, '2003-11-01', 'en'),
(32, '2003-11-01', 'en'),
(33, '2003-10-09', 'en'),
(34, '2003-11-01', 'en'),
(35, '2003-10-12', 'en'),
(36, '2003-11-01', 'en'),
(37, '1997-08-01', 'en'),
(38, '2003-11-01', 'en'),
(39, '2003-11-01', 'en'),
(40, '2003-11-01', 'en'),
(41, '2003-11-01', 'en'),
(42, '2003-11-01', 'en'),
(43, '2003-11-01', 'en'),
(44, '2003-11-01', 'en'),
(45, '2003-11-01', 'en'),
(46, '2003-11-01', 'en'),
(47, '2003-11-01', 'en'),
(48, '1997-08-01', 'en'),
(49, '2003-11-01', 'en'),
(50, '2003-11-01', 'en'),
(51, '2003-11-01', 'en'),
(52, '2003-11-01', 'en'),
(53, '2003-11-01', 'en'),
(54, '2003-11-01', 'en'),
(55, '2003-11-01', 'en'),
(56, '2003-11-01', 'en'),
(57, '2003-11-01', 'en'),
(58, '2003-11-01', 'en'),
(59, '2004-08-07', 'en'),
(60, '2003-11-01', 'en'),
(61, '2003-11-01', 'en'),
(62, '2003-11-01', 'en'),
(63, '2003-11-01', 'fr'),
(64, '2003-11-01', 'la'),
(65, '2003-11-01', 'de'),
(66, '2003-11-01', 'en'),
(67, '2003-11-01', 'en'),
(68, '2003-11-01', 'en'),
(69, '2003-11-01', 'en'),
(70, '2004-08-06', 'en'),
(71, '2003-11-01', 'en'),
(72, '2003-11-01', 'fr'),
(73, '2003-11-01', 'en'),
(74, '2003-11-01', 'en'),
(75, '2003-11-01', 'en'),
(76, '2003-11-01', 'en'),
(77, '2003-11-01', 'en'),
(78, '2003-11-01', 'en'),
(79, '2003-11-01', 'en'),
(80, '2003-11-01', 'en'),
(81, '2004-08-02', 'en'),
(82, '2003-11-01', 'en'),
(83, '2003-11-01', 'en'),
(84, '2003-11-01', 'en'),
(85, '2003-11-01', 'en'),
(86, '2003-10-13', 'en'),
(87, '2003-11-01', 'en'),
(88, '2003-11-01', 'en'),
(89, '2003-11-01', 'en'),
(90, '2003-11-01', 'en'),
(91, '2003-11-01', 'en'),
(92, '1997-08-01', 'en'),
(93, '2003-11-01', 'en'),
(94, '2003-11-01', 'en'),
(95, '2003-11-01', 'en'),
(96, '2003-11-01', 'en'),
(97, '2003-11-01', 'en'),
(98, '2003-11-01', 'en'),
(99, '2003-11-01', 'en'),
(100, '2003-11-01', 'en'),
(101, '2003-11-01', 'en'),
(102, '2003-11-01', 'en'),
(103, '1997-08-01', 'it'),
(104, '2003-11-01', 'en'),
(105, '2003-11-01', 'en'),
(106, '2003-11-01', 'en'),
(107, '2003-11-01', 'en'),
(108, '2003-11-01', 'en'),
(109, '2003-11-01', 'en'),
(110, '2003-11-01', 'en'),
(111, '2003-11-01', 'en'),
(112, '2003-11-01', 'en'),
(113, '2003-11-01', 'en'),
(114, '1994-01-01', 'en'),
(115, '1997-08-01', 'it'),
(116, '2003-11-01', 'en'),
(117, '2003-11-01', 'en'),
(118, '2003-11-01', 'en'),
(119, '2003-11-01', 'en'),
(120, '2003-11-01', 'en'),
(121, '2003-11-01', 'en'),
(122, '2003-11-01', 'en'),
(123, '2003-11-01', 'en'),
(124, '2003-11-01', 'en'),
(125, '2003-11-01', 'en'),
(126, '1997-08-01', 'it'),
(127, '2003-11-01', 'en'),
(128, '2003-11-01', 'en'),
(129, '2003-11-01', 'en'),
(130, '2003-11-01', 'nl'),
(131, '2003-11-01', 'en'),
(132, '2003-11-01', 'en'),
(133, '2003-11-01', 'en'),
(134, '2003-11-01', 'sv'),
(135, '2003-11-01', 'en'),
(136, '2003-11-01', 'en'),
(137, '1997-08-01', 'it'),
(138, '2003-11-01', 'en'),
(139, '2003-11-01', 'en'),
(140, '2003-11-01', 'en'),
(141, '2003-11-01', 'en'),
(142, '2003-11-01', 'en'),
(143, '2003-11-01', 'en'),
(144, '2003-11-01', 'en'),
(145, '2003-11-01', 'en'),
(146, '2003-11-01', 'en'),
(147, '2003-11-01', 'en'),
(148, '2004-10-20', 'en'),
(149, '2003-11-01', 'en'),
(150, '2003-11-01', 'en'),
(151, '2003-11-01', 'en'),
(152, '2003-11-01', 'en'),
(153, '2003-11-01', 'en'),
(154, '2003-11-01', 'en'),
(155, '2003-11-01', 'en'),
(156, '2003-11-01', 'en'),
(157, '2003-11-01', 'en'),
(158, '2003-11-01', 'en'),
(159, '1997-08-01', 'en'),
(160, '2003-11-01', 'en'),
(161, '2003-11-01', 'en'),
(162, '2003-11-01', 'en'),
(163, '2003-11-01', 'en'),
(164, '2003-11-01', 'en'),
(165, '2003-11-01', 'en'),
(166, '2003-11-01', 'en'),
(167, '2003-11-01', 'en'),
(168, '2003-11-01', 'en'),
(169, '2003-11-01', 'en'),
(170, '2006-04-27', 'en'),
(171, '2003-11-01', 'en'),
(172, '2003-11-01', 'en'),
(173, '2003-11-01', 'en'),
(174, '2003-11-01', 'en'),
(175, '2003-11-01', 'en'),
(176, '2003-11-01', 'en'),
(177, '2003-11-01', 'it'),
(178, '2003-11-01', 'en'),
(179, '2003-11-01', 'en'),
(180, '2003-11-01', 'en'),
(181, '1997-08-01', 'en'),
(182, '2003-11-01', 'fr'),
(183, '2003-11-01', 'en'),
(184, '2003-11-01', 'en'),
(185, '2003-11-01', 'en'),
(186, '2003-11-01', 'en'),
(187, '2003-11-01', 'en'),
(188, '2003-11-01', 'en'),
(189, '2003-11-01', 'en'),
(190, '2003-11-01', 'en'),
(191, '2003-11-01', 'en'),
(192, '1997-08-01', 'en'),
(193, '2003-11-01', 'en'),
(194, '2003-11-01', 'en'),
(195, '2003-11-01', 'en'),
(196, '2003-11-01', 'en'),
(197, '2003-11-01', 'en'),
(198, '2003-11-01', 'en'),
(199, '2003-11-01', 'en'),
(200, '2003-11-01', 'en'),
(201, '2003-11-01', 'en'),
(202, '2003-11-01', 'en'),
(203, '1997-08-01', 'en'),
(204, '2003-11-01', 'en'),
(205, '2003-11-01', 'en'),
(206, '2003-11-01', 'en'),
(207, '2003-11-01', 'en'),
(208, '2003-11-01', 'en'),
(209, '2003-11-01', 'en'),
(210, '2003-11-01', 'en'),
(211, '2003-11-01', 'en'),
(212, '2003-11-01', 'en'),
(213, '2003-11-01', 'en'),
(214, '1997-08-01', 'en'),
(215, '2003-11-01', 'en'),
(216, '2003-11-01', 'en'),
(217, '2003-11-01', 'en'),
(218, '2003-11-01', 'en'),
(219, '2003-11-01', 'en'),
(220, '2003-11-01', 'en'),
(221, '2003-11-01', 'en'),
(222, '2003-11-01', 'en'),
(223, '2003-11-01', 'en'),
(224, '2003-11-01', 'en'),
(225, '2004-09-14', 'en'),
(226, '1997-08-01', 'en'),
(227, '2003-11-01', 'en'),
(228, '2003-11-01', 'en'),
(229, '2003-11-01', 'en'),
(230, '2003-11-01', 'en'),
(231, '2003-11-01', 'en'),
(232, '2003-11-01', 'en'),
(233, '2003-11-01', 'en'),
(234, '2003-11-01', 'en'),
(235, '2003-11-01', 'en'),
(236, '2003-11-01', 'en'),
(237, '1997-08-01', 'en'),
(238, '2003-11-01', 'en'),
(239, '2003-11-01', 'en'),
(240, '2003-11-01', 'en'),
(241, '2003-11-01', 'en'),
(242, '2003-11-01', 'en'),
(243, '2003-11-01', 'it'),
(244, '2003-11-01', 'en'),
(245, '2003-11-01', 'en'),
(246, '2003-11-01', 'da'),
(247, '2003-11-01', 'en'),
(248, '1997-08-01', 'en'),
(249, '2003-11-01', 'en'),
(250, '2003-11-01', 'en'),
(251, '2003-11-01', 'en'),
(252, '2003-11-01', 'de'),
(253, '2003-11-01', 'en'),
(254, '2003-11-01', 'en'),
(255, '2003-11-01', 'en'),
(256, '2003-11-01', 'en'),
(257, '2003-11-01', 'es'),
(258, '2003-11-01', 'en'),
(259, '1997-08-01', 'en'),
(260, '2003-11-01', 'en'),
(261, '2003-11-01', 'en'),
(262, '2003-11-01', 'en'),
(263, '2003-11-01', 'en'),
(264, '2003-11-01', 'en'),
(265, '2003-11-01', 'en'),
(266, '2003-11-01', 'en'),
(267, '2003-11-01', 'en'),
(268, '2003-11-01', 'en'),
(269, '2003-11-01', 'en'),
(270, '2006-02-11', 'en'),
(271, '2003-11-01', 'en'),
(272, '2003-11-01', 'en'),
(273, '2003-11-01', 'en'),
(274, '2003-11-01', 'en'),
(275, '2003-11-01', 'en'),
(276, '2003-11-01', 'en'),
(277, '2003-11-01', 'en'),
(278, '2003-11-01', 'en'),
(279, '2003-11-01', 'en'),
(280, '2003-11-01', 'en'),
(281, '1997-08-01', 'en'),
(282, '2003-11-01', 'en'),
(283, '2003-11-01', 'en'),
(284, '2003-11-01', 'en'),
(285, '2003-11-01', 'en'),
(286, '2003-11-01', 'en'),
(287, '2003-11-01', 'es'),
(288, '2003-11-01', 'de'),
(289, '2003-11-01', 'yi'),
(290, '2003-11-01', 'en'),
(291, '2003-11-01', 'en'),
(292, '1997-08-01', 'en'),
(293, '2003-11-01', 'en'),
(294, '2003-11-01', 'es'),
(295, '2003-11-01', 'es'),
(296, '2003-11-01', 'fr'),
(297, '2003-11-01', 'lt'),
(298, '2003-11-01', 'fi'),
(299, '2003-11-01', 'en'),
(300, '2003-11-01', 'en'),
(301, '2003-11-01', 'en'),
(302, '2003-11-01', 'en'),
(303, '1997-08-01', 'en'),
(304, '2003-11-01', 'en'),
(305, '2003-11-01', 'de'),
(306, '2003-11-01', 'it'),
(307, '2003-11-01', 'it'),
(308, '2003-11-01', 'en'),
(309, '2003-11-01', 'it'),
(310, '2003-11-01', 'la'),
(311, '2003-11-01', 'en'),
(312, '2003-11-01', 'it'),
(313, '2003-11-01', 'en'),
(314, '1997-08-01', 'en'),
(315, '2003-11-01', 'en'),
(316, '2003-11-01', 'en'),
(317, '2003-11-01', 'en'),
(318, '2003-11-01', 'en'),
(319, '2003-11-01', 'en'),
(320, '2003-11-01', 'en'),
(321, '2003-11-01', 'en'),
(322, '2003-11-01', 'en'),
(323, '2003-11-01', 'en'),
(324, '2003-11-01', 'fr'),
(325, '1997-09-01', 'en'),
(326, '2003-11-01', 'fr'),
(327, '2003-11-01', 'en'),
(328, '2003-11-01', 'en'),
(329, '2003-11-01', 'es'),
(330, '2003-11-01', 'en'),
(331, '2003-11-01', 'en'),
(332, '2003-11-01', 'en'),
(333, '2003-11-01', 'en'),
(334, '2003-11-01', 'en'),
(335, '2003-11-01', 'en'),
(336, '1994-01-01', 'en'),
(337, '1997-09-01', 'en'),
(338, '2003-11-01', 'en'),
(339, '2003-11-01', 'en'),
(340, '2003-11-01', 'en'),
(341, '2003-11-01', 'en'),
(342, '2003-11-01', 'en'),
(343, '2003-11-01', 'en'),
(344, '2003-11-01', 'en'),
(345, '2003-11-01', 'en'),
(346, '2003-11-01', 'en'),
(347, '2003-11-01', 'en'),
(348, '1997-09-01', 'en'),
(349, '2003-11-01', 'en'),
(350, '2003-11-01', 'en'),
(351, '2003-11-01', 'en'),
(352, '2003-11-01', 'en'),
(353, '2003-11-01', 'en'),
(354, '2003-11-01', 'en'),
(355, '2003-11-01', 'en'),
(356, '2003-11-01', 'en'),
(357, '2003-11-01', 'en'),
(358, '2003-11-01', 'en'),
(359, '1997-09-01', 'en'),
(360, '2003-11-01', 'en'),
(361, '2003-11-01', 'en'),
(362, '2003-11-01', 'en'),
(363, '2003-11-01', 'en'),
(364, '2003-11-01', 'en'),
(365, '2003-11-01', 'en'),
(366, '2003-11-01', 'en'),
(367, '2003-11-01', 'en'),
(368, '2003-11-01', 'en'),
(369, '2003-11-01', 'en'),
(370, '1997-09-01', 'en'),
(371, '2003-11-01', 'en'),
(372, '2003-11-01', 'en'),
(373, '2003-11-01', 'en'),
(374, '2003-11-01', 'en'),
(375, '2003-11-01', 'nl'),
(376, '2003-11-01', 'en'),
(377, '2003-11-01', 'en'),
(378, '2003-11-01', 'en'),
(379, '2003-11-01', 'en'),
(380, '2003-11-01', 'en'),
(381, '1997-09-01', 'en'),
(382, '2003-11-01', 'en'),
(383, '2003-11-01', 'en'),
(384, '2003-11-01', 'en'),
(385, '2003-11-01', 'en'),
(386, '2003-11-01', 'en'),
(387, '2003-11-01', 'en'),
(388, '2003-12-01', 'fr'),
(389, '2004-01-01', 'en'),
(390, '2004-01-01', 'en'),
(391, '2003-12-01', 'nl'),
(392, '1997-09-01', 'en'),
(393, '2003-12-01', 'en'),
(394, '2003-12-01', 'en'),
(395, '2003-12-01', 'en'),
(396, '2003-12-01', 'de'),
(397, '2003-12-01', 'de'),
(398, '2003-12-01', 'en'),
(399, '2003-12-01', 'en'),
(400, '2003-12-01', 'en'),
(401, '2003-12-01', 'en'),
(402, '2003-12-01', 'en'),
(403, '1997-09-01', 'en'),
(404, '2003-12-01', 'en'),
(405, '2003-12-01', 'en'),
(406, '2003-12-01', 'en'),
(407, '2003-12-01', 'en'),
(408, '2003-12-01', 'en'),
(409, '2003-12-01', 'en'),
(410, '2003-12-01', 'en'),
(411, '2003-12-01', 'en'),
(412, '2003-12-01', 'en'),
(413, '2003-12-01', 'en'),
(414, '1997-09-01', 'en'),
(415, '2003-12-01', 'en'),
(416, '2003-12-01', 'en'),
(417, '2003-12-01', 'en'),
(418, '2003-12-01', 'en'),
(419, '2003-12-01', 'en'),
(420, '2003-12-01', 'en'),
(421, '2003-12-01', 'en'),
(422, '2003-12-01', 'en'),
(423, '2003-12-01', 'en'),
(424, '2003-12-01', 'en'),
(425, '1997-09-01', 'en'),
(426, '2003-12-01', 'en'),
(427, '2003-12-01', 'en'),
(428, '2003-12-01', 'en'),
(429, '2003-12-01', 'en'),
(430, '2003-12-01', 'fr'),
(431, '2003-12-01', 'fr'),
(432, '2003-12-01', 'en'),
(433, '2003-12-01', 'en'),
(434, '2003-12-01', 'en'),
(435, '2003-12-01', 'en'),
(436, '2006-02-11', 'en'),
(437, '2003-12-01', 'en'),
(438, '2003-12-01', 'en'),
(439, '2003-12-01', 'en'),
(440, '2003-12-01', 'en'),
(441, '2003-12-01', 'en'),
(442, '2003-12-01', 'en'),
(443, '2003-12-01', 'en'),
(444, '2003-12-01', 'en'),
(445, '2003-12-01', 'en'),
(446, '2003-12-07', 'en'),
(447, '1994-02-01', 'en'),
(448, '1997-09-01', 'en'),
(449, '2003-12-01', 'nl'),
(450, '2003-12-01', 'en'),
(451, '2003-12-01', 'en'),
(452, '2003-12-01', 'en'),
(453, '2003-12-01', 'en'),
(454, '2003-12-01', 'en'),
(455, '2003-12-01', 'en'),
(456, '2003-12-01', 'en'),
(457, '2003-12-01', 'en'),
(458, '2003-12-01', 'en'),
(459, '1997-09-01', 'en'),
(460, '2003-12-01', 'en'),
(461, '2003-12-01', 'en'),
(462, '2003-12-01', 'en'),
(463, '2003-12-01', 'en'),
(464, '2003-12-01', 'en'),
(465, '2003-12-01', 'en'),
(466, '2003-12-01', 'en'),
(467, '2003-12-01', 'en'),
(468, '2003-12-01', 'en'),
(469, '2003-12-01', 'en'),
(470, '1997-09-01', 'en'),
(471, '2003-12-01', 'en'),
(472, '2003-12-01', 'en'),
(473, '2003-12-01', 'en'),
(474, '2003-12-01', 'en'),
(475, '2003-12-01', 'en'),
(476, '2003-12-01', 'de'),
(477, '2003-12-01', 'de'),
(478, '2003-12-01', 'en'),
(479, '2003-12-01', 'de'),
(480, '2003-12-01', 'en'),
(481, '1997-09-01', 'en'),
(482, '2003-12-01', 'en'),
(483, '2003-12-01', 'en'),
(484, '2003-12-01', 'en'),
(485, '2003-12-01', 'en'),
(486, '2003-12-01', 'en'),
(487, '2003-12-01', 'en'),
(488, '2003-12-01', 'en'),
(489, '2003-12-01', 'en'),
(490, '2003-12-01', 'en'),
(491, '2003-12-01', 'en'),
(492, '1997-09-01', 'en'),
(493, '2003-12-01', 'en'),
(494, '2003-12-01', 'en'),
(495, '2003-12-01', 'fr'),
(496, '2003-12-01', 'en'),
(497, '2003-12-01', 'en'),
(498, '2003-12-01', 'en'),
(499, '2003-12-01', 'en'),
(500, '2003-12-01', 'en');

-- --------------------------------------------------------

--
-- Table structure for table `booktitles`
--

CREATE TABLE `booktitles` (
  `id` int(4) NOT NULL,
  `title` varchar(255) NOT NULL,
  `Book_id` int(3) DEFAULT NULL
) ENGINE=InnoDB DEFAULT CHARSET=utf8 COLLATE=utf8_general_ci;

--
-- Dumping data for table `booktitles`
--

INSERT INTO `booktitles` (`id`, `title`, `Book_id`) VALUES
(1, 'The Declaration of Independence of the United States of America', 1),
(2, 'The King James Version of the Bible', 2),
(3, 'The Complete Works of William Shakespeare', 3),
(4, 'La Divina Commedia di Dante: Complete', 4),
(5, 'The Magna Carta', 5),
(6, 'Apocolocyntosis', 6),
(7, 'The House on the Borderland', 7),
(8, 'My First Years as a Frenchwoman, 1876-1879', 8),
(9, 'The Warriors', 9),
(10, 'A Voyage to the Moon\r\nWith Some Account of the Manners and Customs, Science and Philosophy, of the People of Morosofia, and Other Lunarians', 10),
(11, 'La Fiammetta', 11),
(12, 'Carmilla', 12),
(13, 'The Mystery', 13),
(14, 'Wild Northern Scenes; Or, Sporting Adventures with the Rifle and the Rod', 14),
(15, 'Divine Comedy, Longfellow\'s Translation, Hell', 15),
(16, 'The Eulogies of Howard: A Vision', 16),
(17, '365 Foreign Dishes\r\nA Foreign Dish for Every Day in the Year', 17),
(18, 'The Mountains of California', 18),
(19, 'Punchinello, Volume 1, No. 09, May 28, 1870', 19),
(20, 'Punchinello, Volume 1, No. 18, July 30, 1870', 20),
(21, 'Punchinello, Volume 1, No. 19, August 6, 1870', 21),
(22, 'Punchinello, Volume 1, No. 21, August 20, 1870', 22),
(23, 'Punchinello, Volume 1, No. 23,  September 3, 1870', 23),
(24, 'Punchinello, Volume 1, No. 05,  April 30, 1870', 24),
(25, 'Punchinello, Volume 1, No. 22, August 27, 1870', 25),
(26, 'Divine Comedy, Longfellow\'s Translation, Purgatory', 26),
(27, 'The Strand Magazine: Vol. 07, Issue 37, January, 1894.\r\nAn Illustrated Monthly', 27),
(28, 'Tenterhooks', 28),
(29, 'White Queen of the Cannibals: the Story of Mary Slessor of Calabar', 29),
(30, 'There\'s Pippins and Cheese to Come', 30),
(31, 'Beneath the Banner: Being Narratives of Noble Lives and Brave Deeds', 31),
(32, 'Gaslight Sonatas', 32),
(33, 'The Mirror of Literature, Amusement, and Instruction. Volume 10, No. 268, August 11, 1827', 33),
(34, 'The Triple Alliance, Its Trials and Triumphs', 34),
(35, 'Spalding\'s Official Baseball Guide - 1913', 35),
(36, 'The Hunt Ball Mystery', 36),
(37, 'Divine Comedy, Longfellow\'s Translation, Paradise', 37),
(38, 'The Life of Hon. William F. Cody, Known as Buffalo Bill, the Famous Hunter, Scout and Guide\r\nAn Autobiography', 38),
(39, 'The Complete Poetical Works of Edgar Allan Poe\r\nIncluding Essays on Poetry', 39),
(40, 'Punchinello, Volume 1, No. 24, September 10, 1870', 40),
(41, 'Punchinello, Volume 1, No. 25, September 17, 1870', 41),
(42, 'Punchinello, Volume 1, No. 26, September 24, 1870', 42),
(43, 'Punchinello, Volume 2, No. 27, October 1, 1870', 43),
(44, 'Punchinello, Volume 2, No. 28, October 8, 1870', 44),
(45, 'A Beautiful Possibility', 45),
(46, 'The Magnetic North', 46),
(47, 'The Works of Aphra Behn, Volume III', 47),
(48, 'Divine Comedy, Longfellow\'s Translation, Complete', 48),
(49, 'Aleutian Indian and English Dictionary\r\nCommon Words in the Dialects of the Aleutian Indian Language as Spoken by the Oogashik, Egashik, Anangashuk and Misremie Tribes Around Sulima River and Neighboring Parts of the Alaska Peninsula', 49),
(50, 'Alaska Indian Dictionary', 49),
(51, 'The Rivet in Grandfather\'s Neck: A Comedy of Limitations', 50),
(52, 'The Child Under Eight', 51),
(53, 'Klondyke Nuggets: A Brief Description of the Great Gold Regions in the Northwest', 52),
(54, 'The Father of British Canada: a Chronicle of Carleton', 53),
(55, 'Dave Darrin\'s Second Year at Annapolis\nOr, Two Midshipmen as Naval Academy \'Youngsters\'', 54),
(56, 'Salute to Adventurers', 55),
(57, 'Punchinello, Volume 2, No. 29, October 15, 1870', 56),
(58, 'Billie Bradley and Her Inheritance; Or, The Queer Homestead at Cherry Corners', 57),
(59, 'Old Lady Mary: A Story of the Seen and the Unseen', 58),
(60, 'Divine Comedy, Cary\'s Translation, Hell', 59),
(61, 'A Little Pilgrim: Stories of the Seen and the Unseen', 60),
(62, 'The Little Pilgrim: Further Experiences.\nStories of the Seen and the Unseen.', 61),
(63, 'The Open Door, and the Portrait.\nStories of the Seen and the Unseen.', 62),
(64, 'La vampire', 63),
(65, 'Nova analysis aquarum Medeviensium', 64),
(66, 'Hamburgische Dramaturgie', 65),
(67, 'Chinese literature : $b Comprising the Analects of Confucius, the Sayings of Mencius, the Shi-King, the Travels of Fâ-Hien, and the Sorrows of Han', 66),
(68, 'The Secret of the Tower', 67),
(69, 'The Divine Office: A Study of the Roman Breviary', 68),
(70, 'Aunt Jane\'s Nieces on Vacation', 69),
(71, 'Divine Comedy, Cary\'s Translation, Purgatory', 70),
(72, 'Discourses: Biological & Geological\r\nEssays', 71),
(73, 'Discourses: Biological and Geological\r\nEssays', 71),
(74, 'Les Heures Claires', 72),
(75, 'The Iron Game: A Tale of the War', 73),
(76, 'Happiness and Marriage', 74),
(77, 'Beltane the Smith', 75),
(78, 'The Constitution of the United States\nA Brief Study of the Genesis, Formulation and Political Philosophy of the Constitution', 76),
(79, 'Gunman\'s Reckoning', 77),
(80, 'The Mystery of the Boule Cabinet: A Detective Story', 78),
(81, 'The Power and the Glory', 79),
(82, 'Account of the Romansh Language\nIn a Letter to Sir John Pringle, Bart. P. R. S.', 80),
(83, 'Divine Comedy, Cary\'s Translation, Paradise', 81),
(84, 'Stories of Great Americans for Little Americans', 82),
(85, 'By-Ways of Bombay', 83),
(86, 'English Housewifry\r\nExemplified in above Four Hundred and Fifty Receipts Giving Directions for most Parts of Cookery', 84),
(87, 'English Housewifery', 84),
(88, 'The Century Vocabulary Builder', 85),
(89, 'The Mirror of Literature, Amusement, and Instruction. Volume 10, No. 269, August 18, 1827', 86),
(90, 'A Narrative of the Life and Adventures of Venture, a Native of Africa, but Resident above Sixty Years in the United States of America, Related by Himself', 87),
(91, 'Lister\'s Great Adventure', 88),
(92, 'The Atlantic Monthly, Volume 10, No. 60, October, 1862\r\nA Magazine of Literature, Art, and Politics', 89),
(93, 'Plain Words from America: A Letter to a German Professor (1917)', 90),
(94, 'The Atlantic Monthly, Volume 02, No. 09, July, 1858\r\nA Magazine of Literature, Art, and Politics', 91),
(95, 'Divine Comedy, Cary\'s Translation, Complete', 92),
(96, 'Mobilizing Woman-Power', 93),
(97, 'The Boy Allies at Jutland; Or, The Greatest Naval Battle of History', 94),
(98, 'The Hampstead Mystery', 95),
(99, 'The House of the Whispering Pines', 96),
(100, 'Kazan', 97),
(101, 'Moorish Literature\r\nComprising Romantic Ballads, Tales of the Berbers, Stories of the Kabyles, Folk-Lore, and National Traditions', 98),
(102, 'The Minute Boys of the Mohawk Valley', 99),
(103, 'Old Lady Number 31', 100),
(104, 'Thaumaturgia; Or, Elucidations of the Marvellous', 101),
(105, 'Elves and Heroes', 102),
(106, 'La Divina Commedia di Dante: Inferno', 103),
(107, 'Peaceless Europe', 104),
(108, 'Punchinello, Volume 2, No. 31, October 29, 1870', 105),
(109, 'Punchinello, Volume 2, No. 30, October 22, 1870', 106),
(110, 'Gutta-Percha Willie\r\nThe Working Genius', 107),
(111, 'The History of Gutta-Percha Willie', 107),
(112, 'A Soldier of Virginia: A Tale of Colonel Washington and Braddock\'s Defeat', 108),
(113, 'The Twilight of the Gods, and Other Tales', 109),
(114, 'The Trojan women of Euripides', 110),
(115, 'The Healing of Nations and the Hidden Sources of Their Strife', 111),
(116, 'How Jerusalem Was Won\nBeing the Record of Allenby\'s Campaign in Palestine', 112),
(117, 'Towards the Goal', 113),
(118, 'The Hacker Crackdown: Law and Disorder on the Electronic Frontier', 114),
(119, 'La Divina Commedia di Dante: Purgatorio', 115),
(120, 'Byron', 116),
(121, 'A Little Boy Lost', 117),
(122, 'The Czar\'s Spy: The Mystery of a Silent Love', 118),
(123, 'The Great Events by Famous Historians, Volume 08\r\nThe Later Renaissance: from Gutenberg to the Reformation', 119),
(124, 'Punchinello, Volume 2, No. 32,  November 5, 1870', 120),
(125, 'Punchinello, Volume 2, No. 33, November 12, 1870', 121),
(126, 'Punchinello, Volume 2, No. 34, November 19, 1870', 122),
(127, 'With British Guns in Italy: A Tribute to Italian Achievement', 123),
(128, 'A Treatise of Daunses, Wherin It is Shewed, That They Are as It Were Accessories and Dependants (Or Thynges Annexed) to Whoredome\r\nWhere Also by the Way is Touched and Proued, That Playes Are Ioyned and Knit Togeather in a Rancke or Rowe with Them (1581)', 124),
(129, 'Treatise of Dances, Wherein It is Showed, That They Are as It Were Accessories and Dependants (Or Things Annexed) to Whoredom\r\nWhere Also by the Way is Touched and Proved, That Plays Are Joined and Knit Together in a Rank or Row with Them', 124),
(130, 'The Unspeakable Gentleman', 125),
(131, 'La Divina Commedia di Dante: Paradiso', 126),
(132, 'The Postmaster\'s Daughter', 127),
(133, 'Boys and Girls from Thackeray', 128),
(134, 'American Political Ideas Viewed from the Standpoint of Universal History', 129),
(135, 'De mannen van \'80 aan het woord\r\nEen onderzoek vaar eenige beginselen van de \'Nieuwe-Gids\'-school.', 130),
(136, 'The Great Events by Famous Historians, Volume 02\r\n(From the Rise of Greece to the Christian Era)', 131),
(137, 'Two Centuries of Costume in America, Volume 1 (1620-1820)', 132),
(138, 'All Saints\' Day and Other Sermons', 133),
(139, 'Den siste Atenaren', 134),
(140, 'The Folk-lore of Plants', 135),
(141, 'Adonais', 136),
(142, 'La Divina Commedia di Dante', 137),
(143, 'England of My Heart : Spring', 138),
(144, 'The Literature of Arabia\r\nWith Critical and Biographical Sketches by Epiphanius Wilson', 139),
(145, 'Fairies and Fusiliers', 140),
(146, 'Aunt Jane\'s Nieces', 141),
(147, 'Aunt Jane\'s Nieces and Uncle John', 142),
(148, 'The Best Letters of Charles Lamb', 143),
(149, 'Home-Life of the Lancashire Factory Folk during the Cotton Famine', 144),
(150, 'Abducted to Oz', 145),
(151, 'The Great Events by Famous Historians, Volume 17', 146),
(152, 'Excellent Women', 147),
(153, 'The First Men in the Moon', 148),
(154, 'The Works of Charles and Mary Lamb — Volume 3\r\nBooks for Children', 149),
(155, 'Required Poems for Reading and Memorizing\nThird and Fourth Grades, Prescribed by State Courses of Study', 150),
(156, 'The Sowers', 151),
(157, 'The Vigil of Venus and Other Poems by \'Q\'', 152),
(158, 'John Wesley, Jr.\nThe Story of an Experiment', 153),
(159, 'The Great English Short-Story Writers, Volume 1', 154),
(160, 'The Book of Household Management', 155),
(161, 'Mary Had a Little Lamb\r\nRecording taken from Movietone Production news film', 156),
(162, 'The Atlantic Monthly, Volume 01, No. 02, December, 1857\r\nA Magazine of Literature, Art, and Politics', 157),
(163, 'The Faith of the Millions (2nd series)', 158),
(164, 'The Lure of the Dim Trails', 159),
(165, 'Rhetoric and Poetry in the Renaissance\nA Study of Rhetorical Terms in English Renaissance Literary Criticism', 160),
(166, 'A Discourse on the Life, Character and Writings of Gulian Crommelin Verplanck\r\nDelivered before the New-York Historical Society, May 17th, 1870', 161),
(167, 'Maezli: A Story of the Swiss Valleys', 162),
(168, 'Punch, or the London Charivari, Volume 153, July 11, 1917', 163),
(169, 'Punchinello, Volume 2, No. 35, November 26, 1870', 164),
(170, 'Turkey: a Past and a Future', 165),
(171, 'Reminiscences of Pioneer Days in St. Paul\r\nA Collection of Articles Written for and Published in the Daily Pioneer Press', 166),
(172, 'America\'s War for Humanity', 167),
(173, 'The Merry Adventures of Robin Hood', 168),
(174, 'Home as Found\r\nSequel to \'Homeward Bound\'', 169),
(175, 'The Oregon Trail: Sketches of Prairie and Rocky-Mountain Life', 170),
(176, 'Dracula\'s Guest', 171),
(177, 'The Great Events by Famous Historians, Volume 05\r\n(From Charlemagne to Frederick Barbarossa)', 172),
(178, 'Voice Trial - Kinetophone actor audition', 173),
(179, 'Voice Trial - Kinetophone Actor Audition', 174),
(180, 'Voice Trial - Kinetophone Actor Audition', 175),
(181, 'The Right of the People to Rule', 176),
(182, 'M\'appari - Martha', 177),
(183, 'Which Switch is the Switch, Miss, for Ipswich?\r\nFrom Rosy Rapture', 178),
(184, 'Daybreak at Calamity Farm', 179),
(185, 'England and the War', 180),
(186, 'On the Improvement of the Understanding', 181),
(187, 'Pierre Nozière', 182),
(188, 'English Poets of the Eighteenth Century', 183),
(189, 'English Poets of the 18th Century', 183),
(190, 'Dio\'s Rome, Volume 3\r\nAn Historical Narrative Originally Composed in Greek During The Reigns of Septimius Severus, Geta and Caracalla, Macrinus, Elagabalus and Alexander Severus: and Now Presented in English Form', 184),
(191, 'Mohammedanism\r\nLectures on Its Origin, Its Religious and Political Growth, and Its Present State', 185),
(192, 'The Black Creek Stopping-House, and Other Stories', 186),
(193, 'Across the Zodiac\r\nThe Story of a Wrecked Record', 187),
(194, 'What Germany Thinks; Or, The War as Germans see it', 188),
(195, 'Mr. Thomas Cat', 189),
(196, 'Kaiser Frederick March', 190),
(197, 'Kaiser Friedrich-Marsch', 190),
(198, 'Semper Fidelis March', 191),
(199, 'The Soul of Man under Socialism', 192),
(200, 'Stars and Stripes Forever', 193),
(201, 'Santa Lucia', 194),
(202, 'Minuet in G Flat major and Valse Bluette', 195),
(203, 'Hungarian Rhapsody No. 2, Part 1', 196),
(204, 'William Tell Overture, Pt. 2', 197),
(205, 'Prelude in C Sharp Minor, Op. 3', 198),
(206, 'The Debutante: Caprice Brillante', 199),
(207, 'Ride of the Valkyries', 200),
(208, 'Piano Sonata No. 14 in C sharp minor \'Moonlight\'', 201),
(209, 'Extracts from the Ballet-Suite Scherazada, Pt. 1', 202),
(210, 'Extracts from the Ballet-Suite Scheherazade, Pt. 1', 202),
(211, 'The Water-Babies', 203),
(212, 'Slavonic Dance, No. 1', 204),
(213, 'Clair de Lune\r\nFrom Suite Bergamasque', 205),
(214, 'Trio No. 1 in B Flat, Pt. 1\r\n1st Movement, allegro moderato, Op. 99', 206),
(215, 'Etude Nouvelle in A Flat and Etude in C Major, Op. 10, No. 1', 207),
(216, 'Quartet in G, 1st Movement, Pt. 1', 208),
(217, 'Minstrel Potpourri', 209),
(218, 'Schultz at the Paris Exposition', 210),
(219, 'Reuben Haskin\'s ride on the Cyclone Auto', 211),
(220, 'Two Rubes at the Vaudeville', 212),
(221, 'Three Rubes Seeing New York', 213),
(222, 'Poems by Currer, Ellis, and Acton Bell', 214),
(223, 'A Bunch of Nonsense: Vaudeville Specialty', 215),
(224, 'Fourth of July at Punkin Center', 216),
(225, 'Interruptions\r\nComic Sketch', 217),
(226, 'Backyard Conversation Between Mrs. Reilly and Mrs. Finnegan', 218),
(227, 'Opera Reel with Calls', 219),
(228, 'Lonesome Road Blues', 220),
(229, 'Cluck Old Hen', 221),
(230, 'He Was Nailed to the Cross for Me', 222),
(231, 'Barbara Allen', 223),
(232, 'Down in a Georgia Jail', 224),
(233, 'The Tragedy of Pudd\'nhead Wilson', 225),
(234, 'Sword Blades and Poppy Seed', 226),
(235, 'To Edison from Colonel Gouraud, Introducing Mr. Gladstone\r\nThe Phonograph\'s Salutation', 227),
(236, 'The Desert of Wheat', 228),
(237, 'Maria Mitchell: Life, Letters, and Journals', 229),
(238, 'Big Ben Clock Tower of Westminster\r\nStriking half past 10, quarter to 11, and 11 o\'clock', 230),
(239, 'Charge of the Light Brigade', 231),
(240, 'Words of Welcome\r\nOpening of the Electrical Exposition of New York City', 232),
(241, 'The Liver Complaint Story', 233),
(242, 'The Railroad Question', 234),
(243, 'The Rights of Labor', 235),
(244, 'Electricity and Progress\r\nOpening of the New York Electrical Show', 236),
(245, 'The Congo, and Other Poems', 237),
(246, 'Wolves of the Sea\r\nBeing a Tale of the Colonies from the Manuscript of One Geoffry Carlyle, Seaman, Narrating Certain Strange Adventures Which Befell Him Aboard the Pirate Craft \'Namur\'', 238),
(247, 'At Whispering Pine Lodge', 239),
(248, 'Peck\'s Bad Boy with the Circus', 240),
(249, 'The Everlasting Whisper', 241),
(250, 'Introduction to the Philosophy and Writings of Plato', 242),
(251, 'Manfredo Palavicino, o, I Francesi e gli Sforzeschi: Storia Italiana', 243),
(252, 'Poems', 244),
(253, 'The Land of Little Rain', 245),
(254, 'Stauder', 246),
(255, 'The Poetical Works of William Wordsworth — Volume 1 (of 8)', 247),
(256, 'Walking', 248),
(257, 'Daddy Takes Us Skating', 249),
(258, 'Purple Springs', 250),
(259, 'The Pilgrims of New England\nA Tale of the Early American Settlers', 251),
(260, 'Meyers Konversationslexikon Band 15', 252),
(261, 'Kalitan, Our Little Alaskan Cousin', 253),
(262, 'Their Crimes', 254),
(263, 'Beautiful Joe: An Autobiography', 255),
(264, 'Tolstoy\'s Plower Story', 256),
(265, 'El Presidente Díaz al Señor Edison', 257),
(266, 'My South Polar Expedition', 258),
(267, 'Bleak House', 259),
(268, 'Remarks from a Visit to Edison Laboratory', 260),
(269, 'Remarks from a Visit to Edison Laboratory', 261),
(270, 'Remarks from a Visit to Edison Laboratory', 262),
(271, 'Transcontinental Telephone Address to Thomas A. Edison', 263),
(272, 'Old Creole Days: A Story of Creole Life', 264),
(273, 'Discussion on Edison\'s Monoid Theory', 265),
(274, 'International Correspondence School - Spanish Lesson #9', 266),
(275, 'Siegel-Myers School of Music - Vocal Record F', 267),
(276, 'Ediphone School Record No. 2\r\n90 WPM-1', 268),
(277, '2nd Record', 269),
(278, 'The Wrecker', 270),
(279, 'Plaque No. 1\r\nExp. No. 1-2-3-4, Recorder #20', 271),
(280, 'Plaque No. 2\r\nExp. No. 5-6-7-8, Recorder #20', 272),
(281, 'Plaque No. 6\r\nExp. No. 27, Recorder #20', 273),
(282, 'Radio Program for WAAM, Newark, New Jersey', 274),
(283, 'Johnson \'Jass\' Blues\r\nFox Trot', 275),
(284, 'Jazz de Luxe\r\nFox Trot', 276),
(285, 'Sensation Jazz: One-Step', 277),
(286, 'Dixieland\r\nOne-Step', 278),
(287, 'Blues my Naughty Sweetie Gives to Me', 279),
(288, 'The St. Louis Blues', 280),
(289, 'Essays; Political, Economical, and Philosophical — Volume 1', 281),
(290, 'The Five Bachelors', 282),
(291, 'Town Geology', 283),
(292, 'The Old Violin', 284),
(293, 'The Gospel of Wealth', 285),
(294, 'The Birth of the Telephone', 286),
(295, 'La Paloma', 287),
(296, 'O, Tannenbaum', 288),
(297, 'Mazel Tov', 289),
(298, 'Nataligino Kolo', 290),
(299, 'Smês esko - slováckych písní - cis 1', 291),
(300, 'The Diary of a Nobody', 292),
(301, 'Narodowe Melodye\r\nPolka', 293),
(302, 'La Bella Cubano\r\nHabenera', 294),
(303, 'Que Partes El Alma\r\nRumba Son', 295),
(304, 'Envoyons d\'l\'avant nos gens!\r\nFolklore du Canada', 296),
(305, 'Skamba kankliai ir trimitai', 297),
(306, 'Anssin Jukka ja Härmän Häät', 298),
(307, 'The Glands Regulating Personality\r\nA Study of the Glands of Internal Secretion in Relation to the Types of Human Nature', 299),
(308, 'The Outdoor Chums; Or, The First Tour of the Rod, Gun and Camera Club', 300),
(309, 'Patty at Home', 301),
(310, 'Pharoah\'s Army Got Drownded', 302),
(311, 'Oh Mary, Don\'t You Weep, Don\'t You Mourn', 302),
(312, 'Pharoah\'s Army Got Drowned', 302),
(313, 'The Lone Star Ranger: A Romance of the Border', 303),
(314, 'What Band Is This?', 304),
(315, 'Höchstes Vertrauen\r\n(aus Lohengrin)', 305),
(316, 'Sono Un Poeta\r\nFrom La Bohème', 306),
(317, 'Ah! Fors\' é Lui (La Traviata)', 307),
(318, 'Sermons on Evil-Speaking', 308),
(319, 'La Gioconda', 309),
(320, 'Gloria\r\nFrom The Twelfth Mass by Wolfgang Amadeus Mozart', 310),
(321, 'Hallelujah Chorus\r\nFrom The Messiah', 311),
(322, 'Sei Forse L\'Angelo Fedele\r\nFrom Eugene Onegin', 312),
(323, 'Uncle Tom\'s Cabin: Entrance of Topsy', 313),
(324, 'The Professor', 314),
(325, 'In de Mornin\' and Jes Gib Him One Ob Mine', 315),
(326, 'Antony\'s Address over the Body of Caesar\r\nFrom Julius Caesar', 316),
(327, 'Polish National Dance', 317),
(328, 'Dinah Polka', 318),
(329, 'Spring of Love', 319),
(330, 'Ma Rag Time Baby', 320),
(331, 'Arbucklenian Polka', 321),
(332, 'New York Blues', 322),
(333, 'Ragtime Echoes', 323),
(334, 'Le Chat du Neptune', 324),
(335, 'The Night-Born', 325),
(336, 'Confession de Minuit: Roman', 326),
(337, 'In the Fourth Year: Anticipations of a World Peace', 327),
(338, 'Punchinello, Volume 2, No. 36, December 3, 1870', 328),
(339, 'Relación historica de los sucesos de la rebelión de José Gabriel Tupac-Amaru en las provincias del Peru, el año de 1780', 329),
(340, 'Verse and Prose for Beginners in Reading\nSelected from English and American Literature', 330),
(341, 'The Band of Gideon', 331),
(342, 'Swing Low, Sweet Chariot', 332),
(343, 'Saxema', 333),
(344, 'Flow Gently Sweet Afton and Bonnie, Sweet Bessie', 334),
(345, 'Poet and Peasant Overture', 335),
(346, 'Around the World in Eighty Days', 336),
(347, 'Le tour du monde en quatre-vingts jours. English', 336),
(348, 'Around the World in 80 Days', 336),
(349, 'The Cavalier Songs and Ballads of England from 1642 to 1684', 337),
(350, 'Snyder, Does Your Mother Know You\'re Out?', 338),
(351, 'Who Threw the Overalls in Mrs. Murphy\'s Chowder?', 339),
(352, 'Just Because She Made Dem Goo-Goo Eyes', 340),
(353, 'Jere Sanford\'s Yodling and Whistling Specialty', 341),
(354, 'Jere Sanford\'s Yodeling and Whistling Specialty', 341),
(355, 'Some of These Days\r\nFrom Honky Tonk', 342),
(356, 'Alexander\'s Ragtime Band', 343),
(357, 'Moonlight Bay', 344),
(358, 'At the Moving Picture Ball', 345),
(359, 'Handel Festival: Israel in Egypt (excerpt)', 346),
(360, 'The Lost Chord', 347),
(361, 'Charmides, and Other Poems', 348),
(362, 'After Dinner Toast at Little Menlo', 349),
(363, 'Around the World on the Phonograph', 350),
(364, 'The Pattison Waltz', 351),
(365, 'The Fifth Regiment March', 352),
(366, 'The Sonnets of Michael Angelo Buonarroti and Tommaso Campanella; Now for the First Time Translated into Rhymed English', 353),
(367, 'The Persian Literature, Comprising The Shah Nameh, The Rubaiyat, The Divan, and The Gulistan, Volume 1', 354),
(368, 'Roy Blakeley\'s Adventures in Camp', 355),
(369, 'Betty Gordon at Boarding School; Or, The Treasure of Indian Chasm', 356),
(370, 'Damon and Delia: A Tale', 357),
(371, 'Dave Darrin\'s Third Year at Annapolis; Or, Leaders of the Second Class Midshipmen', 358),
(372, 'The Pupil', 359),
(373, 'Dotty Dimple at Play', 360),
(374, 'Dragon\'s blood', 361),
(375, 'Miss Prudence: A Story of Two Girls\' Lives.', 362),
(376, 'The Rover Boys at College; Or, The Right Road and the Wrong', 363),
(377, 'Bull Hunter', 364),
(378, 'The Gospel of the Pentateuch: A Set of Parish Sermons', 365),
(379, 'David: Five Sermons', 366),
(380, 'Alias the Lone Wolf', 367),
(381, 'Poems', 368),
(382, 'Snubby Nose and Tippy Toes', 369),
(383, 'Rose o\' the River', 370),
(384, 'Fruitfulness', 371),
(385, 'Fécondité. English', 371),
(386, 'The Mirror of Literature, Amusement, and Instruction. Volume 12, No. 324, July 26, 1828', 372),
(387, 'The Mirror of Literature, Amusement, and Instruction. Volume 12, No. 325, August 2, 1828', 373),
(388, 'The European Anarchy', 374),
(389, 'Van \'t  viooltje dat weten wilde', 375),
(390, 'Children\'s Rights: A Book of Nursery Logic', 376),
(391, 'A Select Collection of Old English Plays, Volume 07', 377),
(392, 'Lady into Fox', 378),
(393, 'With the Turks in Palestine', 379),
(394, 'An Antarctic Mystery', 380),
(395, 'Le Sphinx de Glaces. English', 380),
(396, 'Sphinx of the ice fields', 380),
(397, 'Poems', 381),
(398, 'Dab Kinzer: A Story of a Growing Boy', 382),
(399, 'The Great Events by Famous Historians, Volume 21\nThe Recent Days (1910-1914)', 383),
(400, 'The Velvet Glove', 384),
(401, 'The Works of Charles and Mary Lamb — Volume 2\r\nElia and The Last Essays of Elia', 385),
(402, 'Autumn Anthem', 386),
(403, 'Domestic Manners of the Americans', 387),
(404, 'C\'Était ainsi...', 388),
(405, 'Free from School', 389),
(406, 'Go to Sea Once More', 390),
(407, 'Naar het middelpunt der Aarde', 391),
(408, 'Voyage au centre de la terre. Dutch', 391),
(409, 'The Man Against the Sky: A Book of Poems', 392),
(410, 'The Works of Samuel Johnson, LL.D. in Eleven Volumes, Volume 06\r\nReviews, Political Tracts, and Lives of Eminent Persons', 393),
(411, 'The Works of Samuel Johnson, LL.D. Volume 10\r\nParlimentary Debates I', 394),
(412, 'The Works of Samuel Johnson, LL.D. Volume 11.\r\nParlimentary Debates II.', 395),
(413, 'Satyros oder Der vergötterte Waldteufel', 396),
(414, 'Die Laune des Verliebten\r\nEin Schäferspiel in Versen und einem Akt', 397),
(415, 'Travels in Morocco, Volume 1.', 398),
(416, 'Travels in Morocco, Volume 2.', 399),
(417, 'Life of Johnson, Volume 4\r\n1780-1784', 400),
(418, 'The Boss of Little Arcady', 401),
(419, 'Aunt Jane\'s Nieces at Millville', 402),
(420, 'Joe Wilson and His Mates', 403),
(421, 'Kitty\'s Class Day and Other Stories', 404),
(422, 'The Creative Process in the Individual', 405),
(423, 'Sketches of the East Africa Campaign', 406),
(424, 'The Bravo: A Tale', 407),
(425, 'Yeast: a Problem', 408),
(426, 'Precaution: A Novel', 409),
(427, 'Freedom\'s Battle\nBeing a Comprehensive Collection of Writings and Speeches on the Present Situation', 410),
(428, 'Poems', 411),
(429, 'The Vizier of the Two-Horned Alexander', 412),
(430, 'Memoir and Diary of John Yeardley, Minister of the Gospel', 413),
(431, 'The Life of John Bunyan', 414),
(432, 'Sustained honor: The Age of Liberty Established', 415),
(433, 'The Cinema Murder', 416),
(434, 'Bunch Grass: A Chronicle of Life on a Cattle Ranch', 417),
(435, 'The Middle Temple Murder', 418),
(436, 'The Ramblin\' Kid', 419),
(437, 'England\'s Antiphon', 420),
(438, 'American Indian Stories', 421),
(439, 'The Evil Guest', 422),
(440, 'Autobiography', 423),
(441, 'At love\'s cost', 424),
(442, 'Style', 425),
(443, 'Bible Stories and Religious Classics', 426),
(444, 'The History of a Crime\nThe Testimony of an Eye-Witness', 427),
(445, 'Histoire d\'un crime. English', 427),
(446, 'Memoir of William Watts McNair, Late of \'Connaught House,\' Mussooree, of the Indian Survey Department, the First European Explorer of Kafiristan', 428),
(447, 'The maternal management of children, in health and disease', 429),
(448, 'Le Pays de l\'or', 430),
(449, 'Histoire de la Révolution française, Tome 03', 431),
(450, 'Thoughts on the Necessity of Improving the Condition of the Slaves in the British Colonies\r\nWith a View to Their Ultimate Emancipation; and on the Practicability, the Safety, and the Advantages of the Latter Measure.', 432),
(451, 'A Century Too Soon: The Age of Tyranny', 433),
(452, 'A Collection of Old English Plays, Volume 1', 434),
(453, 'Northern Trails, Book I.', 435),
(454, 'Missionary Travels and Researches in South Africa', 436),
(455, 'The Edinburgh Lectures on Mental Science', 437),
(456, 'The Wolf\'s Long Howl', 438),
(457, 'The Reminiscences of Sir Henry Hawkins (Baron Brampton)', 439),
(458, 'Making the House a Home', 440),
(459, 'Stolen Treasure', 441),
(460, 'Joy and Power: Three Messages with One Meaning', 442),
(461, 'Andy the Acrobat\r\nOr, Out with the Greatest Show on Earth', 443),
(462, 'Affairs of State\r\nBeing an Account of Certain Surprising Adventures Which Befell an American Family in the Land of Windmills', 444),
(463, 'The American Child', 445),
(464, 'The Story of Louis Riel: The Rebel Chief', 446),
(465, 'Inaugural Address of Franklin Delano Roosevelt\r\nGiven in Washington, D.C. March 4th, 1933', 447),
(466, 'Franklin Delano Roosevelt\'s First Inaugural Address', 447),
(467, 'The Three Taverns: A Book of Poems', 448),
(468, 'Historie van Mejuffrouw Sara Burgerhart', 449),
(469, 'Personal Memoir of Daniel Drayton, for Four Years and Four Months a Prisoner (for Charity\'s Sake) in Washington Jail\r\nIncluding a Narrative of the Voyage and Capture of the Schooner Pearl', 450),
(470, 'A Man and His Money', 451),
(471, '\'Twixt France and Spain; Or, A Spring in the Pyrenees', 452),
(472, 'Man-Size', 453),
(473, 'Clarinet Squawk\r\nOne Step', 454),
(474, 'Heart Bowed Down: Aria from The Bohemian Girl', 455),
(475, 'A Perfect Day\r\nWaltz', 456),
(476, 'Bring Back My Blushing Rose (\'Sally Won\'t You Come Back\')\r\nFoxtrot Medley', 457),
(477, 'The Crisis of the Naval War', 458),
(478, 'Shakespeare\'s Sonnets', 459),
(479, 'The Powers and Maxine', 460),
(480, 'By the Sapphire Sea', 461),
(481, 'El Choclo Tango', 462),
(482, 'Fancy Little Nancy', 463),
(483, 'I Love You, California\r\nMarch Song', 464),
(484, 'Nights of Gladness: Waltz', 465),
(485, 'There\'s a Little Bit of Bad in Every Good Little Girl', 466),
(486, 'Love, Life & Work\r\nBeing a Book of Opinions Reasonably Good-Natured Concerning How to Attain the Highest Happiness for One\'s Self with the Least Possible Harm to Others', 467),
(487, 'Love, Life and Work', 467),
(488, 'The Money Moon: A Romance', 468),
(489, 'The Forest Monster of Oz', 469),
(490, 'A Reading of Life, with Other Poems', 470),
(491, 'The Principles of Success in Literature', 471),
(492, 'The Life of Lord Byron', 472),
(493, 'Caesar Dies', 473),
(494, 'Triplets : Fox Trot', 474),
(495, 'Caprice Viennois', 475),
(496, 'Torquato Tasso\r\nEin Schauspiel', 476),
(497, 'Die natürliche Tochter', 477),
(498, 'Scientific Essays and Lectures', 478),
(499, 'Die Aufgeregten', 479),
(500, 'Miss Lulu Bett', 480),
(501, 'The Story of Evolution', 481),
(502, 'Trips to the Moon', 482),
(503, 'Thirty Years a Slave\r\nFrom Bondage to Freedom: The Institution of Slavery as Seen on the Plantation and in the Home of the Planter: Autobiography of Louis Hughes', 483),
(504, 'Aunt Jane\'s Nieces out West', 484),
(505, 'A Flock of Girls and Boys', 485),
(506, 'Wyandotté; Or, The Hutted Knoll: A Tale', 486),
(507, 'The Atlantic Monthly, Volume 02, No. 12, October, 1858\r\nA Magazine of Literature, Art, and Politics', 487),
(508, 'Erick and Sally', 488),
(509, 'Pulpit and Press (6th Edition)', 489),
(510, 'Up the Hill and Over', 490),
(511, 'From Yauco to Las Marias\r\nA recent campaign in Puerto Rico by the Independent Regular Brigade under the command of Brig. General Schwan', 491),
(512, 'Extract from Captain Stormfield\'s Visit to Heaven', 492),
(513, 'Tutt and Mr. Tutt', 493),
(514, 'The Green Mouse', 494),
(515, 'La Comédie de la mort', 495),
(516, 'La Comedie de la mort', 495),
(517, 'The Rayner-Slade Amalgamation', 496),
(518, 'The Peace Negotiations: A Personal Narrative', 497),
(519, 'American Big Game in Its Haunts: The Book of the Boone and Crockett Club', 498),
(520, 'The Green Flag, and Other Stories of War and Sport', 499),
(521, 'October Vagabonds', 500);

-- --------------------------------------------------------

--
-- Table structure for table `book_genre`
--

CREATE TABLE `book_genre` (
  `Book_id` int(11) NOT NULL,
  `genre_id` int(11) NOT NULL
) ENGINE=InnoDB DEFAULT CHARSET=utf8 COLLATE=utf8_general_ci;

--
-- Dumping data for table `book_genre`
--

INSERT INTO `book_genre` (`Book_id`, `genre_id`) VALUES
(1, 1),
(2, 7),
(3, 10),
(4, 13),
(5, 16),
(6, 20),
(7, 21),
(8, 25),
(9, 28),
(10, 11),
(11, 11),
(12, 22),
(13, 11),
(14, 32),
(15, 35),
(16, 36),
(17, 38),
(18, 36),
(19, 41),
(20, 41),
(21, 41),
(22, 41),
(23, 41),
(24, 41),
(25, 41),
(26, 35),
(27, 44),
(28, 25),
(29, 36),
(30, 45),
(31, 36),
(32, 25),
(33, 47),
(34, 49),
(35, 33),
(36, 50),
(37, 35),
(38, 36),
(39, 4),
(40, 41),
(41, 41),
(42, 41),
(43, 41),
(44, 41),
(45, 11),
(46, 11),
(47, 18),
(48, 35),
(49, 52),
(50, 21),
(51, 54),
(52, 4),
(53, 4),
(54, 56),
(55, 4),
(56, 41),
(57, 56),
(58, 11),
(59, 35),
(60, 11),
(61, 11),
(62, 25),
(63, 22),
(64, 59),
(65, 61),
(66, 25),
(67, 25),
(68, 63),
(69, 46),
(70, 35),
(71, 64),
(72, 66),
(73, 4),
(74, 25),
(75, 11),
(76, 68),
(77, 69),
(78, 70),
(79, 25),
(80, 53),
(81, 35),
(82, 71),
(83, 25),
(84, 38),
(85, 53),
(86, 47),
(87, 36),
(88, 25),
(89, 72),
(90, 74),
(91, 72),
(92, 35),
(93, 75),
(94, 56),
(95, 50),
(96, 50),
(97, 76),
(98, 11),
(99, 46),
(100, 25),
(101, 28),
(102, 25),
(103, 14),
(104, 75),
(105, 41),
(106, 41),
(107, 46),
(108, 4),
(109, 25),
(110, 77),
(111, 75),
(112, 75),
(113, 27),
(114, 79),
(115, 14),
(116, 36),
(117, 46),
(118, 50),
(119, 26),
(120, 41),
(121, 41),
(122, 41),
(123, 75),
(124, 25),
(125, 25),
(126, 14),
(127, 25),
(128, 11),
(129, 4),
(130, 27),
(131, 80),
(132, 81),
(133, 63),
(134, 11),
(135, 25),
(136, 11),
(137, 82),
(138, 18),
(139, 25),
(140, 75),
(141, 46),
(142, 46),
(143, 36),
(144, 25),
(145, 46),
(146, 26),
(147, 36),
(148, 23),
(149, 46),
(150, 46),
(151, 11),
(152, 11),
(153, 11),
(154, 85),
(155, 86),
(156, 46),
(157, 72),
(158, 28),
(159, 69),
(160, 18),
(161, 36),
(162, 87),
(163, 88),
(164, 41),
(165, 26),
(166, 4),
(167, 75),
(168, 21),
(169, 25),
(170, 68),
(171, 22),
(172, 26),
(173, 53),
(174, 53),
(175, 11),
(176, 4),
(177, 89),
(178, 91),
(179, 20),
(180, 75),
(181, 92),
(182, 93),
(183, 11),
(184, 77),
(185, 94),
(186, 25),
(187, 11),
(188, 74),
(189, 91),
(190, 91),
(191, 91),
(192, 25),
(193, 91),
(194, 91),
(195, 91),
(196, 91),
(197, 89),
(198, 91),
(199, 91),
(200, 89),
(201, 91),
(202, 91),
(203, 46),
(204, 91),
(205, 91),
(206, 91),
(207, 91),
(208, 91),
(209, 73),
(210, 20),
(211, 20),
(212, 20),
(213, 20),
(214, 11),
(215, 20),
(216, 20),
(217, 20),
(218, 20),
(219, 25),
(220, 25),
(221, 25),
(222, 91),
(223, 25),
(224, 25),
(225, 25),
(226, 82),
(227, 79),
(228, 69),
(229, 36),
(230, 79),
(231, 91),
(232, 79),
(233, 20),
(234, 98),
(235, 99),
(236, 79),
(237, 11),
(238, 100),
(239, 11),
(240, 56),
(241, 25),
(242, 92),
(243, 101),
(244, 15),
(245, 25),
(246, 32),
(247, 11),
(248, 11),
(249, 56),
(250, 6),
(251, 71),
(252, 102),
(253, 46),
(254, 27),
(255, 11),
(256, 36),
(257, 79),
(258, 103),
(259, 25),
(260, 79),
(261, 4),
(262, 36),
(263, 79),
(264, 25),
(265, 79),
(266, 104),
(267, 91),
(268, 53),
(269, 91),
(270, 11),
(271, 79),
(272, 79),
(273, 79),
(274, 91),
(275, 91),
(276, 91),
(277, 91),
(278, 91),
(279, 91),
(280, 91),
(281, 25),
(282, 11),
(283, 105),
(284, 11),
(285, 25),
(286, 79),
(287, 91),
(288, 106),
(289, 107),
(290, 91),
(291, 91),
(292, 16),
(293, 91),
(294, 91),
(295, 91),
(296, 109),
(297, 25),
(298, 91),
(299, 110),
(300, 56),
(301, 56),
(302, 25),
(303, 69),
(304, 25),
(305, 89),
(306, 90),
(307, 89),
(308, 63),
(309, 89),
(310, 91),
(311, 91),
(312, 89),
(313, 25),
(314, 25),
(315, 11),
(316, 53),
(317, 91),
(318, 91),
(319, 91),
(320, 91),
(321, 91),
(322, 91),
(323, 91),
(324, 111),
(325, 11),
(326, 58),
(327, 75),
(328, 41),
(329, 4),
(330, 11),
(331, 73),
(332, 25),
(333, 91),
(334, 91),
(335, 91),
(336, 112),
(337, 11),
(338, 91),
(339, 73),
(340, 91),
(341, 91),
(342, 91),
(343, 91),
(344, 73),
(345, 91),
(346, 91),
(347, 91),
(348, 15),
(349, 20),
(350, 11),
(351, 91),
(352, 91),
(353, 53),
(354, 53),
(355, 56),
(356, 49),
(357, 25),
(358, 56),
(359, 11),
(360, 56),
(361, 11),
(362, 11),
(363, 56),
(364, 69),
(365, 28),
(366, 28),
(367, 50),
(368, 11),
(369, 46),
(370, 87),
(371, 11),
(372, 47),
(373, 47),
(374, 26),
(375, 11),
(376, 87),
(377, 11),
(378, 11),
(379, 75),
(380, 24),
(381, 5),
(382, 113),
(383, 26),
(384, 25),
(385, 11),
(386, 91),
(387, 25),
(388, 58),
(389, 36),
(390, 73),
(391, 23),
(392, 11),
(393, 18),
(394, 18),
(395, 18),
(396, 61),
(397, 61),
(398, 27),
(399, 27),
(400, 36),
(401, 25),
(402, 46),
(403, 114),
(404, 87),
(405, 28),
(406, 75),
(407, 11),
(408, 25),
(409, 25),
(410, 71),
(411, 15),
(412, 11),
(413, 36),
(414, 36),
(415, 4),
(416, 50),
(417, 25),
(418, 70),
(419, 25),
(420, 18),
(421, 115),
(422, 50),
(423, 51),
(424, 11),
(425, 53),
(426, 116),
(427, 26),
(428, 36),
(429, 110),
(430, 58),
(431, 117),
(432, 118),
(433, 4),
(434, 18),
(435, 32),
(436, 119),
(437, 28),
(438, 11),
(439, 36),
(440, 25),
(441, 100),
(442, 11),
(443, 46),
(444, 25),
(445, 54),
(446, 36),
(447, 4),
(448, 11),
(449, 11),
(450, 36),
(451, 50),
(452, 26),
(453, 11),
(454, 91),
(455, 89),
(456, 91),
(457, 91),
(458, 75),
(459, 11),
(460, 11),
(461, 91),
(462, 91),
(463, 91),
(464, 91),
(465, 91),
(466, 91),
(467, 25),
(468, 11),
(469, 46),
(470, 11),
(471, 42),
(472, 36),
(473, 112),
(474, 91),
(475, 91),
(476, 61),
(477, 61),
(478, 60),
(479, 61),
(480, 25),
(481, 64),
(482, 121),
(483, 122),
(484, 46),
(485, 46),
(486, 4),
(487, 72),
(488, 87),
(489, 63),
(490, 123),
(491, 4),
(492, 20),
(493, 19),
(494, 11),
(495, 66),
(496, 70),
(497, 75),
(498, 32),
(499, 5),
(500, 25);

-- --------------------------------------------------------

--
-- Table structure for table `book_publisher`
--

CREATE TABLE `book_publisher` (
  `book_id` int(11) NOT NULL,
  `publisher_id` int(11) NOT NULL
) ENGINE=InnoDB DEFAULT CHARSET=utf8 COLLATE=utf8_general_ci;

--
-- Dumping data for table `book_publisher`
--

INSERT INTO `book_publisher` (`book_id`, `publisher_id`) VALUES
(1, 1),
(2, 1),
(3, 1),
(4, 1),
(5, 1),
(6, 1),
(7, 1),
(8, 1),
(9, 1),
(10, 1),
(11, 1),
(12, 1),
(13, 1),
(14, 1),
(15, 1),
(16, 1),
(17, 1),
(18, 1),
(19, 1),
(20, 1),
(21, 1),
(22, 1),
(23, 1),
(24, 1),
(25, 1),
(26, 1),
(27, 1),
(28, 1),
(29, 1),
(30, 1),
(31, 1),
(32, 1),
(33, 1),
(34, 1),
(35, 1),
(36, 1),
(37, 1),
(38, 1),
(39, 1),
(40, 1),
(41, 1),
(42, 1),
(43, 1),
(44, 1),
(45, 1),
(46, 1),
(47, 1),
(48, 1),
(49, 1),
(50, 1),
(51, 1),
(52, 1),
(53, 1),
(54, 1),
(55, 1),
(56, 1),
(57, 1),
(58, 1),
(59, 1),
(60, 1),
(61, 1),
(62, 1),
(63, 1),
(64, 1),
(65, 1),
(66, 1),
(67, 1),
(68, 1),
(69, 1),
(70, 1),
(71, 1),
(72, 1),
(73, 1),
(74, 1),
(75, 1),
(76, 1),
(77, 1),
(78, 1),
(79, 1),
(80, 1),
(81, 1),
(82, 1),
(83, 1),
(84, 1),
(85, 1),
(86, 1),
(87, 1),
(88, 1),
(89, 1),
(90, 1),
(91, 1),
(92, 1),
(93, 1),
(94, 1),
(95, 1),
(96, 1),
(97, 1),
(98, 1),
(99, 1),
(100, 1),
(101, 1),
(102, 1),
(103, 1),
(104, 1),
(105, 1),
(106, 1),
(107, 1),
(108, 1),
(109, 1),
(110, 1),
(111, 1),
(112, 1),
(113, 1),
(114, 1),
(115, 1),
(116, 1),
(117, 1),
(118, 1),
(119, 1),
(120, 1),
(121, 1),
(122, 1),
(123, 1),
(124, 1),
(125, 1),
(126, 1),
(127, 1),
(128, 1),
(129, 1),
(130, 1),
(131, 1),
(132, 1),
(133, 1),
(134, 1),
(135, 1),
(136, 1),
(137, 1),
(138, 1),
(139, 1),
(140, 1),
(141, 1),
(142, 1),
(143, 1),
(144, 1),
(145, 1),
(146, 1),
(147, 1),
(148, 1),
(149, 1),
(150, 1),
(151, 1),
(152, 1),
(153, 1),
(154, 1),
(155, 1),
(156, 1),
(157, 1),
(158, 1),
(159, 1),
(160, 1),
(161, 1),
(162, 1),
(163, 1),
(164, 1),
(165, 1),
(166, 1),
(167, 1),
(168, 1),
(169, 1),
(170, 1),
(171, 1),
(172, 1),
(173, 1),
(174, 1),
(175, 1),
(176, 1),
(177, 1),
(178, 1),
(179, 1),
(180, 1),
(181, 1),
(182, 1),
(183, 1),
(184, 1),
(185, 1),
(186, 1),
(187, 1),
(188, 1),
(189, 1),
(190, 1),
(191, 1),
(192, 1),
(193, 1),
(194, 1),
(195, 1),
(196, 1),
(197, 1),
(198, 1),
(199, 1),
(200, 1),
(201, 1),
(202, 1),
(203, 1),
(204, 1),
(205, 1),
(206, 1),
(207, 1),
(208, 1),
(209, 1),
(210, 1),
(211, 1),
(212, 1),
(213, 1),
(214, 1),
(215, 1),
(216, 1),
(217, 1),
(218, 1),
(219, 1),
(220, 1),
(221, 1),
(222, 1),
(223, 1),
(224, 1),
(225, 1),
(226, 1),
(227, 1),
(228, 1),
(229, 1),
(230, 1),
(231, 1),
(232, 1),
(233, 1),
(234, 1),
(235, 1),
(236, 1),
(237, 1),
(238, 1),
(239, 1),
(240, 1),
(241, 1),
(242, 1),
(243, 1),
(244, 1),
(245, 1),
(246, 1),
(247, 1),
(248, 1),
(249, 1),
(250, 1),
(251, 1),
(252, 1),
(253, 1),
(254, 1),
(255, 1),
(256, 1),
(257, 1),
(258, 1),
(259, 1),
(260, 1),
(261, 1),
(262, 1),
(263, 1),
(264, 1),
(265, 1),
(266, 1),
(267, 1),
(268, 1),
(269, 1),
(270, 1),
(271, 1),
(272, 1),
(273, 1),
(274, 1),
(275, 1),
(276, 1),
(277, 1),
(278, 1),
(279, 1),
(280, 1),
(281, 1),
(282, 1),
(283, 1),
(284, 1),
(285, 1),
(286, 1),
(287, 1),
(288, 1),
(289, 1),
(290, 1),
(291, 1),
(292, 1),
(293, 1),
(294, 1),
(295, 1),
(296, 1),
(297, 1),
(298, 1),
(299, 1),
(300, 1),
(301, 1),
(302, 1),
(303, 1),
(304, 1),
(305, 1),
(306, 1),
(307, 1),
(308, 1),
(309, 1),
(310, 1),
(311, 1),
(312, 1),
(313, 1),
(314, 1),
(315, 1),
(316, 1),
(317, 1),
(318, 1),
(319, 1),
(320, 1),
(321, 1),
(322, 1),
(323, 1),
(324, 1),
(325, 1),
(326, 1),
(327, 1),
(328, 1),
(329, 1),
(330, 1),
(331, 1),
(332, 1),
(333, 1),
(334, 1),
(335, 1),
(336, 1),
(337, 1),
(338, 1),
(339, 1),
(340, 1),
(341, 1),
(342, 1),
(343, 1),
(344, 1),
(345, 1),
(346, 1),
(347, 1),
(348, 1),
(349, 1),
(350, 1),
(351, 1),
(352, 1),
(353, 1),
(354, 1),
(355, 1),
(356, 1),
(357, 1),
(358, 1),
(359, 1),
(360, 1),
(361, 1),
(362, 1),
(363, 1),
(364, 1),
(365, 1),
(366, 1),
(367, 1),
(368, 1),
(369, 1),
(370, 1),
(371, 1),
(372, 1),
(373, 1),
(374, 1),
(375, 1),
(376, 1),
(377, 1),
(378, 1),
(379, 1),
(380, 1),
(381, 1),
(382, 1),
(383, 1),
(384, 1),
(385, 1),
(386, 1),
(387, 1),
(388, 1),
(389, 1),
(390, 1),
(391, 1),
(392, 1),
(393, 1),
(394, 1),
(395, 1),
(396, 1),
(397, 1),
(398, 1),
(399, 1),
(400, 1),
(401, 1),
(402, 1),
(403, 1),
(404, 1),
(405, 1),
(406, 1),
(407, 1),
(408, 1),
(409, 1),
(410, 1),
(411, 1),
(412, 1),
(413, 1),
(414, 1),
(415, 1),
(416, 1),
(417, 1),
(418, 1),
(419, 1),
(420, 1),
(421, 1),
(422, 1),
(423, 1),
(424, 1),
(425, 1),
(426, 1),
(427, 1),
(428, 1),
(429, 1),
(430, 1),
(431, 1),
(432, 1),
(433, 1),
(434, 1),
(435, 1),
(436, 1),
(437, 1),
(438, 1),
(439, 1),
(440, 1),
(441, 1),
(442, 1),
(443, 1),
(444, 1),
(445, 1),
(446, 1),
(447, 1),
(448, 1),
(449, 1),
(450, 1),
(451, 1),
(452, 1),
(453, 1),
(454, 1),
(455, 1),
(456, 1),
(457, 1),
(458, 1),
(459, 1),
(460, 1),
(461, 1),
(462, 1),
(463, 1),
(464, 1),
(465, 1),
(466, 1),
(467, 1),
(468, 1),
(469, 1),
(470, 1),
(471, 1),
(472, 1),
(473, 1),
(474, 1),
(475, 1),
(476, 1),
(477, 1),
(478, 1),
(479, 1),
(480, 1),
(481, 1),
(482, 1),
(483, 1),
(484, 1),
(485, 1),
(486, 1),
(487, 1),
(488, 1),
(489, 1),
(490, 1),
(491, 1),
(492, 1),
(493, 1),
(494, 1),
(495, 1),
(496, 1),
(497, 1),
(498, 1),
(499, 1),
(500, 1);

-- --------------------------------------------------------

--
-- Table structure for table `book_reviews`
--

CREATE TABLE `book_reviews` (
  `book_id` int(11) DEFAULT NULL,
  `review_id` int(11) DEFAULT NULL
) ENGINE=InnoDB DEFAULT CHARSET=utf8mb4 COLLATE=utf8mb4_general_ci;

--
-- Dumping data for table `book_reviews`
--

INSERT INTO `book_reviews` (`book_id`, `review_id`) VALUES
(1, 921),
(1, 1690),
(1, 1688),
(1, 1367),
(1, 1772),
(2, 484),
(2, 138),
(2, 1240),
(2, 1783),
(3, 623),
(3, 1530),
(3, 1780),
(3, 311),
(3, 216),
(3, 144),
(4, 1921),
(5, 1195),
(5, 1799),
(5, 1408),
(5, 1645),
(5, 1),
(5, 1067),
(5, 1333),
(6, 1315),
(6, 186),
(6, 985),
(6, 366),
(6, 875),
(6, 1276),
(6, 1757),
(6, 953),
(7, 624),
(7, 627),
(7, 1265),
(7, 443),
(7, 421),
(7, 773),
(7, 604),
(7, 700),
(8, 333),
(8, 605),
(8, 24),
(8, 304),
(8, 1449),
(8, 332),
(8, 1314),
(8, 1572),
(8, 1918),
(9, 618),
(9, 464),
(9, 468),
(9, 944),
(9, 1319),
(10, 844),
(10, 937),
(10, 155),
(10, 1965),
(10, 1356),
(10, 885),
(10, 358),
(10, 1134),
(10, 597),
(11, 119),
(11, 1850),
(11, 890),
(11, 901),
(11, 1833),
(11, 462),
(11, 809),
(11, 661),
(12, 393),
(12, 1341),
(12, 1522),
(12, 1590),
(12, 1382),
(13, 549),
(14, 1992),
(14, 975),
(15, 1564),
(15, 1127),
(15, 943),
(15, 1333),
(15, 1837),
(16, 406),
(16, 478),
(16, 1174),
(16, 436),
(16, 658),
(16, 1980),
(17, 1684),
(17, 647),
(17, 179),
(17, 957),
(17, 247),
(17, 363),
(17, 1075),
(17, 283),
(17, 190),
(17, 101),
(18, 1375),
(18, 1067),
(18, 1211),
(18, 852),
(18, 625),
(18, 568),
(18, 966),
(18, 1127),
(18, 734),
(18, 288),
(19, 1333),
(19, 945),
(19, 725),
(19, 790),
(19, 1774),
(19, 498),
(19, 1168),
(20, 221),
(20, 70),
(21, 223),
(21, 54),
(21, 1600),
(21, 1836),
(21, 382),
(21, 403),
(21, 866),
(21, 1122),
(21, 1011),
(22, 1400),
(22, 1939),
(22, 1495),
(22, 1659),
(22, 1809),
(22, 67),
(22, 906),
(22, 330),
(22, 932),
(23, 1554),
(23, 758),
(23, 1126),
(23, 1356),
(23, 1404),
(23, 948),
(23, 530),
(23, 1806),
(23, 1438),
(24, 542),
(24, 1394),
(24, 1347),
(24, 549),
(24, 706),
(24, 1883),
(24, 1297),
(24, 833),
(24, 274),
(25, 1538),
(25, 1073),
(25, 750),
(25, 529),
(25, 397),
(26, 792),
(26, 771),
(27, 1079),
(27, 959),
(27, 1558),
(27, 912),
(27, 1883),
(27, 681),
(27, 1757),
(27, 740),
(28, 1919),
(28, 313),
(28, 1805),
(29, 1012),
(30, 982),
(30, 497),
(30, 1540),
(30, 208),
(30, 421),
(31, 131),
(31, 220),
(31, 705),
(31, 863),
(31, 203),
(31, 422),
(31, 1503),
(31, 249),
(32, 922),
(32, 408),
(32, 1272),
(32, 1137),
(33, 1932),
(33, 55),
(33, 476),
(33, 214),
(33, 1642),
(33, 1566),
(33, 905),
(33, 1824),
(33, 407),
(33, 563),
(34, 280),
(34, 616),
(34, 239),
(34, 1348),
(34, 20),
(34, 57),
(34, 226),
(34, 956),
(35, 1642),
(36, 598),
(36, 1274),
(36, 576),
(36, 1057),
(36, 1556),
(36, 607),
(36, 370),
(36, 26),
(36, 1018),
(36, 1013),
(37, 1019),
(38, 239),
(38, 15),
(38, 1357),
(38, 742),
(38, 1639),
(38, 1966),
(39, 668),
(39, 599),
(39, 993),
(39, 1164),
(39, 842),
(40, 1062),
(40, 1155),
(40, 590),
(40, 1483),
(41, 1777),
(41, 1949),
(41, 412),
(41, 213),
(41, 1830),
(41, 510),
(41, 1061),
(41, 1773),
(41, 1682),
(42, 413),
(42, 790),
(42, 708),
(42, 1172),
(42, 1733),
(42, 1151),
(43, 1318),
(43, 926),
(43, 677),
(44, 1005),
(44, 1202),
(44, 993),
(44, 1358),
(45, 988),
(45, 1501),
(45, 540),
(45, 196),
(45, 1361),
(45, 216),
(45, 995),
(45, 327),
(45, 652),
(45, 277),
(46, 304),
(46, 1241),
(46, 1289),
(46, 725),
(46, 1756),
(46, 603),
(46, 1749),
(46, 933),
(47, 296),
(47, 1222),
(47, 1220),
(47, 433),
(47, 504),
(47, 1223),
(47, 602),
(47, 1340),
(48, 445),
(48, 1544),
(48, 384),
(48, 1291),
(48, 1299),
(49, 1213),
(49, 199),
(49, 1355),
(49, 177),
(50, 1577),
(50, 1419),
(50, 363),
(50, 1559),
(50, 704),
(51, 98),
(51, 1964),
(51, 1527),
(51, 1742),
(51, 127),
(52, 670),
(52, 1120),
(52, 1589),
(52, 583),
(52, 146),
(52, 983),
(52, 475),
(52, 1427),
(53, 254),
(53, 149),
(53, 1981),
(53, 1457),
(53, 1342),
(53, 337),
(53, 1661),
(53, 1293),
(53, 1483),
(54, 1222),
(54, 1506),
(54, 1866),
(54, 808),
(54, 444),
(54, 1794),
(54, 1639),
(54, 814),
(55, 1303),
(55, 1069),
(55, 1436),
(55, 1973),
(55, 1556),
(55, 1858),
(56, 1548),
(56, 1864),
(56, 675),
(56, 1785),
(57, 1130),
(57, 959),
(57, 1405),
(57, 149),
(57, 528),
(58, 1372),
(59, 1306),
(59, 1679),
(60, 1335),
(60, 1250),
(60, 244),
(61, 617),
(61, 674),
(61, 1521),
(61, 1582),
(61, 1346),
(61, 1984),
(61, 1882),
(61, 1458),
(62, 1842),
(62, 279),
(62, 1868),
(62, 505),
(62, 919),
(62, 1078),
(62, 634),
(62, 1935),
(62, 1773),
(63, 1969),
(63, 673),
(63, 1458),
(63, 1268),
(63, 1965),
(63, 22),
(64, 1008),
(64, 395),
(65, 1557),
(65, 941),
(65, 31),
(65, 1334),
(65, 577),
(66, 676),
(66, 733),
(66, 1638),
(66, 1992),
(66, 1044),
(67, 1085),
(67, 1693),
(67, 1212),
(67, 977),
(67, 1251),
(67, 1323),
(67, 860),
(68, 1078),
(68, 393),
(69, 484),
(69, 219),
(69, 1645),
(69, 1565),
(70, 1757),
(70, 115),
(70, 1300),
(70, 156),
(70, 880),
(71, 1011),
(71, 1262),
(71, 1278),
(71, 604),
(71, 1185),
(71, 114),
(71, 1012),
(71, 719),
(71, 558),
(71, 634),
(72, 1572),
(72, 1373),
(72, 152),
(72, 638),
(72, 734),
(72, 1755),
(72, 571),
(72, 1591),
(73, 426),
(73, 1412),
(74, 668),
(74, 1996),
(74, 1976),
(74, 1894),
(74, 1538),
(74, 7),
(74, 1422),
(74, 1087),
(74, 1170),
(75, 1422),
(75, 1351),
(75, 487),
(76, 447),
(76, 1088),
(77, 1231),
(78, 1602),
(78, 430),
(78, 1344),
(78, 1428),
(78, 1107),
(78, 1254),
(78, 946),
(78, 968),
(78, 1),
(78, 1102),
(79, 217),
(79, 571),
(79, 203),
(79, 1303),
(79, 1904),
(79, 1610),
(79, 337),
(79, 855),
(80, 1759),
(80, 999),
(80, 1718),
(80, 1592),
(80, 808),
(80, 1261),
(80, 1881),
(81, 471),
(81, 1485),
(81, 14),
(81, 1611),
(81, 13),
(81, 1231),
(81, 115),
(81, 884),
(81, 75),
(82, 380),
(82, 735),
(82, 536),
(82, 472),
(82, 753),
(82, 349),
(82, 1483),
(82, 371),
(82, 1404),
(83, 1329),
(83, 917),
(83, 601),
(83, 251),
(83, 1451),
(83, 501),
(83, 151),
(83, 1254),
(83, 1817),
(83, 1322),
(84, 1823),
(84, 1640),
(84, 731),
(84, 733),
(84, 1473),
(84, 1164),
(85, 1517),
(85, 1380),
(85, 348),
(85, 1599),
(85, 950),
(85, 1951),
(85, 907),
(85, 680),
(86, 1361),
(86, 762),
(86, 1726),
(86, 345),
(87, 1695),
(87, 837),
(87, 1100),
(88, 1635),
(88, 1213),
(88, 1159),
(88, 155),
(88, 1296),
(89, 198),
(90, 91),
(90, 1643),
(90, 1941),
(90, 776),
(90, 56),
(91, 1593),
(91, 108),
(91, 1761),
(91, 482),
(91, 1123),
(91, 171),
(91, 1486),
(91, 915),
(91, 117),
(91, 1838),
(92, 684),
(92, 902),
(92, 456),
(92, 1575),
(92, 506),
(93, 1506),
(93, 115),
(93, 57),
(93, 1939),
(93, 1522),
(93, 1791),
(93, 392),
(93, 585),
(93, 1748),
(93, 986),
(94, 1458),
(94, 239),
(94, 821),
(94, 1388),
(94, 478),
(94, 224),
(94, 1684),
(94, 1749),
(94, 1693),
(95, 997),
(95, 1340),
(95, 1707),
(95, 515),
(95, 1452),
(95, 1715),
(95, 221),
(96, 1120),
(96, 1728),
(96, 1283),
(96, 1229),
(96, 296),
(96, 1793),
(96, 77),
(96, 1003),
(96, 786),
(96, 919),
(97, 425),
(97, 1417),
(98, 783),
(98, 495),
(98, 127),
(98, 1146),
(98, 1351),
(98, 1316),
(98, 527),
(98, 687),
(98, 1853),
(98, 1203),
(99, 667),
(99, 1968),
(99, 1838),
(100, 917),
(100, 724),
(100, 869),
(100, 171),
(100, 251),
(100, 738),
(100, 939),
(101, 1572),
(101, 427),
(101, 1418),
(102, 791),
(102, 526),
(102, 257),
(102, 1708),
(102, 1766),
(102, 1706),
(102, 1231),
(102, 1036),
(102, 1486),
(102, 321),
(103, 765),
(103, 388),
(103, 1645),
(103, 1059),
(103, 362),
(103, 633),
(104, 494),
(105, 1676),
(105, 1684),
(106, 1905),
(106, 1352),
(106, 1042),
(106, 1156),
(106, 651),
(106, 1788),
(106, 987),
(107, 887),
(107, 1724),
(107, 1959),
(107, 622),
(107, 1232),
(107, 294),
(107, 1772),
(107, 1978),
(108, 940),
(108, 973),
(108, 46),
(109, 411),
(109, 127),
(109, 1400),
(109, 618),
(109, 892),
(109, 604),
(109, 342),
(110, 462),
(110, 616),
(110, 1695),
(110, 625),
(110, 41),
(110, 328),
(110, 1518),
(110, 606),
(110, 477),
(110, 564),
(111, 1249),
(111, 79),
(111, 648),
(111, 1005),
(111, 1078),
(111, 374),
(111, 637),
(112, 393),
(113, 1734),
(113, 1322),
(113, 1406),
(113, 1065),
(113, 1104),
(113, 327),
(113, 323),
(113, 634),
(113, 199),
(114, 861),
(114, 1030),
(114, 568),
(114, 1750),
(114, 1045),
(114, 1976),
(115, 1787),
(115, 704),
(115, 158),
(115, 678),
(116, 538),
(116, 1945),
(116, 112),
(116, 725),
(116, 1287),
(117, 1438),
(117, 410),
(118, 1454),
(118, 58),
(118, 1929),
(118, 1468),
(118, 1552),
(118, 1358),
(118, 133),
(118, 589),
(118, 545),
(119, 1149),
(119, 873),
(119, 919),
(119, 1975),
(119, 1118),
(120, 968),
(120, 1847),
(120, 328),
(120, 99),
(120, 1509),
(120, 1251),
(120, 1725),
(120, 871),
(120, 1180),
(121, 897),
(121, 622),
(121, 420),
(121, 232),
(121, 1899),
(121, 800),
(121, 300),
(122, 608),
(122, 1735),
(122, 849),
(122, 1040),
(122, 654),
(122, 151),
(123, 1491),
(123, 1090),
(123, 976),
(123, 1608),
(124, 734),
(124, 336),
(124, 1477),
(124, 377),
(124, 1451),
(124, 124),
(125, 971),
(125, 48),
(126, 486),
(126, 452),
(126, 799),
(126, 640),
(126, 803),
(126, 96),
(126, 70),
(127, 87),
(128, 1028),
(128, 366),
(129, 633),
(129, 926),
(129, 730),
(129, 873),
(130, 244),
(131, 769),
(131, 1743),
(131, 408),
(131, 810),
(132, 1697),
(132, 9),
(132, 951),
(132, 728),
(132, 789),
(133, 429),
(133, 869),
(133, 1054),
(133, 662),
(133, 150),
(133, 764),
(133, 1369),
(133, 554),
(133, 659),
(134, 197),
(134, 79),
(134, 1804),
(134, 781),
(134, 494),
(134, 125),
(134, 1143),
(134, 1338),
(134, 1261),
(135, 1669),
(135, 1472),
(136, 1360),
(136, 1731),
(137, 1677),
(137, 661),
(137, 277),
(138, 159),
(138, 603),
(138, 534),
(138, 863),
(138, 711),
(138, 966),
(138, 697),
(139, 843),
(139, 452),
(139, 1733),
(140, 1333),
(140, 746),
(140, 1729),
(140, 407),
(140, 850),
(140, 1026),
(140, 578),
(141, 1332),
(141, 1217),
(141, 92),
(141, 807),
(141, 1759),
(141, 373),
(141, 589),
(141, 1826),
(141, 1363),
(141, 1335),
(142, 915),
(142, 823),
(142, 1369),
(143, 1771),
(143, 1727),
(144, 1419),
(144, 1137),
(144, 1425),
(144, 1716),
(144, 304),
(144, 370),
(144, 938),
(145, 1090),
(145, 707),
(145, 262),
(145, 1190),
(145, 1165),
(145, 252),
(145, 1763),
(145, 62),
(146, 904),
(146, 1465),
(146, 613),
(146, 668),
(146, 1503),
(146, 1509),
(147, 643),
(147, 114),
(147, 638),
(147, 849),
(147, 331),
(147, 1109),
(148, 1423),
(148, 1463),
(148, 1045),
(149, 1056),
(149, 763),
(149, 647),
(149, 946),
(149, 789),
(150, 1154),
(150, 457),
(150, 822),
(150, 739),
(150, 1229),
(150, 1927),
(151, 1956),
(151, 1936),
(151, 1812),
(151, 1253),
(151, 825),
(151, 369),
(151, 1370),
(151, 1739),
(151, 587),
(151, 1717),
(152, 958),
(152, 323),
(152, 740),
(152, 732),
(152, 1439),
(153, 679),
(153, 395),
(153, 1941),
(153, 516),
(153, 756),
(154, 898),
(154, 1788),
(155, 1861),
(155, 568),
(156, 588),
(156, 1166),
(156, 63),
(156, 817),
(156, 1894),
(156, 1020),
(156, 1417),
(157, 1877),
(158, 909),
(158, 618),
(158, 362),
(158, 1958),
(158, 703),
(158, 1639),
(158, 87),
(159, 1320),
(159, 51),
(159, 295),
(159, 1319),
(159, 1711),
(159, 598),
(159, 1857),
(159, 1489),
(160, 895),
(160, 858),
(160, 1603),
(160, 1439),
(160, 389),
(160, 1625),
(160, 960),
(160, 1922),
(160, 732),
(160, 1891),
(161, 630),
(161, 1368),
(161, 949),
(161, 640),
(161, 352),
(161, 1839),
(161, 138),
(162, 1451),
(162, 1737),
(162, 330),
(162, 440),
(162, 1208),
(162, 721),
(163, 1728),
(163, 704),
(163, 336),
(163, 1567),
(163, 826),
(163, 1430),
(163, 672),
(163, 1068),
(163, 1323),
(163, 1411),
(164, 1186),
(164, 680),
(164, 1840),
(164, 1159),
(164, 274),
(164, 1893),
(165, 1534),
(165, 1741),
(165, 104),
(165, 1297),
(166, 966),
(167, 679),
(167, 446),
(168, 1624),
(169, 841),
(169, 1575),
(169, 1352),
(169, 35),
(169, 118),
(169, 485),
(169, 68),
(169, 887),
(170, 496),
(170, 1785),
(171, 1823),
(171, 806),
(171, 562),
(171, 393),
(171, 278),
(171, 210),
(171, 217),
(171, 452),
(172, 685),
(172, 600),
(172, 946),
(172, 927),
(172, 1799),
(172, 213),
(172, 1667),
(172, 1696),
(172, 1479),
(173, 1100),
(173, 576),
(174, 165),
(174, 89),
(174, 1950),
(174, 1484),
(174, 1569),
(174, 1390),
(174, 244),
(174, 1049),
(175, 1411),
(175, 1522),
(175, 1374),
(176, 1396),
(176, 68),
(177, 564),
(178, 103),
(178, 1438),
(179, 81),
(179, 1766),
(179, 586),
(179, 1632),
(179, 403),
(180, 385),
(180, 567),
(180, 1680),
(180, 699),
(180, 452),
(180, 164),
(181, 833),
(181, 1770),
(181, 349),
(181, 434),
(181, 1125),
(181, 320),
(181, 227),
(181, 175),
(182, 437),
(183, 729),
(183, 821),
(183, 1917),
(183, 1123),
(183, 1863),
(183, 1944),
(183, 133),
(183, 830),
(183, 1751),
(184, 62),
(184, 1521),
(185, 538),
(185, 426),
(185, 518),
(185, 1311),
(185, 999),
(185, 1064),
(185, 322),
(185, 419),
(186, 371),
(186, 478),
(186, 1275),
(186, 942),
(186, 882),
(186, 1587),
(187, 1674),
(187, 508),
(187, 1517),
(187, 62),
(187, 1757),
(187, 598),
(187, 1721),
(188, 887),
(188, 3),
(188, 1354),
(188, 762),
(188, 1745),
(189, 966),
(189, 1510),
(189, 649),
(190, 1626),
(190, 1986),
(190, 1052),
(190, 1302),
(191, 867),
(191, 269),
(191, 742),
(191, 904),
(191, 292),
(191, 748),
(191, 865),
(192, 1809),
(193, 575),
(193, 473),
(193, 640),
(193, 1782),
(194, 1597),
(194, 1017),
(194, 293),
(194, 413),
(194, 1184),
(195, 1867),
(195, 1283),
(195, 812),
(195, 210),
(196, 436),
(196, 339),
(196, 386),
(196, 914),
(197, 322),
(197, 1370),
(197, 1883),
(197, 1304),
(197, 872),
(197, 448),
(197, 1622),
(197, 768),
(198, 549),
(198, 1831),
(198, 1511),
(198, 59),
(198, 1764),
(199, 1916),
(199, 1654),
(199, 520),
(199, 1638),
(200, 244),
(200, 1323),
(200, 1881),
(200, 1438),
(201, 1420),
(201, 457),
(201, 23),
(201, 747),
(201, 1663),
(201, 76),
(201, 1389),
(201, 717),
(202, 939),
(202, 441),
(202, 1389),
(202, 1619),
(202, 1926),
(202, 775),
(202, 94),
(202, 147),
(203, 1813),
(203, 1712),
(203, 1119),
(204, 940),
(204, 1322),
(204, 1788),
(205, 1500),
(205, 579),
(205, 398),
(205, 249),
(205, 53),
(206, 1431),
(206, 602),
(206, 713),
(206, 1761),
(206, 663),
(206, 33),
(206, 174),
(206, 773),
(207, 388),
(207, 1915),
(207, 412),
(207, 316),
(207, 340),
(207, 751),
(207, 737),
(208, 941),
(208, 412),
(208, 1237),
(208, 948),
(208, 1029),
(208, 299),
(208, 409),
(208, 1148),
(209, 1112),
(209, 24),
(209, 787),
(210, 942),
(210, 1126),
(210, 804),
(210, 640),
(210, 789),
(210, 24),
(210, 1754),
(210, 697),
(210, 221),
(210, 1014),
(211, 993),
(211, 1743),
(211, 1738),
(212, 72),
(212, 1990),
(212, 1734),
(212, 699),
(212, 292),
(212, 1363),
(212, 1940),
(212, 1608),
(213, 269),
(213, 691),
(214, 1154),
(214, 1832),
(214, 1700),
(214, 1002),
(215, 539),
(215, 968),
(215, 1223),
(215, 1210),
(215, 379),
(215, 268),
(215, 199),
(215, 192),
(215, 362),
(215, 1235),
(216, 1730),
(216, 1389),
(216, 1753),
(216, 597),
(216, 1724),
(216, 832),
(217, 430),
(217, 1196),
(217, 688),
(217, 1851),
(217, 1191),
(218, 439),
(218, 988),
(218, 1622),
(219, 852),
(219, 830),
(219, 1595),
(219, 1481),
(219, 621),
(219, 663),
(220, 1272),
(220, 2000),
(220, 186),
(220, 927),
(220, 76),
(220, 1600),
(220, 1772),
(220, 61),
(221, 752),
(221, 800),
(221, 1741),
(221, 305),
(221, 301),
(222, 44),
(222, 453),
(222, 131),
(223, 86),
(223, 543),
(223, 454),
(223, 641),
(223, 1843),
(223, 1291),
(223, 925),
(224, 978),
(224, 637),
(224, 250),
(224, 1341),
(225, 1740),
(225, 844),
(225, 996),
(225, 449),
(225, 1256),
(225, 931),
(225, 886),
(225, 1639),
(225, 1537),
(225, 768),
(226, 1840),
(226, 1511),
(226, 37),
(226, 1651),
(226, 145),
(226, 1770),
(226, 414),
(227, 560),
(227, 516),
(227, 900),
(227, 950),
(228, 1403),
(229, 108),
(229, 1947),
(229, 1410),
(229, 1209),
(229, 1813),
(230, 1753),
(230, 447),
(230, 979),
(230, 1552),
(230, 823),
(230, 1460),
(230, 828),
(230, 1761),
(231, 320),
(231, 637),
(232, 1210),
(232, 1375),
(233, 99),
(233, 760),
(233, 1502),
(233, 1228),
(233, 1636),
(233, 494),
(233, 1564),
(234, 988),
(234, 1932),
(235, 1686),
(235, 338),
(235, 633),
(235, 151),
(236, 1824),
(236, 552),
(236, 1287),
(236, 777),
(236, 27),
(237, 930),
(237, 1242),
(237, 1420),
(237, 1376),
(237, 616),
(237, 951),
(237, 908),
(237, 1688),
(237, 1716),
(237, 1513),
(238, 1554),
(238, 513),
(238, 1901),
(239, 137),
(239, 781),
(239, 1494),
(239, 1124),
(239, 1140),
(239, 328),
(239, 220),
(239, 116),
(239, 1918),
(239, 1242),
(240, 556),
(240, 1407),
(240, 1369),
(241, 1016),
(241, 1203),
(241, 968),
(241, 1229),
(242, 519),
(242, 872),
(242, 803),
(242, 1397),
(242, 578),
(242, 697),
(242, 1749),
(243, 25),
(243, 162),
(243, 732),
(243, 1175),
(244, 861),
(244, 1275),
(244, 1789),
(244, 1121),
(244, 235),
(244, 1815),
(244, 368),
(244, 395),
(244, 870),
(245, 1210),
(245, 558),
(245, 1160),
(245, 126),
(245, 1150),
(245, 1370),
(246, 887),
(246, 236),
(246, 520),
(246, 1890),
(246, 1890),
(246, 1781),
(246, 1232),
(247, 388),
(247, 1491),
(247, 288),
(247, 969),
(247, 1979),
(248, 1008),
(248, 69),
(248, 1324),
(248, 413),
(248, 90),
(249, 1779),
(249, 1266),
(249, 993),
(249, 1164),
(249, 842),
(249, 718),
(249, 1065),
(250, 643),
(250, 1710),
(250, 623),
(250, 1982),
(250, 42),
(250, 262),
(251, 1168),
(251, 852),
(252, 1222),
(252, 1842),
(252, 1542),
(252, 182),
(253, 887),
(253, 1574),
(254, 1326),
(254, 999),
(254, 1016),
(254, 85),
(254, 1375),
(254, 618),
(254, 965),
(255, 1965),
(255, 906),
(255, 637),
(255, 466),
(255, 420),
(256, 243),
(256, 1112),
(256, 830),
(256, 812),
(257, 1422),
(257, 392),
(257, 1697),
(257, 1305),
(257, 1436),
(257, 1263),
(257, 5),
(257, 238),
(258, 1157),
(258, 262),
(258, 1840),
(258, 413),
(258, 542),
(258, 1473),
(259, 262),
(259, 103),
(259, 1728),
(259, 329),
(259, 461),
(259, 1318),
(259, 1208),
(259, 83),
(259, 791),
(260, 161),
(260, 1684),
(260, 1937),
(260, 632),
(260, 1349),
(260, 849),
(260, 196),
(260, 432),
(260, 1572),
(261, 109),
(261, 850),
(261, 1923),
(262, 1545),
(262, 534),
(262, 36),
(262, 579),
(262, 785),
(262, 187),
(263, 336),
(263, 1940),
(263, 693),
(264, 143),
(264, 1781),
(264, 474),
(264, 1029),
(264, 1721),
(264, 1518),
(264, 427),
(264, 1581),
(264, 622),
(265, 1969),
(265, 745),
(266, 841),
(266, 757),
(266, 1263),
(266, 45),
(266, 433),
(266, 32),
(266, 860),
(266, 203),
(266, 434),
(266, 1562),
(267, 1841),
(267, 1688),
(267, 918),
(268, 877),
(268, 1806),
(268, 397),
(268, 568),
(268, 1649),
(268, 541),
(268, 1759),
(268, 1169),
(269, 1324),
(269, 923),
(269, 639),
(270, 224),
(270, 1835),
(270, 500),
(271, 1474),
(271, 384),
(271, 1496),
(271, 330),
(271, 1162),
(272, 602),
(272, 559),
(272, 985),
(272, 1249),
(272, 1289),
(273, 1617),
(273, 1995),
(273, 1121),
(273, 1623),
(274, 873),
(274, 120),
(274, 1979),
(274, 1537),
(275, 123),
(275, 1375),
(275, 506),
(275, 403),
(275, 496),
(275, 1273),
(275, 874),
(275, 550),
(275, 127),
(276, 553),
(276, 1803),
(276, 1354),
(276, 1361),
(276, 744),
(277, 1949),
(277, 835),
(277, 328),
(277, 1133),
(277, 681),
(277, 8),
(277, 1994),
(277, 1947),
(277, 1751),
(278, 1318),
(278, 1847),
(278, 1280),
(278, 860),
(278, 460),
(279, 1219),
(279, 935),
(279, 1019),
(279, 286),
(279, 375),
(279, 1016),
(279, 1953),
(279, 715),
(279, 1719),
(280, 1085),
(280, 79),
(280, 1138),
(281, 1847),
(281, 880),
(281, 855),
(281, 1637),
(281, 1619),
(281, 1181),
(281, 1051),
(281, 1708),
(282, 1823),
(282, 947),
(282, 1263),
(282, 1476),
(282, 1592),
(282, 1528),
(282, 863),
(283, 63),
(283, 1123),
(283, 1427),
(283, 1763),
(283, 536),
(283, 1391),
(283, 1344),
(283, 549),
(283, 711),
(284, 1411),
(284, 1325),
(284, 395),
(284, 1997),
(284, 799),
(284, 5),
(284, 1626),
(284, 115),
(284, 1696),
(284, 133),
(285, 1497),
(285, 745),
(285, 1233),
(285, 1929),
(285, 1945),
(285, 1938),
(285, 1855),
(285, 1460),
(286, 294),
(286, 263),
(286, 434),
(286, 1379),
(286, 1595),
(286, 1834),
(286, 388),
(286, 436),
(286, 1018),
(287, 1839),
(287, 1860),
(287, 1783),
(287, 1333),
(287, 1314),
(287, 572),
(287, 917),
(287, 870),
(287, 1596),
(288, 70),
(288, 236),
(288, 968),
(288, 130),
(288, 1745),
(288, 334),
(288, 433),
(289, 531),
(289, 1155),
(289, 180),
(289, 1435),
(289, 637),
(289, 878),
(290, 1764),
(290, 1381),
(290, 1614),
(291, 777),
(291, 111),
(291, 227),
(291, 799),
(291, 1313),
(291, 169),
(291, 903),
(291, 10),
(291, 1338),
(291, 662),
(292, 479),
(292, 514),
(292, 1136),
(292, 135),
(292, 1269),
(292, 1939),
(292, 1889),
(293, 460),
(293, 1425),
(293, 1742),
(293, 437),
(293, 959),
(293, 1482),
(293, 535),
(293, 226),
(293, 1525),
(294, 153),
(294, 1930),
(294, 1189),
(294, 153),
(294, 1198),
(295, 53),
(295, 1679),
(295, 233),
(295, 128),
(295, 1942),
(295, 1325),
(295, 797),
(295, 8),
(296, 231),
(296, 200),
(296, 308),
(296, 939),
(296, 1771),
(296, 35),
(296, 864),
(296, 215),
(296, 480),
(297, 1334),
(297, 1406),
(297, 1028),
(297, 923),
(297, 1528),
(297, 872),
(297, 1776),
(297, 263),
(297, 1985),
(298, 1726),
(298, 1219),
(298, 916),
(298, 925),
(298, 1876),
(298, 604),
(299, 1145),
(299, 1549),
(299, 309),
(299, 898),
(299, 1561),
(299, 1114),
(299, 884),
(300, 739),
(300, 461),
(300, 87),
(300, 1050),
(300, 991),
(300, 1802),
(301, 774),
(302, 491),
(302, 1165),
(302, 354),
(302, 275),
(302, 309),
(302, 722),
(302, 683),
(302, 1249),
(302, 193),
(303, 1523),
(303, 1950),
(303, 1182),
(303, 60),
(303, 751),
(303, 1577),
(303, 1631),
(304, 220),
(304, 831),
(304, 1493),
(304, 975),
(304, 394),
(304, 1043),
(304, 33),
(304, 1035),
(305, 278),
(305, 161),
(305, 1970),
(305, 1367),
(305, 925),
(305, 523),
(306, 1628),
(306, 622),
(306, 225),
(306, 1259),
(306, 1621),
(306, 325),
(306, 762),
(306, 837),
(306, 1896),
(306, 969),
(307, 870),
(307, 883),
(307, 1805),
(307, 377),
(307, 470),
(307, 1218),
(308, 1732),
(308, 629),
(308, 1947),
(308, 1848),
(309, 1447),
(309, 1041),
(309, 865),
(309, 1198),
(309, 1396),
(309, 1385),
(309, 739),
(310, 1466),
(310, 721),
(310, 1205),
(310, 1864),
(310, 1703),
(310, 922),
(310, 1499),
(310, 732),
(311, 1606),
(311, 550),
(311, 1929),
(311, 1994),
(311, 182),
(311, 930),
(312, 1727),
(313, 442),
(313, 1236),
(314, 553),
(314, 207),
(314, 1375),
(314, 253),
(314, 1140),
(315, 1275),
(315, 1556),
(315, 1955),
(315, 1109),
(315, 1677),
(316, 267),
(316, 155),
(316, 1973),
(316, 1398),
(316, 1070),
(316, 1158),
(317, 1422),
(317, 1370),
(317, 585),
(318, 314),
(318, 1127),
(318, 693),
(318, 83),
(318, 337),
(319, 168),
(319, 532),
(319, 155),
(319, 1177),
(319, 1420),
(319, 1569),
(319, 1584),
(319, 1213),
(320, 913),
(320, 635),
(320, 437),
(320, 277),
(320, 75),
(320, 1545),
(320, 1497),
(321, 1760),
(321, 248),
(321, 1959),
(321, 1050),
(321, 1373),
(322, 456),
(322, 1134),
(322, 302),
(322, 106),
(322, 1626),
(322, 1810),
(322, 172),
(322, 1429),
(322, 627),
(323, 358),
(323, 1247),
(323, 1160),
(323, 57),
(323, 806),
(324, 869),
(324, 770),
(324, 1246),
(324, 1919),
(324, 1855),
(324, 1520),
(324, 34),
(324, 1607),
(324, 1936),
(324, 856),
(325, 1801),
(325, 1581),
(325, 504),
(326, 1356),
(326, 1457),
(326, 1219),
(326, 1724),
(326, 962),
(326, 1636),
(326, 1297),
(326, 1573),
(326, 1973),
(327, 1814),
(327, 1631),
(327, 712),
(327, 665),
(327, 1189),
(327, 1950),
(328, 1066),
(329, 703),
(329, 1174),
(329, 1761),
(329, 1283),
(330, 1805),
(330, 1630),
(330, 735),
(330, 786),
(330, 1724),
(330, 262),
(331, 1907),
(332, 1859),
(332, 1948),
(332, 162),
(332, 967),
(332, 346),
(332, 831),
(333, 1081),
(333, 61),
(333, 1059),
(333, 1112),
(333, 384),
(333, 584),
(334, 1073),
(334, 71),
(334, 1133),
(334, 1454),
(334, 1869),
(334, 984),
(334, 1312),
(334, 1605),
(334, 92),
(335, 1937),
(335, 756),
(335, 1969),
(335, 1576),
(335, 1971),
(335, 1128),
(335, 1728),
(335, 1255),
(335, 1090),
(336, 1153),
(336, 708),
(336, 83),
(336, 292),
(336, 1208),
(336, 1162),
(336, 189),
(336, 1456),
(336, 711),
(337, 1810),
(337, 1482),
(337, 1979),
(337, 1448),
(337, 1303),
(337, 172),
(338, 233),
(338, 313),
(338, 868),
(338, 1401),
(338, 398),
(339, 1750),
(339, 1382),
(339, 1659),
(339, 148),
(339, 1763),
(339, 370),
(339, 563),
(339, 1702),
(339, 820),
(340, 518),
(340, 1601),
(340, 453),
(340, 1460),
(340, 1939),
(341, 754),
(341, 1829),
(341, 882),
(341, 921),
(341, 1958),
(341, 1025),
(341, 1253),
(342, 183),
(342, 1349),
(342, 198),
(342, 940),
(342, 105),
(342, 1704),
(343, 1920),
(343, 977),
(344, 708),
(344, 154),
(344, 648),
(344, 777),
(344, 1938),
(344, 1362),
(345, 880),
(345, 1419),
(345, 456),
(345, 24),
(345, 750),
(346, 128),
(346, 1614),
(346, 1685),
(346, 1584),
(346, 863),
(346, 1564),
(346, 1229),
(346, 1454),
(346, 1580),
(347, 954),
(347, 153),
(347, 1903),
(347, 1055),
(347, 1566),
(347, 665),
(347, 624),
(347, 1128),
(348, 1438),
(348, 1896),
(348, 1167),
(348, 144),
(348, 1219),
(348, 1665),
(348, 665),
(348, 331),
(348, 1659),
(349, 1536),
(349, 1769),
(349, 237),
(349, 1878),
(349, 680),
(349, 1765),
(349, 783),
(350, 747),
(350, 1877),
(350, 1145),
(350, 90),
(351, 819),
(351, 1041),
(351, 747),
(351, 610),
(351, 808),
(351, 212),
(352, 534),
(352, 767),
(352, 235),
(352, 871),
(353, 1639),
(353, 1241),
(353, 1288),
(353, 715),
(353, 1712),
(353, 413),
(353, 928),
(353, 1402),
(353, 227),
(354, 1959),
(354, 1010),
(354, 1171),
(354, 823),
(354, 605),
(355, 960),
(355, 1135),
(355, 795),
(356, 460),
(356, 592),
(356, 1580),
(357, 1872),
(358, 1354),
(358, 1785),
(358, 863),
(358, 960),
(358, 209),
(359, 206),
(360, 29),
(360, 558),
(360, 699),
(361, 1013),
(361, 1598),
(361, 949),
(361, 1950),
(361, 905),
(361, 673),
(361, 650),
(361, 1232),
(361, 207),
(361, 1339),
(362, 353),
(363, 644),
(363, 598),
(363, 1056),
(363, 1488),
(363, 270),
(363, 888),
(363, 1627),
(363, 1473),
(364, 1993),
(364, 517),
(364, 607),
(365, 1586),
(365, 1487),
(365, 675),
(365, 913),
(365, 541),
(365, 1964),
(365, 198),
(365, 1096),
(366, 1148),
(366, 1077),
(366, 1939),
(366, 464),
(366, 502),
(367, 91),
(367, 1096),
(367, 1205),
(367, 737),
(367, 70),
(367, 140),
(368, 15),
(368, 615),
(368, 1027),
(369, 1379),
(369, 1019),
(369, 959),
(369, 1734),
(369, 1793),
(369, 1763),
(369, 1434),
(370, 1098),
(370, 1851),
(370, 1958),
(370, 239),
(370, 1321),
(370, 1888),
(370, 1474),
(370, 1707),
(370, 112),
(370, 1439),
(371, 1967),
(371, 1262),
(371, 412),
(371, 272),
(371, 125),
(372, 666),
(372, 1905),
(372, 1528),
(372, 1923),
(372, 1031),
(372, 1386),
(372, 1835),
(372, 1019),
(372, 1589),
(372, 888),
(373, 1690),
(373, 1436),
(373, 110),
(373, 240),
(373, 871),
(373, 1635),
(373, 1560),
(373, 897),
(373, 1805),
(374, 241),
(374, 210),
(375, 997),
(375, 10),
(376, 1262),
(376, 1135),
(376, 1887),
(376, 29),
(376, 484),
(376, 332),
(377, 49),
(377, 1617),
(378, 839),
(378, 380),
(378, 1382),
(378, 1771),
(378, 707),
(378, 221),
(378, 984),
(378, 255),
(378, 325),
(378, 859),
(379, 20),
(379, 142),
(379, 650),
(379, 822),
(379, 160),
(379, 332),
(379, 1181),
(380, 999),
(380, 267),
(380, 340),
(380, 897),
(380, 1465),
(381, 774),
(381, 1966),
(381, 1507),
(381, 1637),
(382, 1402),
(382, 23),
(382, 1907),
(382, 1465),
(382, 1605),
(382, 1631),
(382, 1336),
(382, 1788),
(382, 930),
(383, 1650),
(383, 384),
(383, 971),
(383, 1701),
(383, 1593),
(383, 862),
(383, 1529),
(384, 713),
(384, 384),
(384, 1779),
(384, 1745),
(384, 1388),
(384, 1702),
(385, 627),
(385, 96),
(386, 693),
(386, 1674),
(386, 292),
(387, 1316),
(387, 1263),
(387, 367),
(388, 1123),
(389, 23),
(389, 1680),
(389, 330),
(389, 609),
(389, 53),
(389, 440),
(389, 39),
(389, 875),
(390, 661),
(390, 531),
(391, 1769),
(391, 826),
(391, 824),
(391, 1642),
(392, 1759),
(392, 1581),
(392, 631),
(392, 409),
(392, 154),
(392, 1542),
(392, 1247),
(392, 1610),
(392, 308),
(393, 618),
(393, 964),
(393, 967),
(393, 1944),
(394, 243),
(394, 771),
(394, 1124),
(394, 1308),
(394, 1167),
(395, 49),
(395, 515),
(395, 428),
(395, 593),
(395, 1683),
(395, 634),
(395, 119),
(395, 695),
(395, 1115),
(395, 1492),
(396, 91),
(397, 299),
(398, 862),
(398, 853),
(398, 1678),
(398, 1830),
(398, 118),
(398, 1098),
(399, 375),
(399, 475),
(399, 1250),
(399, 822),
(399, 360),
(399, 1334),
(400, 1940),
(400, 936),
(400, 860),
(400, 1492),
(400, 878),
(400, 1913),
(400, 932),
(400, 920),
(401, 264),
(401, 1906),
(401, 735),
(401, 1957),
(401, 1581),
(401, 34),
(401, 1426),
(401, 1027),
(401, 855),
(401, 1193),
(402, 1431),
(402, 948),
(402, 447),
(402, 1389),
(402, 1603),
(402, 1846),
(402, 424),
(402, 581),
(403, 415),
(403, 1180),
(403, 655),
(403, 1735),
(403, 708),
(403, 336),
(403, 1554),
(403, 763),
(403, 1153),
(404, 1913),
(404, 1142),
(404, 1969),
(404, 421),
(404, 197),
(404, 1721),
(404, 16),
(404, 913),
(405, 1842),
(405, 1661),
(405, 778),
(406, 198),
(406, 269),
(406, 753),
(406, 956),
(406, 522),
(407, 1129),
(407, 427),
(407, 747),
(407, 454),
(407, 27),
(407, 774),
(407, 1789),
(407, 622),
(407, 1742),
(408, 988),
(408, 410),
(408, 1085),
(408, 195),
(408, 1721),
(409, 924),
(410, 57),
(410, 587),
(410, 764),
(411, 1996),
(412, 1046),
(412, 1809),
(412, 1908),
(412, 111),
(412, 830),
(412, 1817),
(412, 593),
(412, 1516),
(412, 1797),
(412, 440),
(413, 716),
(413, 1159),
(413, 1644),
(413, 743),
(413, 781),
(414, 46),
(414, 1194),
(414, 1832),
(414, 1578),
(414, 394),
(414, 1233),
(414, 984),
(414, 1222),
(414, 1155),
(415, 1076),
(416, 41),
(416, 1045),
(416, 1099),
(416, 359),
(416, 497),
(416, 1410),
(417, 1551),
(417, 1086),
(417, 777),
(417, 625),
(417, 793),
(417, 88),
(417, 64),
(417, 54),
(418, 231),
(419, 1903),
(419, 755),
(419, 67),
(419, 68),
(419, 140),
(420, 63),
(420, 822),
(420, 1921),
(421, 1935),
(421, 256),
(421, 1475),
(421, 607),
(421, 607),
(421, 1216),
(422, 1634),
(422, 1399),
(423, 265),
(424, 436),
(424, 1041),
(424, 1895),
(424, 355),
(424, 87),
(424, 1368),
(425, 795),
(425, 233),
(425, 783),
(426, 1716),
(426, 939),
(426, 1549),
(426, 927),
(426, 1986),
(426, 1151),
(426, 1794),
(427, 196),
(427, 432),
(427, 1570),
(427, 556),
(427, 71),
(427, 684),
(427, 1208),
(427, 1988),
(428, 1603),
(428, 1074),
(429, 1590),
(429, 263),
(429, 543),
(430, 3),
(430, 235),
(430, 1166),
(430, 1124),
(430, 120),
(430, 1228),
(430, 1778),
(430, 1208),
(430, 703),
(430, 1892),
(431, 1067),
(431, 1290),
(431, 1246),
(431, 360),
(431, 63),
(431, 1232),
(431, 1974),
(432, 936),
(433, 7),
(434, 1707),
(434, 1898),
(434, 370),
(434, 153),
(434, 1656),
(434, 1820),
(434, 133),
(434, 1202),
(435, 456),
(435, 1441),
(435, 1837),
(435, 860),
(435, 788),
(435, 1362),
(435, 443),
(435, 128),
(435, 1311),
(436, 927),
(437, 1812),
(438, 70),
(438, 246),
(438, 1021),
(438, 365),
(439, 715),
(439, 1290),
(439, 302),
(439, 1638),
(440, 1518),
(440, 1730),
(440, 94),
(440, 1282),
(440, 126),
(440, 782),
(440, 1531),
(441, 1956),
(441, 1851),
(441, 1385),
(441, 1371),
(441, 700),
(441, 1385),
(441, 827),
(442, 1419),
(442, 1154),
(442, 1511),
(442, 92),
(442, 1929),
(442, 1366),
(442, 1042),
(442, 1114),
(442, 441),
(442, 865),
(443, 407),
(443, 1035),
(443, 1950),
(443, 646),
(443, 1380),
(443, 961),
(444, 448),
(444, 242),
(444, 1862),
(444, 586),
(445, 953),
(445, 740),
(445, 838),
(445, 1970),
(445, 1336),
(445, 770),
(445, 1842),
(446, 976),
(446, 179),
(446, 1966),
(446, 1291),
(446, 558),
(447, 901),
(447, 1761),
(447, 102),
(447, 1226),
(447, 1825),
(448, 1744),
(448, 389),
(448, 712),
(448, 392),
(448, 1825),
(448, 1947),
(448, 258),
(448, 1450),
(449, 19),
(449, 674),
(449, 1312),
(450, 751),
(450, 142),
(450, 456),
(451, 1894),
(451, 1911),
(451, 1874),
(451, 1638),
(451, 564),
(451, 1909),
(451, 1850),
(451, 1522),
(451, 61),
(451, 1739),
(452, 1339),
(452, 1162),
(452, 1790),
(453, 1952),
(453, 1364),
(453, 965),
(453, 734),
(453, 771),
(453, 1656),
(453, 1966),
(453, 862),
(454, 1461),
(454, 79),
(454, 8),
(455, 992),
(455, 1550),
(455, 775),
(455, 1223),
(455, 1792),
(455, 1288),
(455, 1065),
(455, 1458),
(455, 97),
(455, 109),
(456, 940),
(456, 1939),
(457, 549),
(457, 126),
(457, 980),
(457, 523),
(457, 1673),
(458, 962),
(458, 422),
(458, 1223),
(458, 848),
(459, 312),
(459, 1847),
(459, 297),
(460, 822),
(460, 284),
(460, 950),
(460, 1900),
(460, 649),
(460, 1543),
(460, 1768),
(460, 209),
(460, 1741),
(460, 79),
(461, 1622),
(461, 594),
(461, 101),
(461, 725),
(461, 1319),
(461, 421),
(462, 1469),
(463, 118),
(463, 1876),
(463, 1024),
(463, 1494),
(463, 395),
(464, 283),
(464, 934),
(464, 1821),
(464, 301),
(464, 43),
(464, 1309),
(464, 419),
(464, 164),
(465, 1331),
(465, 1962),
(465, 1814),
(465, 1183),
(465, 472),
(465, 813),
(465, 646),
(465, 793),
(466, 1741),
(467, 1941),
(467, 1808),
(467, 1213),
(467, 642),
(468, 1926),
(468, 916),
(468, 803),
(468, 1267),
(468, 1927),
(468, 1832),
(468, 1379),
(468, 1398),
(469, 72),
(469, 1800),
(469, 785),
(469, 521),
(469, 251),
(470, 1707),
(470, 1459),
(470, 174),
(470, 492),
(470, 1938),
(470, 214),
(470, 1256),
(470, 1637),
(470, 417),
(471, 621),
(471, 1578),
(471, 30),
(471, 1413),
(471, 974),
(471, 630),
(472, 1243),
(472, 1537),
(473, 1154),
(473, 1909),
(473, 85),
(473, 698),
(473, 1236),
(473, 82),
(473, 702),
(473, 1265),
(473, 219),
(473, 1300),
(474, 1306),
(474, 1006),
(474, 1113),
(474, 544),
(474, 1383),
(474, 1283),
(474, 265),
(474, 1476),
(474, 582),
(474, 482),
(475, 1872),
(475, 1368),
(475, 1225),
(475, 21),
(476, 73),
(476, 1082),
(476, 1190),
(477, 1945),
(477, 1614),
(477, 236),
(477, 339),
(478, 1918),
(478, 626),
(478, 1376),
(478, 1004),
(478, 888),
(479, 485),
(479, 136),
(479, 1224),
(479, 1712),
(479, 885),
(479, 1290),
(479, 1795),
(479, 1106),
(480, 1391),
(481, 470),
(481, 766),
(481, 416),
(482, 1672),
(482, 1005),
(482, 7),
(482, 1023),
(482, 1094),
(482, 399),
(482, 713),
(482, 366),
(482, 1692),
(483, 1723),
(483, 535),
(483, 1505),
(483, 1919),
(483, 1082),
(483, 1653),
(483, 1016),
(484, 1556),
(485, 423),
(485, 1859),
(485, 27),
(485, 556),
(485, 699),
(485, 1828),
(485, 1042),
(485, 1727),
(486, 356),
(486, 1255),
(486, 1207),
(486, 271),
(486, 1732),
(486, 1845),
(486, 30),
(486, 614),
(487, 1065),
(487, 381),
(487, 709),
(487, 402),
(487, 1881),
(488, 1344),
(489, 605),
(490, 1390),
(490, 1027),
(490, 964),
(490, 1738),
(491, 1784),
(491, 1519),
(491, 245),
(491, 666),
(491, 593),
(491, 970),
(491, 1067),
(491, 427),
(491, 933),
(492, 121),
(492, 451),
(492, 1893),
(492, 112),
(492, 881),
(492, 67),
(492, 1694),
(493, 252),
(493, 460),
(494, 329),
(494, 1021),
(494, 114),
(494, 1510),
(494, 1206),
(494, 1498),
(494, 1874),
(494, 874),
(495, 1121),
(495, 1358),
(495, 1428),
(495, 1066),
(496, 16),
(496, 953),
(496, 714),
(496, 711),
(496, 1413),
(496, 931),
(497, 1291),
(497, 1201),
(497, 134),
(498, 927),
(498, 1437),
(498, 403),
(498, 1703),
(498, 1306),
(498, 1419),
(499, 1629),
(499, 612),
(499, 175),
(499, 1037),
(499, 661),
(499, 191),
(500, 287),
(500, 516),
(500, 1722),
(500, 1060),
(500, 134);

-- --------------------------------------------------------

--
-- Table structure for table `downloaded_books`
--

CREATE TABLE `downloaded_books` (
  `download_id` int(11) DEFAULT NULL,
  `book_id` int(11) DEFAULT NULL
) ENGINE=InnoDB DEFAULT CHARSET=utf8mb4 COLLATE=utf8mb4_general_ci;

-- --------------------------------------------------------

--
-- Table structure for table `downloads`
--

CREATE TABLE `downloads` (
  `download_id` int(11) NOT NULL,
  `download_timestamp` timestamp NOT NULL DEFAULT current_timestamp() ON UPDATE current_timestamp()
) ENGINE=InnoDB DEFAULT CHARSET=utf8mb4 COLLATE=utf8mb4_general_ci;

-- --------------------------------------------------------

--
-- Table structure for table `genres`
--

CREATE TABLE `genres` (
  `Genre_id` int(3) NOT NULL,
  `Genre_name` varchar(58) DEFAULT NULL
) ENGINE=InnoDB DEFAULT CHARSET=utf8 COLLATE=utf8_general_ci;

--
-- Dumping data for table `genres`
--

INSERT INTO `genres` (`Genre_id`, `Genre_name`) VALUES
(1, 'Politics'),
(2, 'American Revolutionary War'),
(3, 'United States Law'),
(4, 'Browsing: History - American'),
(5, 'Browsing: History - Warfare'),
(6, 'Browsing: Politics'),
(7, 'Banned Books List from the American Library Association'),
(8, 'Browsing: History - Religious'),
(9, 'Browsing: Religion/Spirituality/Paranormal'),
(10, 'Plays'),
(11, 'Browsing: Literature'),
(12, 'Browsing: Fiction'),
(13, 'Banned Books from Anne Haight\'s list'),
(14, 'IT Poesia'),
(15, 'Browsing: Poetry'),
(16, 'Best Books Ever Listings'),
(17, 'British Law'),
(18, 'Browsing: History - British'),
(19, 'Browsing: Law & Criminology'),
(20, 'Browsing: Humour'),
(21, 'Fantasy'),
(22, 'Horror'),
(23, 'Science Fiction'),
(24, 'Browsing: Science-Fiction & Fantasy'),
(25, 'Browsing: Culture/Civilization/Society'),
(26, 'Browsing: History - European'),
(27, 'Browsing: History - General'),
(28, 'Browsing: Philosophy & Ethics'),
(29, 'Browsing: Psychiatry/Psychology'),
(30, 'Gothic Fiction'),
(31, 'Browsing: Gender & Sexuality Studies'),
(32, 'Browsing: Nature/Gardening/Animals'),
(33, 'Browsing: Sports/Hobbies/Motoring'),
(34, 'Browsing: Travel & Geography'),
(35, 'Italy'),
(36, 'Browsing: Biographies'),
(37, 'Browsing: Sociology'),
(38, 'Cookbooks and Cooking'),
(39, 'Browsing: Cooking & Drinking'),
(40, 'Browsing: How To...'),
(41, 'Punchinello'),
(42, 'Browsing: Journalism/Media/Writing'),
(43, 'Browsing: Other'),
(44, 'The Strand Magazine'),
(45, 'Bibliomania'),
(46, 'Browsing: Children & Young Adult Reading'),
(47, 'The Mirror of Literature, Amusement, and Instruction'),
(48, 'Browsing: Encyclopedias/Dictionaries/Reference'),
(49, 'School Stories'),
(50, 'Browsing: Crime/Mystery'),
(51, 'Harvard Classics'),
(52, 'Native America'),
(53, 'Browsing: Language & Communication'),
(54, 'Browsing: Parenthood & Family Relations'),
(55, 'Browsing: Teaching & Education'),
(56, 'Children\'s Book Series'),
(57, 'Browsing: Journals'),
(58, 'FR Littérature'),
(59, 'Browsing: Environmental Issues'),
(60, 'Browsing: Science - General'),
(61, 'DE Drama'),
(62, 'Browsing: Performing Arts/Film'),
(63, 'Christianity'),
(64, 'Browsing: Science - Earth/Agricultural/Farming'),
(65, 'Browsing: Science - Genetics/Biology/Evolution'),
(66, 'FR Poésie'),
(67, 'FR Littérature francophone'),
(68, 'United States'),
(69, 'Western'),
(70, 'Detective Fiction'),
(71, 'Children\'s History'),
(72, 'The Atlantic Monthly'),
(73, 'Browsing: Art & Photography'),
(74, 'Germany'),
(75, 'World War I'),
(76, 'Canada'),
(77, 'Classical Antiquity'),
(78, 'Browsing: History - Ancient'),
(79, 'Browsing: Computers & Technology'),
(80, 'Greece'),
(81, 'Browsing: Fashion & Costume'),
(82, 'Poetry'),
(83, 'Browsing: History - Medieval/The Middle Ages'),
(84, 'Movie Books'),
(85, 'Short Stories'),
(86, 'Technology'),
(87, 'Children\'s Literature'),
(88, 'Punch'),
(89, 'Opera'),
(90, 'IT Musica'),
(91, 'Browsing: Music'),
(92, 'Philosophy'),
(93, 'FR Biographie, Mémoires, Journal intime, Correspondance'),
(94, 'Islam'),
(95, 'Bestsellers, American, 1895-1923'),
(96, 'Browsing: Science - Astronomy'),
(97, 'Browsing: Engineering & Construction'),
(98, 'Browsing: Economics'),
(99, 'Browsing: Business/Management'),
(100, 'Pirates, Buccaneers, Corsairs, etc.'),
(101, 'IT Romanzi'),
(102, 'DE Sachbuch'),
(103, 'Travel'),
(104, 'Language Education'),
(105, 'Geology'),
(106, 'Christmas'),
(107, 'Judaism'),
(108, 'Humor'),
(109, 'FR Chansons'),
(110, 'Browsing: Health & Medicine'),
(111, 'FR Jeunesse'),
(112, 'Adventure'),
(113, 'Children\'s Fiction'),
(114, 'Australia'),
(115, 'Folklore'),
(116, 'Children\'s Religion'),
(117, 'FR Histoire'),
(118, 'Slavery'),
(119, 'South Africa'),
(120, 'Africa'),
(121, 'Precursors of Science Fiction'),
(122, 'African American Writers'),
(123, 'Contemporary Reviews'),
(124, 'United Kingdom'),
(125, 'Children\'s Picture Books'),
(126, 'Paganism'),
(127, 'Architecture'),
(128, 'Browsing: Architecture'),
(129, 'One Act Plays'),
(130, 'IT Racconti'),
(131, 'DE Prosa'),
(132, 'Browsing: History - Royalty'),
(133, 'Historical Fiction'),
(134, 'Crime Nonfiction'),
(135, 'Egypt'),
(136, 'Biographies'),
(137, 'FR Philosophie, Religion et Morale'),
(138, 'US Civil War'),
(139, 'Botany'),
(140, 'Horticulture'),
(141, 'FR Voyages et pays'),
(142, 'FR Peuples et Sociétés'),
(143, 'FR Occultisme'),
(144, 'FR Politique'),
(145, 'Children\'s Instructional Books'),
(146, 'Arthurian Legends'),
(147, 'FR Nouvelles'),
(148, 'Transportation'),
(149, 'FR Sciences et Techniques'),
(150, 'Browsing: Archaeology'),
(151, 'Physics'),
(152, 'Browsing: Science - Physics'),
(153, '6 Best Loved Spanish Literary Classics'),
(154, 'Biology'),
(155, 'Mathematics'),
(156, 'Browsing: Mathematics'),
(157, 'Archaeology'),
(158, 'New Zealand'),
(159, 'Animal'),
(160, 'Animals-Wild-Mammals'),
(161, 'Natural History'),
(162, 'Children\'s Verse'),
(163, 'German Language Books'),
(164, 'India'),
(165, 'Education'),
(166, 'Mythology'),
(167, 'FR Théâtre'),
(168, 'FR Presse'),
(169, 'FR La Première Guerre Mondiale, 1914-1918'),
(170, 'Spanish American War'),
(171, 'Famous Scots Series'),
(172, 'Suffrage'),
(173, 'Crime Fiction'),
(174, 'FR Guerres'),
(175, 'Zoology'),
(176, 'IT Scienza'),
(177, 'Browsing: Science - Chemistry/Biochemistry/Physics'),
(178, 'Art'),
(179, 'Children\'s Anthologies'),
(180, 'Notes and Queries'),
(181, 'France'),
(182, 'Argentina'),
(183, 'IT Storia'),
(184, 'DE Lyrik'),
(185, 'Esperanto'),
(186, 'Hinduism'),
(187, 'De Aarde en haar Volken'),
(188, 'Children\'s Myths, Fairy Tales, etc.'),
(189, 'Scientific American'),
(190, 'Reference'),
(191, 'McClure\'s Magazine'),
(192, 'English Civil War'),
(193, 'Forestry'),
(194, 'Browsing: History - Schools & Universities'),
(195, 'Bulgaria'),
(196, 'Blackwood\'s Edinburgh Magazine'),
(197, 'FR Education et Enseignement'),
(198, 'Animals-Domestic'),
(199, 'The American Missionary'),
(200, 'Browsing: Research Methods/Statistics/Information Sys'),
(201, 'Browsing: Reports & Conference Proceedings'),
(202, 'Medicine'),
(203, 'DE Kinderbuch'),
(204, 'FR Contes'),
(205, 'Science'),
(206, 'Browsing: Russian Interest'),
(207, 'Browsing: Nutrition'),
(208, 'FR Sports et loisirs'),
(209, 'Psychology'),
(210, 'Anthropology'),
(211, 'Witchcraft'),
(212, 'Crafts'),
(213, 'Engineering'),
(214, 'Manufacturing'),
(215, 'Woodwork'),
(216, 'Physiology'),
(217, 'FR Humour'),
(218, 'Women\'s Travel Journals'),
(219, 'Boer War'),
(220, 'FR Femmes'),
(221, 'Science Fiction by Women'),
(222, 'FR Science fiction'),
(223, 'PT Política e Sociedade'),
(224, 'Racism'),
(225, 'Latter Day Saints'),
(226, 'Chemistry'),
(227, 'Music'),
(228, 'Buddhism'),
(229, 'Lippincott\'s Magazine'),
(230, 'The International Magazine of Literature, Art, and Science'),
(231, 'Erotic Fiction'),
(232, 'Browsing: Sexuality & Erotica'),
(233, 'Animals-Wild-Birds'),
(234, 'FR Langues'),
(235, 'Animals-Wild'),
(236, 'Animals-Wild-Trapping'),
(237, 'Ecology'),
(238, 'Browsing: Drugs/Alcohol/Pharmacology'),
(239, 'Sociology'),
(240, 'Masterpieces in Colour'),
(241, 'The Brochure Series of Architectural Illustration'),
(242, 'The Bay State Monthly'),
(243, 'Continental Monthly'),
(244, 'Current History'),
(245, 'The Journal of Negro History'),
(246, 'The National Preacher'),
(247, 'Chambers\'s Edinburgh Journal'),
(248, 'Canon Law'),
(249, 'CIA World Factbooks'),
(250, 'Dew Drops'),
(251, 'The Nursery'),
(252, 'Love'),
(253, 'Napoleonic(Bookshelf)'),
(254, 'L\'Illustration'),
(255, 'Early English Text Society'),
(256, 'FR Séduction et libertinage'),
(257, 'Browsing: Old Age & the Elderly'),
(258, 'PT Língua Portuguesa'),
(259, 'Godey\'s Lady\'s Book'),
(260, 'The Aldine'),
(261, 'IT Botanica'),
(262, 'Bulletin de Lille'),
(263, 'The American Architect and Building News'),
(264, 'The Great Round World And What Is Going On In It'),
(265, 'St. Nicholas Magazine for Boys and Girls'),
(266, 'Microscopy'),
(267, 'Mystery Fiction'),
(268, 'Astronomy'),
(269, 'PT Ciência e Técnica'),
(270, 'PT História'),
(271, 'PT Biografia'),
(272, 'Scouts'),
(273, 'Camping'),
(274, 'The Unpopular Review'),
(275, 'Photography'),
(276, 'PT Romance'),
(277, 'PT Poesia'),
(278, 'Animals-Wild-Insects'),
(279, 'PT Infantil e Juvenil'),
(280, 'PT Contos'),
(281, 'IT Salute'),
(282, 'Bahá\'í Faith'),
(283, 'Golden Days for Boys and Girls'),
(284, 'FR Peinture'),
(285, 'IT Religione e Spiritualità'),
(286, 'The Argosy'),
(287, 'The Botanical Magazine'),
(288, 'Children\'s Biography'),
(289, 'FR Musique'),
(290, 'IT Teatro in versi'),
(291, 'FR Villes'),
(292, 'Prairie Farmer'),
(293, 'PT Teatro'),
(294, 'Atheism'),
(295, 'FR Illustrateurs'),
(296, 'Mrs Whittelsey\'s Magazine for Mothers and Daughters'),
(297, 'IT Letteratura per ragazzi'),
(298, 'IT Viaggi'),
(299, 'IT Romanzi storici'),
(300, 'IT Teatro in prosa'),
(301, 'IT Umorismo'),
(302, 'The Philatelic Digital Library Project'),
(303, 'FR Services publics'),
(304, 'The Girls Own Paper'),
(305, 'Noteworthy Trials(Bookshelf)'),
(306, 'Northern Nut Growers Association'),
(307, 'The Illustrated War News'),
(308, 'Mycology'),
(309, 'FR Métiers et Artisanat'),
(310, 'IT Biografie'),
(311, 'The Arena'),
(312, 'South America'),
(313, 'The Knickerbocker'),
(314, 'Microbiology'),
(315, 'IT Legge'),
(316, 'IT Scienze politiche'),
(317, 'IT Psicologia e Sociologia'),
(318, 'PT Navegações e Explorações'),
(319, 'IT Letteratura'),
(320, 'The American Journal of Archaeology'),
(321, 'Astounding Stories'),
(322, 'World War II'),
(323, 'Anarchism'),
(324, 'Czech'),
(325, 'Donahoe\'s Magazine'),
(326, 'The Idler'),
(327, 'The Menorah Journal'),
(328, 'Buchanan\'s Journal of Man'),
(329, 'The Mirror of Taste, and Dramatic Censor'),
(330, 'IT Economia'),
(331, 'PT Arte'),
(332, 'FR Droit et Justice'),
(333, 'PT Periódicos'),
(334, 'IT Linguistica'),
(335, 'Mediæval Town Series'),
(336, 'Norway'),
(337, 'The Stars and Stripes'),
(338, 'Harper\'s New Monthly Magazine'),
(339, 'Little Folks'),
(340, 'Birds, Illustrated by Color Photography'),
(341, 'Celtic Magazine'),
(342, 'Armour\'s Monthly Cook Book'),
(343, 'The Writer'),
(344, 'The Christian Foundation'),
(345, 'Mother Earth'),
(346, 'IT Numismatica'),
(347, 'FR Livres, Collections et Bibliophilie'),
(348, 'Barnavännen'),
(349, 'The Mentor'),
(350, 'IT Arte varia'),
(351, 'IT Geografia'),
(352, 'The Economist'),
(353, 'Ainslee\'s'),
(354, 'The American Quarterly Review'),
(355, 'Harper\'s Young People'),
(356, 'The Speaker'),
(357, 'Illustrators'),
(358, 'The Esperantist'),
(359, 'Graham\'s Magazine'),
(360, 'The North American Medical and Surgical Journal'),
(361, 'Our Young Folks'),
(362, 'The Mayflower'),
(363, 'The Contemporary Review'),
(364, 'Animals-Wild-Reptiles and Amphibians'),
(365, 'The Galaxy'),
(366, 'The Baptist Magazine'),
(367, 'The Church of England Magazine'),
(368, 'IT Teatro dialettale'),
(369, 'The Irish Ecclesiastical Record'),
(370, 'The Scrap Book'),
(371, 'Garden and Forest'),
(372, 'IT Filosofia'),
(373, 'IT Cucina'),
(374, 'Journal of Entomology and Zoology'),
(375, 'Project Gutenberg'),
(376, 'Child\'s Own Book of Great Musicians'),
(377, 'IT Folklore'),
(378, 'IT Discorsi e Orazioni'),
(379, 'FR Prix Nobel'),
(380, 'The Irish Penny Journal'),
(381, 'FR Chroniques'),
(382, 'The Catholic World'),
(383, 'Bird-Lore'),
(384, 'Scribner\'s Magazine'),
(385, 'The Yellow Book'),
(386, 'IT Narrativa varia'),
(387, 'FR Beaux-Arts'),
(388, 'Poetry, A Magazine of Verse'),
(389, 'Popular Science Monthly'),
(390, 'IT Tecnologia'),
(391, 'Romantic Fiction'),
(392, 'IT Scienze militari'),
(393, 'IT Miscellanea'),
(394, 'IT Architettura'),
(395, 'IT Archeologia e Storia dell\'arte'),
(396, 'General Fiction'),
(397, 'The Haslemere Museum Gazette'),
(398, 'London Medical Gazette'),
(399, 'Maps and Cartography'),
(400, 'IT Agraria'),
(401, 'The American Bee Journal'),
(402, 'FR Nouveautés');

-- --------------------------------------------------------

--
-- Table structure for table `publishers`
--

CREATE TABLE `publishers` (
  `Publisher_id` int(1) NOT NULL,
  `Name` varchar(255) NOT NULL,
  `Street` varchar(255) DEFAULT NULL,
  `City` varchar(100) DEFAULT NULL,
  `Zip` int(11) DEFAULT NULL,
  `Email` varchar(255) DEFAULT NULL
) ENGINE=InnoDB DEFAULT CHARSET=utf8 COLLATE=utf8_general_ci;

--
-- Dumping data for table `publishers`
--

INSERT INTO `publishers` (`Publisher_id`, `Name`, `Street`, `City`, `Zip`, `Email`) VALUES
(1, 'Gutenberg Publisher 1', '751 Maple Ave', 'Dallas', 75201, 'gutenbergpublisher1@ebooks.com'),
(2, 'Gutenberg Publisher 2', '595 Pine Ln', 'Phoenix', 90001, 'gutenbergpublisher2@literature.com'),
(3, 'Gutenberg Publisher 3', '310 High St', 'Dallas', 10001, 'gutenbergpublisher3@literature.com'),
(4, 'Gutenberg Publisher 4', '351 Main St', 'New York', 10001, 'gutenbergpublisher4@novels.com'),
(5, 'Gutenberg Publisher 5', '151 High St', 'Phoenix', 77001, 'gutenbergpublisher5@gutenberg.com'),
(6, 'Gutenberg Publisher 6', '723 Pine Ln', 'New York', 94102, 'gutenbergpublisher6@publishing.com'),
(7, 'Gutenberg Publisher 7', '122 Main St', 'Phoenix', 85001, 'gutenbergpublisher7@ebooks.com'),
(8, 'Gutenberg Publisher 8', '797 High St', 'Dallas', 75201, 'gutenbergpublisher8@gutenberg.com'),
(9, 'Gutenberg Publisher 9', '932 Pine Ln', 'San Francisco', 10001, 'gutenbergpublisher9@gutenberg.com');

-- --------------------------------------------------------

--
-- Table structure for table `publisher_contacts`
--

CREATE TABLE `publisher_contacts` (
  `Contact_id` int(2) NOT NULL,
  `Publisher_id` int(11) NOT NULL,
  `Contact_number` varchar(15) NOT NULL
) ENGINE=InnoDB DEFAULT CHARSET=utf8 COLLATE=utf8_general_ci;

--
-- Dumping data for table `publisher_contacts`
--

INSERT INTO `publisher_contacts` (`Contact_id`, `Publisher_id`, `Contact_number`) VALUES
(1, 1, '404-239-7662'),
(2, 1, '909-454-6190'),
(3, 1, '606-639-6860'),
(4, 2, '415-333-5600'),
(5, 2, '202-852-5507'),
(6, 2, '303-539-7494'),
(7, 3, '415-709-2600'),
(8, 3, '909-613-7582'),
(9, 3, '303-183-6311'),
(10, 4, '303-441-2179'),
(11, 4, '303-968-3233'),
(12, 5, '312-622-3884'),
(13, 5, '312-376-9716'),
(14, 5, '202-755-9973'),
(15, 6, '808-984-6884'),
(16, 6, '808-188-3113'),
(17, 6, '505-582-8316'),
(18, 7, '312-318-6932'),
(19, 8, '707-162-1300'),
(20, 9, '505-719-1834'),
(21, 9, '606-193-4056'),
(22, 9, '202-637-8277');

-- --------------------------------------------------------

--
-- Table structure for table `readlater`
--

CREATE TABLE `readlater` (
  `read_later_id` int(11) NOT NULL,
  `user_id` int(11) DEFAULT NULL,
  `book_id` int(11) DEFAULT NULL,
  `added_at` timestamp NOT NULL DEFAULT current_timestamp() ON UPDATE current_timestamp()
) ENGINE=InnoDB DEFAULT CHARSET=utf8mb4 COLLATE=utf8mb4_general_ci;

--
-- Dumping data for table `readlater`
--

INSERT INTO `readlater` (`read_later_id`, `user_id`, `book_id`, `added_at`) VALUES
(1, 1, 497, '2024-12-04 14:04:53'),
(2, 102, 496, '2024-12-05 07:02:28'),
(3, 102, 497, '2024-12-05 07:16:00'),
(4, 102, 498, '2024-12-05 07:46:49'),
(5, 102, 500, '2024-12-05 08:43:26');

-- --------------------------------------------------------

--
-- Table structure for table `reviews`
--

CREATE TABLE `reviews` (
  `review_id` int(11) NOT NULL,
  `rating` int(11) DEFAULT NULL CHECK (`rating` between 1 and 5),
  `comment` varchar(1000) DEFAULT NULL,
  `created_at` timestamp NOT NULL DEFAULT current_timestamp()
) ENGINE=InnoDB DEFAULT CHARSET=utf8mb4 COLLATE=utf8mb4_general_ci;

--
-- Dumping data for table `reviews`
--

INSERT INTO `reviews` (`review_id`, `rating`, `comment`, `created_at`) VALUES
(1, 3, 'Could be better.', '2024-01-26 19:00:00'),
(2, 2, 'Enjoyed every page.', '2024-09-22 19:00:00'),
(3, 5, 'Very informative.', '2021-02-05 19:00:00'),
(4, 4, 'Excellent read!', '2020-11-29 19:00:00'),
(5, 4, 'Not my taste.', '2024-03-15 19:00:00'),
(6, 1, 'Very informative.', '2024-08-18 19:00:00'),
(7, 3, 'Enjoyed every page.', '2021-10-28 19:00:00'),
(8, 3, 'Excellent read!', '2021-08-27 19:00:00'),
(9, 5, 'Very informative.', '2023-12-17 19:00:00'),
(10, 3, 'Excellent read!', '2021-01-11 19:00:00'),
(11, 3, 'Very informative.', '2024-03-23 19:00:00'),
(12, 5, 'Very informative.', '2023-03-29 19:00:00'),
(13, 2, 'Very informative.', '2021-12-07 19:00:00'),
(14, 4, 'Very informative.', '2024-01-30 19:00:00'),
(15, 2, 'Enjoyed every page.', '2023-02-25 19:00:00'),
(16, 2, 'Excellent read!', '2022-10-30 19:00:00'),
(17, 2, 'Very informative.', '2022-01-08 19:00:00'),
(18, 3, 'Very informative.', '2022-03-01 19:00:00'),
(19, 4, 'Enjoyed every page.', '2023-05-23 19:00:00'),
(20, 4, 'Very informative.', '2021-08-29 19:00:00'),
(21, 5, 'Excellent read!', '2021-12-08 19:00:00'),
(22, 3, 'Not my taste.', '2022-11-13 19:00:00'),
(23, 4, 'Enjoyed every page.', '2021-12-11 19:00:00'),
(24, 3, 'Excellent read!', '2022-11-21 19:00:00'),
(25, 5, 'Very informative.', '2023-07-03 19:00:00'),
(26, 1, 'Excellent read!', '2023-01-24 19:00:00'),
(27, 5, 'Could be better.', '2023-05-08 19:00:00'),
(28, 3, 'Enjoyed every page.', '2022-03-03 19:00:00'),
(29, 2, 'Not my taste.', '2023-10-18 19:00:00'),
(30, 4, 'Enjoyed every page.', '2022-01-31 19:00:00'),
(31, 2, 'Not my taste.', '2024-11-25 19:00:00'),
(32, 2, 'Excellent read!', '2024-11-10 19:00:00'),
(33, 4, 'Excellent read!', '2021-05-07 19:00:00'),
(34, 5, 'Excellent read!', '2021-05-04 19:00:00'),
(35, 5, 'Very informative.', '2023-07-20 19:00:00'),
(36, 5, 'Could be better.', '2024-08-26 19:00:00'),
(37, 4, 'Not my taste.', '2021-05-10 19:00:00'),
(38, 3, 'Very informative.', '2023-07-20 19:00:00'),
(39, 1, 'Very informative.', '2024-02-16 19:00:00'),
(40, 1, 'Excellent read!', '2023-05-05 19:00:00'),
(41, 3, 'Excellent read!', '2024-10-01 19:00:00'),
(42, 5, 'Enjoyed every page.', '2022-09-20 19:00:00'),
(43, 4, 'Enjoyed every page.', '2022-01-20 19:00:00'),
(44, 2, 'Could be better.', '2023-08-13 19:00:00'),
(45, 2, 'Very informative.', '2022-09-07 19:00:00'),
(46, 1, 'Very informative.', '2021-10-20 19:00:00'),
(47, 5, 'Enjoyed every page.', '2024-07-02 19:00:00'),
(48, 2, 'Enjoyed every page.', '2024-06-09 19:00:00'),
(49, 4, 'Enjoyed every page.', '2022-06-13 19:00:00'),
(50, 1, 'Very informative.', '2024-11-09 19:00:00'),
(51, 3, 'Excellent read!', '2023-06-21 19:00:00'),
(52, 2, 'Not my taste.', '2023-04-24 19:00:00'),
(53, 2, 'Not my taste.', '2023-12-22 19:00:00'),
(54, 1, 'Very informative.', '2021-06-27 19:00:00'),
(55, 3, 'Could be better.', '2024-05-03 19:00:00'),
(56, 2, 'Excellent read!', '2023-10-30 19:00:00'),
(57, 2, 'Could be better.', '2021-12-11 19:00:00'),
(58, 1, 'Enjoyed every page.', '2021-01-25 19:00:00'),
(59, 4, 'Could be better.', '2021-09-04 19:00:00'),
(60, 2, 'Excellent read!', '2022-02-24 19:00:00'),
(61, 1, 'Very informative.', '2023-07-11 19:00:00'),
(62, 4, 'Not my taste.', '2024-09-27 19:00:00'),
(63, 3, 'Enjoyed every page.', '2020-12-31 19:00:00'),
(64, 4, 'Could be better.', '2024-09-16 19:00:00'),
(65, 1, 'Not my taste.', '2022-10-31 19:00:00'),
(66, 5, 'Enjoyed every page.', '2024-03-18 19:00:00'),
(67, 4, 'Could be better.', '2021-05-10 19:00:00'),
(68, 5, 'Very informative.', '2023-06-25 19:00:00'),
(69, 4, 'Could be better.', '2022-09-01 19:00:00'),
(70, 1, 'Excellent read!', '2024-05-03 19:00:00'),
(71, 2, 'Very informative.', '2023-12-04 19:00:00'),
(72, 3, 'Enjoyed every page.', '2021-09-09 19:00:00'),
(73, 1, 'Not my taste.', '2022-02-03 19:00:00'),
(74, 3, 'Enjoyed every page.', '2022-08-13 19:00:00'),
(75, 5, 'Not my taste.', '2021-08-23 19:00:00'),
(76, 2, 'Excellent read!', '2021-09-10 19:00:00'),
(77, 3, 'Very informative.', '2023-10-30 19:00:00'),
(78, 1, 'Excellent read!', '2021-07-16 19:00:00'),
(79, 5, 'Could be better.', '2024-06-07 19:00:00'),
(80, 2, 'Very informative.', '2022-01-07 19:00:00'),
(81, 3, 'Enjoyed every page.', '2022-07-22 19:00:00'),
(82, 5, 'Excellent read!', '2022-10-08 19:00:00'),
(83, 3, 'Could be better.', '2021-04-03 19:00:00'),
(84, 2, 'Enjoyed every page.', '2022-05-24 19:00:00'),
(85, 1, 'Very informative.', '2022-05-14 19:00:00'),
(86, 1, 'Enjoyed every page.', '2021-08-16 19:00:00'),
(87, 2, 'Enjoyed every page.', '2022-10-12 19:00:00'),
(88, 4, 'Excellent read!', '2023-04-18 19:00:00'),
(89, 4, 'Not my taste.', '2021-06-20 19:00:00'),
(90, 3, 'Enjoyed every page.', '2021-04-30 19:00:00'),
(91, 3, 'Excellent read!', '2023-04-25 19:00:00'),
(92, 5, 'Enjoyed every page.', '2022-02-17 19:00:00'),
(93, 2, 'Very informative.', '2021-11-06 19:00:00'),
(94, 5, 'Excellent read!', '2023-01-21 19:00:00'),
(95, 2, 'Excellent read!', '2023-05-30 19:00:00'),
(96, 4, 'Could be better.', '2023-01-21 19:00:00'),
(97, 4, 'Very informative.', '2021-04-23 19:00:00'),
(98, 5, 'Enjoyed every page.', '2023-01-23 19:00:00'),
(99, 3, 'Excellent read!', '2022-05-10 19:00:00'),
(100, 1, 'Not my taste.', '2022-08-09 19:00:00'),
(101, 3, 'Enjoyed every page.', '2021-07-01 19:00:00'),
(102, 2, 'Not my taste.', '2022-05-31 19:00:00'),
(103, 3, 'Very informative.', '2021-05-13 19:00:00'),
(104, 4, 'Excellent read!', '2024-09-20 19:00:00'),
(105, 1, 'Very informative.', '2021-09-14 19:00:00'),
(106, 3, 'Enjoyed every page.', '2021-07-10 19:00:00'),
(107, 2, 'Could be better.', '2024-09-22 19:00:00'),
(108, 5, 'Very informative.', '2021-11-09 19:00:00'),
(109, 5, 'Could be better.', '2021-09-01 19:00:00'),
(110, 3, 'Enjoyed every page.', '2024-01-14 19:00:00'),
(111, 5, 'Very informative.', '2022-10-22 19:00:00'),
(112, 4, 'Excellent read!', '2024-05-13 19:00:00'),
(113, 3, 'Excellent read!', '2022-04-12 19:00:00'),
(114, 2, 'Excellent read!', '2021-03-24 19:00:00'),
(115, 2, 'Could be better.', '2021-05-18 19:00:00'),
(116, 5, 'Could be better.', '2021-10-18 19:00:00'),
(117, 3, 'Could be better.', '2023-05-06 19:00:00'),
(118, 4, 'Could be better.', '2023-12-07 19:00:00'),
(119, 4, 'Excellent read!', '2021-03-14 19:00:00'),
(120, 3, 'Not my taste.', '2022-07-09 19:00:00'),
(121, 3, 'Enjoyed every page.', '2021-12-19 19:00:00'),
(122, 4, 'Could be better.', '2022-03-09 19:00:00'),
(123, 4, 'Excellent read!', '2022-06-15 19:00:00'),
(124, 4, 'Not my taste.', '2022-03-28 19:00:00'),
(125, 2, 'Enjoyed every page.', '2021-06-18 19:00:00'),
(126, 5, 'Excellent read!', '2021-04-18 19:00:00'),
(127, 1, 'Enjoyed every page.', '2020-12-09 19:00:00'),
(128, 1, 'Very informative.', '2020-12-28 19:00:00'),
(129, 2, 'Very informative.', '2022-10-18 19:00:00'),
(130, 5, 'Not my taste.', '2021-09-09 19:00:00'),
(131, 2, 'Very informative.', '2024-06-03 19:00:00'),
(132, 5, 'Very informative.', '2021-02-04 19:00:00'),
(133, 4, 'Enjoyed every page.', '2024-11-17 19:00:00'),
(134, 1, 'Not my taste.', '2021-11-04 19:00:00'),
(135, 2, 'Not my taste.', '2024-07-10 19:00:00'),
(136, 3, 'Could be better.', '2021-01-08 19:00:00'),
(137, 2, 'Very informative.', '2024-06-03 19:00:00'),
(138, 3, 'Not my taste.', '2023-01-22 19:00:00'),
(139, 2, 'Could be better.', '2022-02-17 19:00:00'),
(140, 4, 'Enjoyed every page.', '2024-08-09 19:00:00'),
(141, 2, 'Enjoyed every page.', '2023-11-10 19:00:00'),
(142, 2, 'Could be better.', '2021-04-17 19:00:00'),
(143, 5, 'Enjoyed every page.', '2023-12-09 19:00:00'),
(144, 5, 'Could be better.', '2021-02-09 19:00:00'),
(145, 2, 'Could be better.', '2023-03-03 19:00:00'),
(146, 5, 'Not my taste.', '2024-04-23 19:00:00'),
(147, 5, 'Excellent read!', '2024-03-01 19:00:00'),
(148, 2, 'Excellent read!', '2021-08-22 19:00:00'),
(149, 3, 'Could be better.', '2023-07-22 19:00:00'),
(150, 3, 'Very informative.', '2024-11-18 19:00:00'),
(151, 2, 'Not my taste.', '2023-08-19 19:00:00'),
(152, 4, 'Very informative.', '2023-08-04 19:00:00'),
(153, 5, 'Could be better.', '2022-01-01 19:00:00'),
(154, 1, 'Enjoyed every page.', '2023-12-01 19:00:00'),
(155, 5, 'Excellent read!', '2024-02-17 19:00:00'),
(156, 5, 'Excellent read!', '2021-08-08 19:00:00'),
(157, 4, 'Very informative.', '2021-05-06 19:00:00'),
(158, 4, 'Very informative.', '2021-02-12 19:00:00'),
(159, 5, 'Not my taste.', '2021-11-14 19:00:00'),
(160, 1, 'Not my taste.', '2024-04-10 19:00:00'),
(161, 2, 'Enjoyed every page.', '2024-06-17 19:00:00'),
(162, 2, 'Not my taste.', '2022-05-21 19:00:00'),
(163, 3, 'Not my taste.', '2023-03-24 19:00:00'),
(164, 4, 'Excellent read!', '2022-06-27 19:00:00'),
(165, 4, 'Could be better.', '2024-07-21 19:00:00'),
(166, 2, 'Not my taste.', '2022-02-06 19:00:00'),
(167, 5, 'Very informative.', '2021-11-01 19:00:00'),
(168, 1, 'Enjoyed every page.', '2022-11-07 19:00:00'),
(169, 3, 'Enjoyed every page.', '2023-06-02 19:00:00'),
(170, 4, 'Not my taste.', '2021-03-17 19:00:00'),
(171, 4, 'Excellent read!', '2021-02-24 19:00:00'),
(172, 3, 'Not my taste.', '2024-02-23 19:00:00'),
(173, 1, 'Could be better.', '2021-08-25 19:00:00'),
(174, 2, 'Very informative.', '2024-10-17 19:00:00'),
(175, 3, 'Could be better.', '2023-12-12 19:00:00'),
(176, 3, 'Enjoyed every page.', '2023-01-16 19:00:00'),
(177, 5, 'Very informative.', '2021-10-17 19:00:00'),
(178, 5, 'Very informative.', '2022-02-14 19:00:00'),
(179, 3, 'Not my taste.', '2022-02-04 19:00:00'),
(180, 5, 'Not my taste.', '2023-03-28 19:00:00'),
(181, 1, 'Could be better.', '2023-04-10 19:00:00'),
(182, 2, 'Very informative.', '2023-03-13 19:00:00'),
(183, 2, 'Could be better.', '2024-03-09 19:00:00'),
(184, 3, 'Very informative.', '2021-07-20 19:00:00'),
(185, 2, 'Not my taste.', '2023-09-13 19:00:00'),
(186, 1, 'Very informative.', '2023-01-13 19:00:00'),
(187, 2, 'Could be better.', '2023-09-25 19:00:00'),
(188, 1, 'Excellent read!', '2021-07-15 19:00:00'),
(189, 4, 'Not my taste.', '2022-11-02 19:00:00'),
(190, 5, 'Enjoyed every page.', '2022-05-07 19:00:00'),
(191, 2, 'Enjoyed every page.', '2024-01-22 19:00:00'),
(192, 1, 'Very informative.', '2022-02-17 19:00:00'),
(193, 4, 'Enjoyed every page.', '2021-08-22 19:00:00'),
(194, 2, 'Not my taste.', '2022-07-18 19:00:00'),
(195, 2, 'Not my taste.', '2023-12-27 19:00:00'),
(196, 4, 'Could be better.', '2023-02-21 19:00:00'),
(197, 5, 'Enjoyed every page.', '2024-07-03 19:00:00'),
(198, 2, 'Enjoyed every page.', '2024-05-11 19:00:00'),
(199, 4, 'Excellent read!', '2024-01-29 19:00:00'),
(200, 5, 'Enjoyed every page.', '2021-06-09 19:00:00'),
(201, 2, 'Enjoyed every page.', '2021-08-30 19:00:00'),
(202, 5, 'Excellent read!', '2023-01-23 19:00:00'),
(203, 2, 'Enjoyed every page.', '2024-10-27 19:00:00'),
(204, 5, 'Very informative.', '2024-01-24 19:00:00'),
(205, 5, 'Excellent read!', '2023-09-09 19:00:00'),
(206, 3, 'Could be better.', '2022-03-15 19:00:00'),
(207, 1, 'Enjoyed every page.', '2021-04-19 19:00:00'),
(208, 3, 'Not my taste.', '2021-04-14 19:00:00'),
(209, 5, 'Could be better.', '2024-06-19 19:00:00'),
(210, 5, 'Could be better.', '2023-06-19 19:00:00'),
(211, 3, 'Very informative.', '2021-06-12 19:00:00'),
(212, 3, 'Very informative.', '2022-11-28 19:00:00'),
(213, 4, 'Very informative.', '2022-07-10 19:00:00'),
(214, 5, 'Very informative.', '2024-02-05 19:00:00'),
(215, 1, 'Could be better.', '2024-07-06 19:00:00'),
(216, 2, 'Not my taste.', '2023-03-17 19:00:00'),
(217, 4, 'Excellent read!', '2023-08-27 19:00:00'),
(218, 2, 'Not my taste.', '2022-05-25 19:00:00'),
(219, 2, 'Could be better.', '2021-11-28 19:00:00'),
(220, 1, 'Enjoyed every page.', '2024-09-26 19:00:00'),
(221, 1, 'Excellent read!', '2024-05-09 19:00:00'),
(222, 3, 'Very informative.', '2021-03-25 19:00:00'),
(223, 4, 'Could be better.', '2021-08-03 19:00:00'),
(224, 3, 'Enjoyed every page.', '2022-09-30 19:00:00'),
(225, 2, 'Excellent read!', '2021-10-07 19:00:00'),
(226, 3, 'Enjoyed every page.', '2023-10-29 19:00:00'),
(227, 2, 'Could be better.', '2023-03-14 19:00:00'),
(228, 5, 'Not my taste.', '2021-07-10 19:00:00'),
(229, 4, 'Enjoyed every page.', '2024-02-20 19:00:00'),
(230, 1, 'Not my taste.', '2022-10-06 19:00:00'),
(231, 4, 'Excellent read!', '2022-02-22 19:00:00'),
(232, 5, 'Very informative.', '2021-10-07 19:00:00'),
(233, 1, 'Excellent read!', '2024-02-27 19:00:00'),
(234, 4, 'Enjoyed every page.', '2021-09-30 19:00:00'),
(235, 4, 'Excellent read!', '2024-05-30 19:00:00'),
(236, 3, 'Very informative.', '2022-09-13 19:00:00'),
(237, 1, 'Not my taste.', '2021-08-27 19:00:00'),
(238, 4, 'Could be better.', '2024-03-30 19:00:00'),
(239, 1, 'Enjoyed every page.', '2023-09-16 19:00:00'),
(240, 3, 'Very informative.', '2022-10-25 19:00:00'),
(241, 3, 'Not my taste.', '2022-01-07 19:00:00'),
(242, 1, 'Very informative.', '2022-05-06 19:00:00'),
(243, 1, 'Excellent read!', '2021-10-18 19:00:00'),
(244, 2, 'Enjoyed every page.', '2021-02-23 19:00:00'),
(245, 5, 'Very informative.', '2024-01-31 19:00:00'),
(246, 1, 'Could be better.', '2024-06-25 19:00:00'),
(247, 2, 'Not my taste.', '2021-04-23 19:00:00'),
(248, 4, 'Not my taste.', '2024-05-17 19:00:00'),
(249, 1, 'Excellent read!', '2023-09-15 19:00:00'),
(250, 1, 'Enjoyed every page.', '2023-02-10 19:00:00'),
(251, 5, 'Very informative.', '2021-08-19 19:00:00'),
(252, 1, 'Excellent read!', '2023-05-20 19:00:00'),
(253, 3, 'Excellent read!', '2023-04-07 19:00:00'),
(254, 3, 'Enjoyed every page.', '2022-10-12 19:00:00'),
(255, 4, 'Not my taste.', '2023-01-07 19:00:00'),
(256, 4, 'Enjoyed every page.', '2023-04-16 19:00:00'),
(257, 1, 'Excellent read!', '2022-07-22 19:00:00'),
(258, 3, 'Could be better.', '2024-04-22 19:00:00'),
(259, 2, 'Enjoyed every page.', '2024-06-28 19:00:00'),
(260, 2, 'Enjoyed every page.', '2023-12-12 19:00:00'),
(261, 5, 'Enjoyed every page.', '2023-03-20 19:00:00'),
(262, 2, 'Very informative.', '2023-06-26 19:00:00'),
(263, 1, 'Excellent read!', '2024-10-04 19:00:00'),
(264, 1, 'Could be better.', '2023-07-27 19:00:00'),
(265, 1, 'Excellent read!', '2021-11-26 19:00:00'),
(266, 2, 'Not my taste.', '2024-09-07 19:00:00'),
(267, 3, 'Not my taste.', '2024-04-21 19:00:00'),
(268, 1, 'Excellent read!', '2022-11-09 19:00:00'),
(269, 1, 'Enjoyed every page.', '2021-01-25 19:00:00'),
(270, 5, 'Not my taste.', '2021-01-28 19:00:00'),
(271, 5, 'Could be better.', '2022-01-29 19:00:00'),
(272, 1, 'Enjoyed every page.', '2022-01-05 19:00:00'),
(273, 4, 'Very informative.', '2021-10-26 19:00:00'),
(274, 4, 'Very informative.', '2023-11-20 19:00:00'),
(275, 3, 'Very informative.', '2022-08-04 19:00:00'),
(276, 4, 'Excellent read!', '2023-04-12 19:00:00'),
(277, 3, 'Enjoyed every page.', '2021-02-20 19:00:00'),
(278, 3, 'Could be better.', '2023-05-10 19:00:00'),
(279, 2, 'Excellent read!', '2022-06-09 19:00:00'),
(280, 5, 'Could be better.', '2021-04-06 19:00:00'),
(281, 1, 'Could be better.', '2024-01-06 19:00:00'),
(282, 4, 'Not my taste.', '2024-01-25 19:00:00'),
(283, 3, 'Enjoyed every page.', '2021-09-18 19:00:00'),
(284, 1, 'Excellent read!', '2024-03-06 19:00:00'),
(285, 4, 'Could be better.', '2024-11-25 19:00:00'),
(286, 2, 'Very informative.', '2024-04-13 19:00:00'),
(287, 3, 'Could be better.', '2023-01-22 19:00:00'),
(288, 5, 'Could be better.', '2021-11-29 19:00:00'),
(289, 1, 'Very informative.', '2023-02-22 19:00:00'),
(290, 1, 'Very informative.', '2024-11-01 19:00:00'),
(291, 2, 'Very informative.', '2022-12-25 19:00:00'),
(292, 4, 'Enjoyed every page.', '2024-09-16 19:00:00'),
(293, 5, 'Excellent read!', '2021-04-24 19:00:00'),
(294, 2, 'Could be better.', '2022-08-08 19:00:00'),
(295, 3, 'Not my taste.', '2021-08-17 19:00:00'),
(296, 3, 'Not my taste.', '2024-08-02 19:00:00'),
(297, 4, 'Very informative.', '2024-01-05 19:00:00'),
(298, 2, 'Not my taste.', '2021-12-31 19:00:00'),
(299, 5, 'Not my taste.', '2024-06-25 19:00:00'),
(300, 4, 'Enjoyed every page.', '2021-06-29 19:00:00'),
(301, 2, 'Excellent read!', '2023-02-18 19:00:00'),
(302, 5, 'Could be better.', '2023-03-05 19:00:00'),
(303, 4, 'Enjoyed every page.', '2022-02-14 19:00:00'),
(304, 4, 'Excellent read!', '2024-11-05 19:00:00'),
(305, 3, 'Very informative.', '2023-04-23 19:00:00'),
(306, 5, 'Very informative.', '2022-08-06 19:00:00'),
(307, 1, 'Not my taste.', '2023-03-21 19:00:00'),
(308, 2, 'Enjoyed every page.', '2024-04-12 19:00:00'),
(309, 3, 'Excellent read!', '2024-06-19 19:00:00'),
(310, 1, 'Could be better.', '2022-07-26 19:00:00'),
(311, 4, 'Enjoyed every page.', '2021-06-24 19:00:00'),
(312, 5, 'Not my taste.', '2021-09-23 19:00:00'),
(313, 2, 'Excellent read!', '2023-03-11 19:00:00'),
(314, 5, 'Could be better.', '2021-06-29 19:00:00'),
(315, 4, 'Could be better.', '2022-02-13 19:00:00'),
(316, 5, 'Enjoyed every page.', '2021-12-22 19:00:00'),
(317, 3, 'Very informative.', '2021-06-26 19:00:00'),
(318, 3, 'Not my taste.', '2022-03-02 19:00:00'),
(319, 5, 'Enjoyed every page.', '2021-12-23 19:00:00'),
(320, 3, 'Very informative.', '2024-07-21 19:00:00'),
(321, 3, 'Excellent read!', '2023-12-12 19:00:00'),
(322, 4, 'Very informative.', '2021-07-02 19:00:00'),
(323, 3, 'Excellent read!', '2022-04-23 19:00:00'),
(324, 1, 'Enjoyed every page.', '2020-12-28 19:00:00'),
(325, 5, 'Could be better.', '2021-10-07 19:00:00'),
(326, 3, 'Not my taste.', '2023-04-09 19:00:00'),
(327, 1, 'Enjoyed every page.', '2022-10-05 19:00:00'),
(328, 5, 'Enjoyed every page.', '2021-06-09 19:00:00'),
(329, 2, 'Enjoyed every page.', '2021-05-06 19:00:00'),
(330, 2, 'Could be better.', '2021-08-16 19:00:00'),
(331, 3, 'Could be better.', '2022-05-21 19:00:00'),
(332, 4, 'Enjoyed every page.', '2023-11-02 19:00:00'),
(333, 2, 'Enjoyed every page.', '2023-06-20 19:00:00'),
(334, 5, 'Very informative.', '2022-09-02 19:00:00'),
(335, 1, 'Not my taste.', '2024-11-11 19:00:00'),
(336, 3, 'Very informative.', '2021-12-14 19:00:00'),
(337, 1, 'Not my taste.', '2021-09-22 19:00:00'),
(338, 1, 'Enjoyed every page.', '2022-01-15 19:00:00'),
(339, 2, 'Very informative.', '2021-06-21 19:00:00'),
(340, 2, 'Enjoyed every page.', '2023-04-03 19:00:00'),
(341, 1, 'Enjoyed every page.', '2021-06-04 19:00:00'),
(342, 2, 'Not my taste.', '2022-11-15 19:00:00'),
(343, 5, 'Not my taste.', '2024-04-03 19:00:00'),
(344, 5, 'Not my taste.', '2023-10-20 19:00:00'),
(345, 3, 'Excellent read!', '2022-01-29 19:00:00'),
(346, 5, 'Not my taste.', '2024-04-29 19:00:00'),
(347, 2, 'Not my taste.', '2023-01-03 19:00:00'),
(348, 5, 'Enjoyed every page.', '2024-06-26 19:00:00'),
(349, 2, 'Could be better.', '2022-07-12 19:00:00'),
(350, 2, 'Not my taste.', '2021-11-10 19:00:00'),
(351, 5, 'Very informative.', '2021-05-29 19:00:00'),
(352, 2, 'Very informative.', '2023-03-18 19:00:00'),
(353, 1, 'Could be better.', '2023-08-21 19:00:00'),
(354, 5, 'Could be better.', '2021-02-04 19:00:00'),
(355, 1, 'Excellent read!', '2022-03-08 19:00:00'),
(356, 2, 'Very informative.', '2021-11-01 19:00:00'),
(357, 5, 'Excellent read!', '2024-08-20 19:00:00'),
(358, 5, 'Very informative.', '2022-03-11 19:00:00'),
(359, 3, 'Not my taste.', '2022-12-22 19:00:00'),
(360, 5, 'Excellent read!', '2023-07-21 19:00:00'),
(361, 4, 'Could be better.', '2024-09-04 19:00:00'),
(362, 1, 'Not my taste.', '2023-02-06 19:00:00'),
(363, 3, 'Could be better.', '2022-06-29 19:00:00'),
(364, 4, 'Could be better.', '2024-07-30 19:00:00'),
(365, 2, 'Enjoyed every page.', '2023-12-10 19:00:00'),
(366, 5, 'Enjoyed every page.', '2024-06-05 19:00:00'),
(367, 2, 'Excellent read!', '2024-09-24 19:00:00'),
(368, 4, 'Excellent read!', '2023-11-26 19:00:00'),
(369, 1, 'Excellent read!', '2021-04-09 19:00:00'),
(370, 2, 'Enjoyed every page.', '2021-01-13 19:00:00'),
(371, 3, 'Enjoyed every page.', '2021-03-31 19:00:00'),
(372, 3, 'Enjoyed every page.', '2024-06-25 19:00:00'),
(373, 2, 'Could be better.', '2021-12-30 19:00:00'),
(374, 5, 'Could be better.', '2023-06-13 19:00:00'),
(375, 3, 'Enjoyed every page.', '2022-10-05 19:00:00'),
(376, 4, 'Very informative.', '2024-08-29 19:00:00'),
(377, 3, 'Excellent read!', '2023-03-12 19:00:00'),
(378, 4, 'Not my taste.', '2022-07-20 19:00:00'),
(379, 2, 'Could be better.', '2022-06-27 19:00:00'),
(380, 4, 'Very informative.', '2022-12-22 19:00:00'),
(381, 4, 'Enjoyed every page.', '2023-09-07 19:00:00'),
(382, 4, 'Very informative.', '2023-02-17 19:00:00'),
(383, 3, 'Enjoyed every page.', '2023-10-03 19:00:00'),
(384, 2, 'Not my taste.', '2024-10-28 19:00:00'),
(385, 4, 'Very informative.', '2021-07-28 19:00:00'),
(386, 1, 'Enjoyed every page.', '2024-03-12 19:00:00'),
(387, 5, 'Excellent read!', '2022-02-20 19:00:00'),
(388, 1, 'Not my taste.', '2022-09-10 19:00:00'),
(389, 2, 'Not my taste.', '2022-06-17 19:00:00'),
(390, 2, 'Enjoyed every page.', '2020-12-15 19:00:00'),
(391, 3, 'Not my taste.', '2022-11-05 19:00:00'),
(392, 1, 'Enjoyed every page.', '2022-07-29 19:00:00'),
(393, 4, 'Could be better.', '2022-01-01 19:00:00'),
(394, 1, 'Not my taste.', '2023-05-07 19:00:00'),
(395, 2, 'Very informative.', '2022-07-28 19:00:00'),
(396, 1, 'Could be better.', '2024-02-04 19:00:00'),
(397, 4, 'Could be better.', '2022-12-02 19:00:00'),
(398, 1, 'Not my taste.', '2023-11-02 19:00:00'),
(399, 4, 'Very informative.', '2024-11-25 19:00:00'),
(400, 5, 'Very informative.', '2021-07-29 19:00:00'),
(401, 2, 'Excellent read!', '2022-04-20 19:00:00'),
(402, 5, 'Could be better.', '2022-06-15 19:00:00'),
(403, 4, 'Enjoyed every page.', '2023-01-05 19:00:00'),
(404, 2, 'Could be better.', '2023-07-25 19:00:00'),
(405, 5, 'Could be better.', '2024-07-02 19:00:00'),
(406, 4, 'Enjoyed every page.', '2020-12-14 19:00:00'),
(407, 5, 'Enjoyed every page.', '2023-05-03 19:00:00'),
(408, 1, 'Excellent read!', '2022-01-21 19:00:00'),
(409, 1, 'Not my taste.', '2023-04-11 19:00:00'),
(410, 2, 'Enjoyed every page.', '2023-04-06 19:00:00'),
(411, 5, 'Very informative.', '2021-05-23 19:00:00'),
(412, 3, 'Could be better.', '2023-11-26 19:00:00'),
(413, 4, 'Not my taste.', '2023-06-17 19:00:00'),
(414, 1, 'Very informative.', '2024-04-15 19:00:00'),
(415, 5, 'Very informative.', '2022-08-29 19:00:00'),
(416, 5, 'Excellent read!', '2021-10-16 19:00:00'),
(417, 3, 'Excellent read!', '2024-03-28 19:00:00'),
(418, 3, 'Enjoyed every page.', '2023-09-01 19:00:00'),
(419, 2, 'Not my taste.', '2023-08-22 19:00:00'),
(420, 5, 'Enjoyed every page.', '2021-02-26 19:00:00'),
(421, 3, 'Very informative.', '2022-11-17 19:00:00'),
(422, 3, 'Enjoyed every page.', '2023-10-30 19:00:00'),
(423, 1, 'Excellent read!', '2021-06-10 19:00:00'),
(424, 1, 'Not my taste.', '2024-08-28 19:00:00'),
(425, 4, 'Very informative.', '2022-09-06 19:00:00'),
(426, 4, 'Very informative.', '2021-06-22 19:00:00'),
(427, 3, 'Very informative.', '2022-03-11 19:00:00'),
(428, 3, 'Enjoyed every page.', '2024-04-10 19:00:00'),
(429, 3, 'Not my taste.', '2023-09-23 19:00:00'),
(430, 4, 'Very informative.', '2023-07-27 19:00:00'),
(431, 5, 'Enjoyed every page.', '2021-08-04 19:00:00'),
(432, 5, 'Very informative.', '2023-11-10 19:00:00'),
(433, 4, 'Could be better.', '2022-07-07 19:00:00'),
(434, 3, 'Could be better.', '2021-10-02 19:00:00'),
(435, 4, 'Not my taste.', '2021-03-04 19:00:00'),
(436, 4, 'Enjoyed every page.', '2023-04-15 19:00:00'),
(437, 5, 'Very informative.', '2024-03-07 19:00:00'),
(438, 4, 'Excellent read!', '2022-07-24 19:00:00'),
(439, 3, 'Could be better.', '2024-10-31 19:00:00'),
(440, 4, 'Very informative.', '2022-07-10 19:00:00'),
(441, 1, 'Very informative.', '2024-01-27 19:00:00'),
(442, 2, 'Not my taste.', '2022-06-13 19:00:00'),
(443, 2, 'Not my taste.', '2022-09-09 19:00:00'),
(444, 1, 'Very informative.', '2021-11-21 19:00:00'),
(445, 4, 'Very informative.', '2023-04-22 19:00:00'),
(446, 1, 'Excellent read!', '2022-03-11 19:00:00'),
(447, 5, 'Very informative.', '2022-11-18 19:00:00'),
(448, 5, 'Not my taste.', '2024-03-31 19:00:00'),
(449, 5, 'Excellent read!', '2022-10-27 19:00:00'),
(450, 3, 'Enjoyed every page.', '2023-11-28 19:00:00'),
(451, 1, 'Enjoyed every page.', '2021-05-22 19:00:00'),
(452, 3, 'Excellent read!', '2022-04-29 19:00:00'),
(453, 1, 'Could be better.', '2021-04-30 19:00:00'),
(454, 2, 'Very informative.', '2024-04-19 19:00:00'),
(455, 4, 'Excellent read!', '2020-12-08 19:00:00'),
(456, 5, 'Enjoyed every page.', '2023-07-06 19:00:00'),
(457, 5, 'Very informative.', '2024-06-06 19:00:00'),
(458, 3, 'Very informative.', '2024-08-18 19:00:00'),
(459, 2, 'Could be better.', '2023-09-27 19:00:00'),
(460, 1, 'Could be better.', '2022-10-16 19:00:00'),
(461, 5, 'Very informative.', '2023-02-18 19:00:00'),
(462, 3, 'Enjoyed every page.', '2024-03-01 19:00:00'),
(463, 5, 'Not my taste.', '2021-06-21 19:00:00'),
(464, 3, 'Very informative.', '2021-11-20 19:00:00'),
(465, 5, 'Excellent read!', '2024-03-07 19:00:00'),
(466, 3, 'Could be better.', '2024-06-27 19:00:00'),
(467, 1, 'Very informative.', '2022-12-07 19:00:00'),
(468, 2, 'Excellent read!', '2022-03-24 19:00:00'),
(469, 5, 'Not my taste.', '2023-10-04 19:00:00'),
(470, 5, 'Enjoyed every page.', '2021-05-29 19:00:00'),
(471, 1, 'Very informative.', '2024-01-04 19:00:00'),
(472, 1, 'Could be better.', '2023-07-31 19:00:00'),
(473, 2, 'Excellent read!', '2022-12-26 19:00:00'),
(474, 2, 'Very informative.', '2023-02-01 19:00:00'),
(475, 2, 'Could be better.', '2023-01-28 19:00:00'),
(476, 4, 'Very informative.', '2023-08-12 19:00:00'),
(477, 4, 'Could be better.', '2022-09-17 19:00:00'),
(478, 1, 'Excellent read!', '2024-04-22 19:00:00'),
(479, 2, 'Could be better.', '2024-03-09 19:00:00'),
(480, 3, 'Not my taste.', '2023-08-29 19:00:00'),
(481, 4, 'Could be better.', '2024-05-27 19:00:00'),
(482, 2, 'Very informative.', '2022-06-06 19:00:00'),
(483, 1, 'Enjoyed every page.', '2024-04-26 19:00:00'),
(484, 4, 'Enjoyed every page.', '2024-11-03 19:00:00'),
(485, 4, 'Could be better.', '2023-07-05 19:00:00'),
(486, 2, 'Very informative.', '2022-10-01 19:00:00'),
(487, 5, 'Not my taste.', '2022-02-06 19:00:00'),
(488, 5, 'Very informative.', '2022-08-05 19:00:00'),
(489, 1, 'Excellent read!', '2023-08-08 19:00:00'),
(490, 1, 'Could be better.', '2022-12-05 19:00:00'),
(491, 4, 'Could be better.', '2021-10-01 19:00:00'),
(492, 4, 'Not my taste.', '2021-10-23 19:00:00'),
(493, 1, 'Enjoyed every page.', '2022-04-25 19:00:00'),
(494, 1, 'Very informative.', '2021-01-01 19:00:00'),
(495, 2, 'Very informative.', '2022-06-04 19:00:00'),
(496, 2, 'Enjoyed every page.', '2023-09-06 19:00:00'),
(497, 4, 'Excellent read!', '2021-12-30 19:00:00'),
(498, 2, 'Very informative.', '2021-02-21 19:00:00'),
(499, 3, 'Excellent read!', '2022-04-15 19:00:00'),
(500, 1, 'Very informative.', '2020-12-01 19:00:00'),
(501, 2, 'Enjoyed every page.', '2024-04-29 19:00:00'),
(502, 5, 'Not my taste.', '2022-06-03 19:00:00'),
(503, 3, 'Excellent read!', '2021-09-15 19:00:00'),
(504, 4, 'Not my taste.', '2023-12-14 19:00:00'),
(505, 4, 'Enjoyed every page.', '2022-12-03 19:00:00'),
(506, 2, 'Very informative.', '2023-12-28 19:00:00'),
(507, 2, 'Very informative.', '2021-03-09 19:00:00'),
(508, 1, 'Very informative.', '2023-11-27 19:00:00'),
(509, 3, 'Enjoyed every page.', '2021-03-15 19:00:00'),
(510, 4, 'Very informative.', '2023-08-18 19:00:00'),
(511, 5, 'Enjoyed every page.', '2022-08-13 19:00:00'),
(512, 5, 'Could be better.', '2024-01-29 19:00:00'),
(513, 2, 'Very informative.', '2024-06-24 19:00:00'),
(514, 4, 'Enjoyed every page.', '2021-04-18 19:00:00'),
(515, 3, 'Excellent read!', '2023-05-20 19:00:00'),
(516, 5, 'Very informative.', '2024-06-27 19:00:00'),
(517, 3, 'Not my taste.', '2024-09-30 19:00:00'),
(518, 3, 'Not my taste.', '2023-08-28 19:00:00'),
(519, 1, 'Enjoyed every page.', '2020-12-27 19:00:00'),
(520, 5, 'Could be better.', '2021-01-23 19:00:00'),
(521, 2, 'Very informative.', '2023-03-21 19:00:00'),
(522, 3, 'Excellent read!', '2021-07-08 19:00:00'),
(523, 1, 'Not my taste.', '2023-05-14 19:00:00'),
(524, 1, 'Could be better.', '2021-02-18 19:00:00'),
(525, 2, 'Not my taste.', '2024-09-03 19:00:00'),
(526, 5, 'Excellent read!', '2024-04-21 19:00:00'),
(527, 2, 'Excellent read!', '2023-01-14 19:00:00'),
(528, 1, 'Excellent read!', '2023-07-17 19:00:00'),
(529, 2, 'Could be better.', '2022-01-24 19:00:00'),
(530, 5, 'Enjoyed every page.', '2022-05-27 19:00:00'),
(531, 1, 'Excellent read!', '2021-03-15 19:00:00'),
(532, 1, 'Could be better.', '2024-02-01 19:00:00'),
(533, 4, 'Could be better.', '2023-04-14 19:00:00'),
(534, 4, 'Excellent read!', '2021-04-06 19:00:00'),
(535, 5, 'Excellent read!', '2021-01-06 19:00:00'),
(536, 2, 'Enjoyed every page.', '2024-01-23 19:00:00'),
(537, 1, 'Very informative.', '2022-04-22 19:00:00'),
(538, 3, 'Enjoyed every page.', '2023-09-11 19:00:00'),
(539, 1, 'Not my taste.', '2022-02-04 19:00:00'),
(540, 1, 'Excellent read!', '2024-07-26 19:00:00'),
(541, 2, 'Very informative.', '2021-10-16 19:00:00'),
(542, 5, 'Not my taste.', '2024-10-07 19:00:00'),
(543, 3, 'Excellent read!', '2021-11-16 19:00:00'),
(544, 4, 'Could be better.', '2022-04-03 19:00:00'),
(545, 3, 'Enjoyed every page.', '2022-06-16 19:00:00'),
(546, 1, 'Not my taste.', '2024-07-23 19:00:00'),
(547, 4, 'Very informative.', '2023-04-14 19:00:00'),
(548, 1, 'Very informative.', '2024-07-04 19:00:00'),
(549, 4, 'Excellent read!', '2024-10-02 19:00:00'),
(550, 1, 'Enjoyed every page.', '2023-06-03 19:00:00'),
(551, 3, 'Could be better.', '2022-01-24 19:00:00'),
(552, 2, 'Not my taste.', '2021-09-27 19:00:00'),
(553, 2, 'Very informative.', '2024-04-01 19:00:00'),
(554, 1, 'Very informative.', '2021-10-27 19:00:00'),
(555, 1, 'Very informative.', '2023-10-16 19:00:00'),
(556, 2, 'Excellent read!', '2022-11-30 19:00:00'),
(557, 1, 'Not my taste.', '2023-08-01 19:00:00'),
(558, 5, 'Could be better.', '2024-10-17 19:00:00'),
(559, 3, 'Very informative.', '2023-10-30 19:00:00'),
(560, 2, 'Enjoyed every page.', '2021-09-03 19:00:00'),
(561, 4, 'Could be better.', '2023-03-16 19:00:00'),
(562, 3, 'Not my taste.', '2023-12-15 19:00:00'),
(563, 3, 'Could be better.', '2022-09-08 19:00:00'),
(564, 1, 'Could be better.', '2021-01-18 19:00:00'),
(565, 4, 'Very informative.', '2024-03-14 19:00:00'),
(566, 2, 'Enjoyed every page.', '2024-08-27 19:00:00'),
(567, 1, 'Not my taste.', '2023-12-21 19:00:00'),
(568, 4, 'Very informative.', '2024-11-23 19:00:00'),
(569, 5, 'Could be better.', '2021-05-25 19:00:00'),
(570, 5, 'Could be better.', '2024-04-12 19:00:00'),
(571, 1, 'Could be better.', '2021-07-25 19:00:00'),
(572, 4, 'Excellent read!', '2022-06-06 19:00:00'),
(573, 4, 'Excellent read!', '2020-11-30 19:00:00'),
(574, 3, 'Could be better.', '2024-06-13 19:00:00'),
(575, 5, 'Enjoyed every page.', '2024-03-30 19:00:00'),
(576, 5, 'Excellent read!', '2024-04-26 19:00:00'),
(577, 1, 'Very informative.', '2023-09-24 19:00:00'),
(578, 3, 'Excellent read!', '2022-07-31 19:00:00'),
(579, 3, 'Very informative.', '2022-07-12 19:00:00'),
(580, 5, 'Could be better.', '2021-06-06 19:00:00'),
(581, 5, 'Not my taste.', '2022-11-26 19:00:00'),
(582, 1, 'Could be better.', '2022-06-06 19:00:00'),
(583, 3, 'Enjoyed every page.', '2024-09-06 19:00:00'),
(584, 1, 'Could be better.', '2021-12-31 19:00:00'),
(585, 2, 'Enjoyed every page.', '2022-05-08 19:00:00'),
(586, 5, 'Enjoyed every page.', '2022-11-25 19:00:00'),
(587, 3, 'Very informative.', '2021-05-26 19:00:00'),
(588, 3, 'Could be better.', '2022-05-08 19:00:00'),
(589, 3, 'Excellent read!', '2022-12-25 19:00:00'),
(590, 5, 'Could be better.', '2024-01-22 19:00:00'),
(591, 4, 'Very informative.', '2021-02-13 19:00:00'),
(592, 5, 'Not my taste.', '2024-10-22 19:00:00'),
(593, 1, 'Enjoyed every page.', '2023-05-23 19:00:00'),
(594, 3, 'Enjoyed every page.', '2022-03-04 19:00:00'),
(595, 2, 'Not my taste.', '2022-12-14 19:00:00'),
(596, 4, 'Enjoyed every page.', '2022-06-29 19:00:00'),
(597, 5, 'Enjoyed every page.', '2024-06-10 19:00:00'),
(598, 2, 'Not my taste.', '2021-01-22 19:00:00'),
(599, 5, 'Not my taste.', '2021-09-03 19:00:00'),
(600, 2, 'Enjoyed every page.', '2022-02-10 19:00:00'),
(601, 3, 'Very informative.', '2024-06-16 19:00:00'),
(602, 4, 'Enjoyed every page.', '2024-09-03 19:00:00'),
(603, 5, 'Could be better.', '2022-07-07 19:00:00'),
(604, 3, 'Excellent read!', '2023-08-03 19:00:00'),
(605, 4, 'Very informative.', '2023-12-09 19:00:00'),
(606, 3, 'Enjoyed every page.', '2022-12-22 19:00:00'),
(607, 1, 'Enjoyed every page.', '2024-06-20 19:00:00'),
(608, 4, 'Not my taste.', '2022-03-19 19:00:00'),
(609, 3, 'Not my taste.', '2021-01-17 19:00:00'),
(610, 5, 'Not my taste.', '2024-10-11 19:00:00'),
(611, 1, 'Not my taste.', '2023-01-04 19:00:00'),
(612, 5, 'Very informative.', '2024-07-12 19:00:00'),
(613, 2, 'Excellent read!', '2022-01-03 19:00:00'),
(614, 2, 'Very informative.', '2023-02-17 19:00:00'),
(615, 3, 'Not my taste.', '2021-01-15 19:00:00'),
(616, 2, 'Could be better.', '2023-07-08 19:00:00'),
(617, 3, 'Very informative.', '2022-02-07 19:00:00'),
(618, 5, 'Very informative.', '2022-03-07 19:00:00'),
(619, 4, 'Excellent read!', '2022-06-04 19:00:00'),
(620, 5, 'Excellent read!', '2023-10-08 19:00:00'),
(621, 1, 'Very informative.', '2024-10-27 19:00:00'),
(622, 3, 'Very informative.', '2020-12-09 19:00:00'),
(623, 1, 'Enjoyed every page.', '2021-10-02 19:00:00'),
(624, 1, 'Not my taste.', '2023-08-28 19:00:00'),
(625, 5, 'Could be better.', '2021-12-11 19:00:00'),
(626, 2, 'Excellent read!', '2021-08-12 19:00:00'),
(627, 4, 'Very informative.', '2021-06-14 19:00:00'),
(628, 4, 'Enjoyed every page.', '2021-04-10 19:00:00'),
(629, 1, 'Excellent read!', '2023-08-05 19:00:00'),
(630, 1, 'Enjoyed every page.', '2021-12-23 19:00:00'),
(631, 5, 'Not my taste.', '2021-11-28 19:00:00'),
(632, 2, 'Not my taste.', '2024-02-15 19:00:00'),
(633, 1, 'Could be better.', '2023-03-17 19:00:00'),
(634, 4, 'Not my taste.', '2022-02-16 19:00:00'),
(635, 4, 'Could be better.', '2024-06-13 19:00:00'),
(636, 2, 'Not my taste.', '2023-06-10 19:00:00'),
(637, 2, 'Not my taste.', '2023-12-06 19:00:00'),
(638, 3, 'Excellent read!', '2022-05-09 19:00:00'),
(639, 1, 'Excellent read!', '2022-10-31 19:00:00'),
(640, 2, 'Not my taste.', '2023-11-17 19:00:00'),
(641, 5, 'Could be better.', '2022-08-14 19:00:00'),
(642, 4, 'Very informative.', '2021-08-12 19:00:00'),
(643, 1, 'Excellent read!', '2023-03-29 19:00:00'),
(644, 4, 'Enjoyed every page.', '2024-07-24 19:00:00'),
(645, 1, 'Excellent read!', '2022-04-09 19:00:00'),
(646, 4, 'Enjoyed every page.', '2023-03-29 19:00:00'),
(647, 5, 'Very informative.', '2022-10-12 19:00:00'),
(648, 5, 'Excellent read!', '2023-08-24 19:00:00'),
(649, 3, 'Enjoyed every page.', '2021-07-04 19:00:00'),
(650, 1, 'Could be better.', '2022-09-29 19:00:00'),
(651, 3, 'Could be better.', '2023-08-26 19:00:00'),
(652, 1, 'Excellent read!', '2022-11-14 19:00:00'),
(653, 2, 'Could be better.', '2023-12-11 19:00:00'),
(654, 3, 'Could be better.', '2022-11-28 19:00:00'),
(655, 4, 'Very informative.', '2023-01-07 19:00:00'),
(656, 2, 'Excellent read!', '2023-09-04 19:00:00'),
(657, 3, 'Very informative.', '2021-06-03 19:00:00'),
(658, 4, 'Enjoyed every page.', '2023-02-23 19:00:00'),
(659, 1, 'Could be better.', '2022-05-03 19:00:00'),
(660, 5, 'Not my taste.', '2022-08-10 19:00:00'),
(661, 1, 'Very informative.', '2022-04-30 19:00:00'),
(662, 3, 'Could be better.', '2024-08-01 19:00:00'),
(663, 5, 'Excellent read!', '2020-11-28 19:00:00'),
(664, 4, 'Excellent read!', '2021-08-09 19:00:00'),
(665, 4, 'Excellent read!', '2024-08-19 19:00:00'),
(666, 2, 'Not my taste.', '2024-04-19 19:00:00'),
(667, 5, 'Enjoyed every page.', '2023-10-19 19:00:00'),
(668, 1, 'Enjoyed every page.', '2024-07-01 19:00:00'),
(669, 3, 'Excellent read!', '2022-04-18 19:00:00'),
(670, 2, 'Very informative.', '2022-11-06 19:00:00'),
(671, 5, 'Enjoyed every page.', '2022-10-14 19:00:00'),
(672, 5, 'Enjoyed every page.', '2022-09-12 19:00:00'),
(673, 5, 'Not my taste.', '2021-05-26 19:00:00'),
(674, 4, 'Could be better.', '2023-11-29 19:00:00'),
(675, 5, 'Very informative.', '2024-01-04 19:00:00'),
(676, 2, 'Very informative.', '2024-02-06 19:00:00'),
(677, 1, 'Very informative.', '2024-07-26 19:00:00'),
(678, 3, 'Not my taste.', '2023-09-01 19:00:00'),
(679, 4, 'Not my taste.', '2022-11-24 19:00:00'),
(680, 4, 'Could be better.', '2021-07-02 19:00:00'),
(681, 4, 'Enjoyed every page.', '2022-08-12 19:00:00'),
(682, 4, 'Excellent read!', '2021-05-01 19:00:00'),
(683, 2, 'Very informative.', '2024-09-28 19:00:00'),
(684, 3, 'Very informative.', '2024-06-02 19:00:00'),
(685, 4, 'Not my taste.', '2022-07-03 19:00:00'),
(686, 2, 'Could be better.', '2021-09-22 19:00:00'),
(687, 3, 'Enjoyed every page.', '2023-04-20 19:00:00'),
(688, 5, 'Not my taste.', '2022-05-06 19:00:00'),
(689, 4, 'Not my taste.', '2023-02-17 19:00:00'),
(690, 2, 'Could be better.', '2024-01-08 19:00:00'),
(691, 4, 'Not my taste.', '2022-01-18 19:00:00'),
(692, 4, 'Excellent read!', '2024-02-22 19:00:00'),
(693, 5, 'Not my taste.', '2021-01-15 19:00:00'),
(694, 1, 'Very informative.', '2024-02-16 19:00:00'),
(695, 2, 'Could be better.', '2022-11-22 19:00:00'),
(696, 2, 'Enjoyed every page.', '2024-09-07 19:00:00'),
(697, 5, 'Enjoyed every page.', '2021-09-03 19:00:00'),
(698, 4, 'Could be better.', '2024-02-12 19:00:00'),
(699, 3, 'Enjoyed every page.', '2020-11-29 19:00:00'),
(700, 5, 'Not my taste.', '2022-08-15 19:00:00'),
(701, 1, 'Excellent read!', '2021-10-13 19:00:00'),
(702, 4, 'Could be better.', '2024-08-07 19:00:00'),
(703, 5, 'Could be better.', '2024-11-18 19:00:00'),
(704, 2, 'Could be better.', '2023-05-19 19:00:00'),
(705, 3, 'Enjoyed every page.', '2023-05-22 19:00:00'),
(706, 1, 'Very informative.', '2024-08-05 19:00:00'),
(707, 3, 'Enjoyed every page.', '2020-12-15 19:00:00'),
(708, 4, 'Very informative.', '2021-03-30 19:00:00'),
(709, 3, 'Very informative.', '2022-07-15 19:00:00'),
(710, 5, 'Could be better.', '2022-01-10 19:00:00'),
(711, 2, 'Excellent read!', '2022-07-22 19:00:00'),
(712, 4, 'Not my taste.', '2022-06-24 19:00:00'),
(713, 1, 'Not my taste.', '2022-03-14 19:00:00'),
(714, 5, 'Enjoyed every page.', '2021-11-01 19:00:00'),
(715, 4, 'Excellent read!', '2024-03-22 19:00:00'),
(716, 4, 'Very informative.', '2021-04-06 19:00:00'),
(717, 5, 'Could be better.', '2023-08-13 19:00:00'),
(718, 5, 'Very informative.', '2024-01-06 19:00:00'),
(719, 1, 'Could be better.', '2024-06-13 19:00:00'),
(720, 2, 'Not my taste.', '2024-06-18 19:00:00'),
(721, 4, 'Enjoyed every page.', '2021-09-28 19:00:00'),
(722, 4, 'Could be better.', '2023-07-27 19:00:00'),
(723, 1, 'Very informative.', '2023-05-13 19:00:00'),
(724, 5, 'Enjoyed every page.', '2021-06-21 19:00:00'),
(725, 1, 'Could be better.', '2023-09-13 19:00:00'),
(726, 1, 'Enjoyed every page.', '2021-03-24 19:00:00'),
(727, 4, 'Could be better.', '2023-01-30 19:00:00'),
(728, 5, 'Not my taste.', '2022-02-24 19:00:00'),
(729, 5, 'Could be better.', '2021-09-04 19:00:00'),
(730, 3, 'Excellent read!', '2024-10-25 19:00:00'),
(731, 4, 'Not my taste.', '2020-12-31 19:00:00'),
(732, 2, 'Could be better.', '2022-08-08 19:00:00'),
(733, 3, 'Very informative.', '2022-02-01 19:00:00'),
(734, 2, 'Could be better.', '2021-07-17 19:00:00'),
(735, 3, 'Not my taste.', '2023-11-04 19:00:00'),
(736, 3, 'Enjoyed every page.', '2022-07-12 19:00:00'),
(737, 1, 'Not my taste.', '2023-04-12 19:00:00'),
(738, 1, 'Very informative.', '2022-11-06 19:00:00'),
(739, 3, 'Enjoyed every page.', '2024-03-07 19:00:00'),
(740, 4, 'Very informative.', '2022-08-11 19:00:00'),
(741, 4, 'Not my taste.', '2024-09-11 19:00:00'),
(742, 4, 'Could be better.', '2022-03-07 19:00:00'),
(743, 4, 'Very informative.', '2024-04-12 19:00:00'),
(744, 1, 'Excellent read!', '2024-08-06 19:00:00'),
(745, 1, 'Could be better.', '2021-01-05 19:00:00'),
(746, 3, 'Very informative.', '2021-10-04 19:00:00'),
(747, 2, 'Excellent read!', '2022-02-06 19:00:00'),
(748, 1, 'Enjoyed every page.', '2021-04-18 19:00:00'),
(749, 3, 'Enjoyed every page.', '2023-09-10 19:00:00'),
(750, 2, 'Very informative.', '2021-03-05 19:00:00'),
(751, 4, 'Could be better.', '2023-02-24 19:00:00'),
(752, 4, 'Could be better.', '2021-03-02 19:00:00'),
(753, 2, 'Excellent read!', '2021-02-12 19:00:00'),
(754, 4, 'Enjoyed every page.', '2022-09-30 19:00:00'),
(755, 3, 'Not my taste.', '2022-06-18 19:00:00'),
(756, 4, 'Very informative.', '2023-08-30 19:00:00'),
(757, 5, 'Could be better.', '2023-03-28 19:00:00'),
(758, 5, 'Excellent read!', '2020-12-17 19:00:00'),
(759, 3, 'Not my taste.', '2022-03-20 19:00:00'),
(760, 4, 'Enjoyed every page.', '2024-01-13 19:00:00'),
(761, 1, 'Could be better.', '2023-10-06 19:00:00'),
(762, 1, 'Very informative.', '2020-12-30 19:00:00'),
(763, 2, 'Could be better.', '2023-01-01 19:00:00'),
(764, 5, 'Could be better.', '2021-12-12 19:00:00'),
(765, 1, 'Excellent read!', '2023-06-28 19:00:00'),
(766, 3, 'Excellent read!', '2023-06-09 19:00:00'),
(767, 3, 'Excellent read!', '2021-08-17 19:00:00'),
(768, 1, 'Enjoyed every page.', '2022-01-23 19:00:00'),
(769, 2, 'Excellent read!', '2021-11-17 19:00:00'),
(770, 3, 'Excellent read!', '2023-07-09 19:00:00'),
(771, 2, 'Very informative.', '2023-09-09 19:00:00'),
(772, 5, 'Could be better.', '2021-01-09 19:00:00'),
(773, 2, 'Could be better.', '2022-12-21 19:00:00'),
(774, 1, 'Enjoyed every page.', '2023-01-04 19:00:00'),
(775, 2, 'Enjoyed every page.', '2021-04-22 19:00:00'),
(776, 2, 'Excellent read!', '2024-01-10 19:00:00'),
(777, 5, 'Excellent read!', '2023-09-22 19:00:00'),
(778, 3, 'Excellent read!', '2022-02-20 19:00:00'),
(779, 5, 'Could be better.', '2023-04-13 19:00:00'),
(780, 4, 'Enjoyed every page.', '2021-06-28 19:00:00'),
(781, 2, 'Very informative.', '2023-05-28 19:00:00'),
(782, 5, 'Enjoyed every page.', '2021-01-04 19:00:00'),
(783, 3, 'Enjoyed every page.', '2021-08-14 19:00:00'),
(784, 1, 'Not my taste.', '2022-12-12 19:00:00'),
(785, 4, 'Could be better.', '2024-11-22 19:00:00'),
(786, 2, 'Could be better.', '2024-10-11 19:00:00'),
(787, 2, 'Enjoyed every page.', '2023-01-22 19:00:00'),
(788, 1, 'Could be better.', '2024-07-16 19:00:00'),
(789, 5, 'Excellent read!', '2021-06-22 19:00:00'),
(790, 1, 'Could be better.', '2024-01-17 19:00:00'),
(791, 4, 'Excellent read!', '2024-10-22 19:00:00'),
(792, 5, 'Not my taste.', '2024-06-12 19:00:00'),
(793, 1, 'Very informative.', '2022-09-30 19:00:00'),
(794, 3, 'Not my taste.', '2024-06-08 19:00:00'),
(795, 4, 'Enjoyed every page.', '2021-10-02 19:00:00'),
(796, 1, 'Not my taste.', '2021-04-12 19:00:00'),
(797, 1, 'Not my taste.', '2023-10-15 19:00:00'),
(798, 3, 'Excellent read!', '2021-06-08 19:00:00'),
(799, 5, 'Excellent read!', '2021-05-23 19:00:00'),
(800, 5, 'Excellent read!', '2021-05-27 19:00:00'),
(801, 5, 'Excellent read!', '2023-04-11 19:00:00'),
(802, 5, 'Very informative.', '2021-02-25 19:00:00'),
(803, 4, 'Enjoyed every page.', '2024-08-19 19:00:00'),
(804, 3, 'Excellent read!', '2024-06-22 19:00:00'),
(805, 2, 'Not my taste.', '2021-11-03 19:00:00'),
(806, 1, 'Very informative.', '2023-03-01 19:00:00'),
(807, 1, 'Excellent read!', '2024-03-26 19:00:00'),
(808, 4, 'Could be better.', '2022-03-01 19:00:00'),
(809, 5, 'Enjoyed every page.', '2023-06-20 19:00:00'),
(810, 5, 'Very informative.', '2023-11-11 19:00:00'),
(811, 1, 'Not my taste.', '2024-03-17 19:00:00'),
(812, 1, 'Excellent read!', '2021-04-23 19:00:00'),
(813, 2, 'Excellent read!', '2023-11-15 19:00:00'),
(814, 1, 'Enjoyed every page.', '2023-04-02 19:00:00'),
(815, 5, 'Not my taste.', '2024-05-04 19:00:00'),
(816, 5, 'Excellent read!', '2024-05-11 19:00:00'),
(817, 1, 'Very informative.', '2024-06-28 19:00:00'),
(818, 3, 'Enjoyed every page.', '2022-06-26 19:00:00'),
(819, 5, 'Excellent read!', '2022-02-19 19:00:00'),
(820, 1, 'Very informative.', '2024-08-27 19:00:00'),
(821, 3, 'Enjoyed every page.', '2023-08-03 19:00:00'),
(822, 5, 'Very informative.', '2022-02-26 19:00:00'),
(823, 4, 'Could be better.', '2024-04-08 19:00:00'),
(824, 3, 'Enjoyed every page.', '2024-03-31 19:00:00'),
(825, 4, 'Very informative.', '2021-05-21 19:00:00'),
(826, 4, 'Excellent read!', '2021-01-16 19:00:00'),
(827, 4, 'Enjoyed every page.', '2022-11-25 19:00:00'),
(828, 2, 'Not my taste.', '2024-10-09 19:00:00'),
(829, 2, 'Not my taste.', '2024-06-28 19:00:00'),
(830, 4, 'Excellent read!', '2023-04-25 19:00:00'),
(831, 4, 'Could be better.', '2024-08-29 19:00:00'),
(832, 5, 'Enjoyed every page.', '2024-03-15 19:00:00'),
(833, 1, 'Enjoyed every page.', '2023-06-12 19:00:00'),
(834, 4, 'Could be better.', '2022-10-27 19:00:00'),
(835, 5, 'Very informative.', '2021-07-21 19:00:00'),
(836, 1, 'Excellent read!', '2024-10-22 19:00:00'),
(837, 5, 'Very informative.', '2023-10-18 19:00:00'),
(838, 2, 'Very informative.', '2022-08-09 19:00:00'),
(839, 1, 'Excellent read!', '2022-08-10 19:00:00'),
(840, 5, 'Enjoyed every page.', '2023-02-20 19:00:00'),
(841, 2, 'Enjoyed every page.', '2021-06-04 19:00:00'),
(842, 3, 'Excellent read!', '2022-01-28 19:00:00'),
(843, 2, 'Enjoyed every page.', '2024-05-22 19:00:00'),
(844, 4, 'Very informative.', '2024-02-05 19:00:00'),
(845, 1, 'Very informative.', '2022-01-07 19:00:00'),
(846, 5, 'Excellent read!', '2023-09-08 19:00:00'),
(847, 5, 'Not my taste.', '2021-02-25 19:00:00'),
(848, 4, 'Excellent read!', '2021-08-10 19:00:00'),
(849, 1, 'Enjoyed every page.', '2022-04-23 19:00:00'),
(850, 5, 'Not my taste.', '2022-02-28 19:00:00'),
(851, 4, 'Very informative.', '2023-06-02 19:00:00'),
(852, 1, 'Excellent read!', '2023-11-29 19:00:00'),
(853, 1, 'Very informative.', '2021-06-19 19:00:00'),
(854, 1, 'Excellent read!', '2024-04-28 19:00:00'),
(855, 2, 'Could be better.', '2023-04-11 19:00:00'),
(856, 3, 'Very informative.', '2022-03-17 19:00:00'),
(857, 4, 'Could be better.', '2020-12-11 19:00:00'),
(858, 4, 'Enjoyed every page.', '2024-10-17 19:00:00'),
(859, 2, 'Excellent read!', '2022-12-11 19:00:00'),
(860, 2, 'Very informative.', '2022-12-07 19:00:00'),
(861, 3, 'Excellent read!', '2023-11-20 19:00:00'),
(862, 4, 'Excellent read!', '2024-08-28 19:00:00'),
(863, 1, 'Very informative.', '2024-08-18 19:00:00'),
(864, 3, 'Could be better.', '2021-08-31 19:00:00'),
(865, 3, 'Could be better.', '2024-11-17 19:00:00'),
(866, 2, 'Enjoyed every page.', '2022-05-01 19:00:00'),
(867, 1, 'Excellent read!', '2023-06-02 19:00:00'),
(868, 4, 'Excellent read!', '2023-04-30 19:00:00'),
(869, 4, 'Enjoyed every page.', '2022-10-19 19:00:00'),
(870, 2, 'Not my taste.', '2022-12-02 19:00:00'),
(871, 5, 'Not my taste.', '2022-09-29 19:00:00'),
(872, 2, 'Could be better.', '2021-06-18 19:00:00'),
(873, 4, 'Very informative.', '2023-08-30 19:00:00'),
(874, 3, 'Not my taste.', '2022-03-28 19:00:00'),
(875, 4, 'Enjoyed every page.', '2021-01-20 19:00:00'),
(876, 5, 'Enjoyed every page.', '2024-08-23 19:00:00'),
(877, 1, 'Not my taste.', '2024-01-20 19:00:00'),
(878, 3, 'Not my taste.', '2023-08-28 19:00:00'),
(879, 4, 'Very informative.', '2023-10-20 19:00:00'),
(880, 4, 'Could be better.', '2022-04-13 19:00:00'),
(881, 4, 'Could be better.', '2024-08-29 19:00:00'),
(882, 1, 'Excellent read!', '2024-02-07 19:00:00'),
(883, 4, 'Very informative.', '2023-03-29 19:00:00'),
(884, 1, 'Enjoyed every page.', '2021-04-26 19:00:00'),
(885, 1, 'Not my taste.', '2022-10-01 19:00:00'),
(886, 4, 'Excellent read!', '2021-02-16 19:00:00'),
(887, 4, 'Very informative.', '2020-12-09 19:00:00'),
(888, 5, 'Excellent read!', '2021-06-07 19:00:00'),
(889, 1, 'Very informative.', '2021-12-17 19:00:00'),
(890, 5, 'Could be better.', '2022-12-18 19:00:00'),
(891, 1, 'Not my taste.', '2020-12-01 19:00:00'),
(892, 3, 'Could be better.', '2022-03-21 19:00:00'),
(893, 1, 'Could be better.', '2021-06-30 19:00:00'),
(894, 5, 'Could be better.', '2024-06-11 19:00:00'),
(895, 2, 'Very informative.', '2024-02-26 19:00:00'),
(896, 2, 'Enjoyed every page.', '2021-04-08 19:00:00'),
(897, 2, 'Not my taste.', '2022-01-19 19:00:00'),
(898, 4, 'Could be better.', '2022-08-28 19:00:00'),
(899, 1, 'Excellent read!', '2022-01-23 19:00:00'),
(900, 3, 'Very informative.', '2022-01-11 19:00:00'),
(901, 5, 'Could be better.', '2023-06-06 19:00:00'),
(902, 3, 'Enjoyed every page.', '2024-05-03 19:00:00'),
(903, 2, 'Could be better.', '2023-05-27 19:00:00'),
(904, 2, 'Enjoyed every page.', '2023-09-27 19:00:00'),
(905, 3, 'Very informative.', '2024-01-30 19:00:00'),
(906, 1, 'Not my taste.', '2022-06-07 19:00:00'),
(907, 1, 'Enjoyed every page.', '2021-01-28 19:00:00'),
(908, 5, 'Very informative.', '2021-03-15 19:00:00'),
(909, 4, 'Excellent read!', '2023-11-22 19:00:00'),
(910, 5, 'Not my taste.', '2023-09-09 19:00:00'),
(911, 1, 'Could be better.', '2022-11-09 19:00:00'),
(912, 5, 'Not my taste.', '2021-11-10 19:00:00'),
(913, 1, 'Could be better.', '2024-05-17 19:00:00'),
(914, 1, 'Excellent read!', '2024-11-25 19:00:00'),
(915, 5, 'Very informative.', '2022-12-08 19:00:00'),
(916, 5, 'Enjoyed every page.', '2023-04-21 19:00:00'),
(917, 4, 'Not my taste.', '2021-11-19 19:00:00'),
(918, 5, 'Enjoyed every page.', '2022-05-25 19:00:00'),
(919, 5, 'Not my taste.', '2021-07-28 19:00:00'),
(920, 2, 'Excellent read!', '2021-11-19 19:00:00'),
(921, 2, 'Very informative.', '2021-01-24 19:00:00'),
(922, 4, 'Very informative.', '2023-02-22 19:00:00'),
(923, 3, 'Enjoyed every page.', '2023-07-07 19:00:00'),
(924, 3, 'Not my taste.', '2021-03-08 19:00:00'),
(925, 5, 'Very informative.', '2024-07-24 19:00:00'),
(926, 3, 'Very informative.', '2021-12-12 19:00:00'),
(927, 5, 'Could be better.', '2021-04-21 19:00:00'),
(928, 5, 'Could be better.', '2024-06-19 19:00:00'),
(929, 5, 'Could be better.', '2023-01-26 19:00:00'),
(930, 5, 'Excellent read!', '2021-11-22 19:00:00'),
(931, 3, 'Very informative.', '2021-05-12 19:00:00'),
(932, 3, 'Very informative.', '2022-07-10 19:00:00'),
(933, 1, 'Excellent read!', '2021-10-31 19:00:00'),
(934, 4, 'Excellent read!', '2023-03-13 19:00:00'),
(935, 5, 'Excellent read!', '2023-02-06 19:00:00'),
(936, 2, 'Not my taste.', '2022-07-05 19:00:00'),
(937, 2, 'Excellent read!', '2021-11-22 19:00:00'),
(938, 2, 'Enjoyed every page.', '2024-06-28 19:00:00'),
(939, 2, 'Excellent read!', '2021-02-28 19:00:00'),
(940, 1, 'Excellent read!', '2024-04-10 19:00:00'),
(941, 2, 'Very informative.', '2023-06-24 19:00:00'),
(942, 5, 'Enjoyed every page.', '2023-08-29 19:00:00'),
(943, 4, 'Could be better.', '2023-09-14 19:00:00'),
(944, 1, 'Could be better.', '2022-03-30 19:00:00'),
(945, 3, 'Enjoyed every page.', '2024-04-06 19:00:00'),
(946, 3, 'Excellent read!', '2021-06-01 19:00:00'),
(947, 1, 'Not my taste.', '2022-11-01 19:00:00'),
(948, 4, 'Enjoyed every page.', '2021-07-06 19:00:00'),
(949, 5, 'Excellent read!', '2021-02-06 19:00:00'),
(950, 2, 'Enjoyed every page.', '2024-02-17 19:00:00'),
(951, 1, 'Excellent read!', '2021-07-01 19:00:00'),
(952, 1, 'Excellent read!', '2021-01-23 19:00:00'),
(953, 4, 'Excellent read!', '2021-04-26 19:00:00'),
(954, 1, 'Enjoyed every page.', '2021-07-16 19:00:00'),
(955, 2, 'Could be better.', '2024-06-03 19:00:00'),
(956, 2, 'Enjoyed every page.', '2021-02-14 19:00:00'),
(957, 3, 'Excellent read!', '2023-03-23 19:00:00'),
(958, 1, 'Not my taste.', '2024-05-07 19:00:00'),
(959, 1, 'Could be better.', '2021-11-14 19:00:00'),
(960, 3, 'Not my taste.', '2020-12-29 19:00:00'),
(961, 2, 'Enjoyed every page.', '2021-09-26 19:00:00'),
(962, 4, 'Excellent read!', '2024-10-21 19:00:00'),
(963, 1, 'Very informative.', '2022-08-04 19:00:00'),
(964, 4, 'Very informative.', '2022-04-03 19:00:00'),
(965, 4, 'Could be better.', '2023-02-10 19:00:00'),
(966, 4, 'Very informative.', '2020-12-27 19:00:00'),
(967, 2, 'Excellent read!', '2023-10-09 19:00:00'),
(968, 5, 'Very informative.', '2023-11-20 19:00:00'),
(969, 2, 'Very informative.', '2021-12-23 19:00:00'),
(970, 5, 'Excellent read!', '2022-01-24 19:00:00'),
(971, 2, 'Not my taste.', '2024-08-08 19:00:00'),
(972, 5, 'Not my taste.', '2021-07-07 19:00:00'),
(973, 4, 'Enjoyed every page.', '2021-08-12 19:00:00'),
(974, 5, 'Enjoyed every page.', '2021-01-09 19:00:00'),
(975, 4, 'Not my taste.', '2023-02-24 19:00:00'),
(976, 2, 'Very informative.', '2021-01-29 19:00:00'),
(977, 3, 'Excellent read!', '2022-01-27 19:00:00'),
(978, 2, 'Excellent read!', '2021-06-25 19:00:00');
INSERT INTO `reviews` (`review_id`, `rating`, `comment`, `created_at`) VALUES
(979, 5, 'Excellent read!', '2023-05-05 19:00:00'),
(980, 5, 'Excellent read!', '2024-03-16 19:00:00'),
(981, 3, 'Could be better.', '2023-04-05 19:00:00'),
(982, 3, 'Excellent read!', '2024-01-12 19:00:00'),
(983, 4, 'Not my taste.', '2023-05-27 19:00:00'),
(984, 1, 'Enjoyed every page.', '2024-01-11 19:00:00'),
(985, 5, 'Could be better.', '2023-04-22 19:00:00'),
(986, 2, 'Not my taste.', '2024-07-09 19:00:00'),
(987, 4, 'Enjoyed every page.', '2021-05-14 19:00:00'),
(988, 2, 'Very informative.', '2023-12-26 19:00:00'),
(989, 1, 'Could be better.', '2022-10-12 19:00:00'),
(990, 1, 'Enjoyed every page.', '2023-07-08 19:00:00'),
(991, 4, 'Excellent read!', '2023-04-01 19:00:00'),
(992, 5, 'Very informative.', '2021-09-29 19:00:00'),
(993, 1, 'Not my taste.', '2024-09-21 19:00:00'),
(994, 4, 'Could be better.', '2023-10-21 19:00:00'),
(995, 5, 'Enjoyed every page.', '2021-07-31 19:00:00'),
(996, 1, 'Enjoyed every page.', '2024-05-25 19:00:00'),
(997, 4, 'Excellent read!', '2022-01-29 19:00:00'),
(998, 1, 'Excellent read!', '2024-04-07 19:00:00'),
(999, 4, 'Enjoyed every page.', '2022-01-21 19:00:00'),
(1000, 2, 'Enjoyed every page.', '2022-03-23 19:00:00'),
(1001, 1, 'Very informative.', '2023-03-28 19:00:00'),
(1002, 1, 'Very informative.', '2023-11-02 19:00:00'),
(1003, 2, 'Excellent read!', '2024-06-02 19:00:00'),
(1004, 3, 'Not my taste.', '2022-10-12 19:00:00'),
(1005, 4, 'Not my taste.', '2023-10-20 19:00:00'),
(1006, 4, 'Excellent read!', '2021-10-29 19:00:00'),
(1007, 5, 'Enjoyed every page.', '2024-04-26 19:00:00'),
(1008, 3, 'Could be better.', '2021-02-26 19:00:00'),
(1009, 1, 'Could be better.', '2024-08-13 19:00:00'),
(1010, 1, 'Not my taste.', '2023-01-15 19:00:00'),
(1011, 4, 'Enjoyed every page.', '2023-06-17 19:00:00'),
(1012, 5, 'Could be better.', '2023-05-14 19:00:00'),
(1013, 4, 'Very informative.', '2024-09-07 19:00:00'),
(1014, 4, 'Not my taste.', '2024-10-27 19:00:00'),
(1015, 1, 'Enjoyed every page.', '2024-02-23 19:00:00'),
(1016, 4, 'Excellent read!', '2022-05-27 19:00:00'),
(1017, 4, 'Excellent read!', '2020-12-08 19:00:00'),
(1018, 3, 'Very informative.', '2022-10-16 19:00:00'),
(1019, 3, 'Enjoyed every page.', '2022-12-01 19:00:00'),
(1020, 1, 'Excellent read!', '2022-10-12 19:00:00'),
(1021, 1, 'Not my taste.', '2024-05-24 19:00:00'),
(1022, 5, 'Could be better.', '2021-06-10 19:00:00'),
(1023, 4, 'Could be better.', '2021-04-20 19:00:00'),
(1024, 5, 'Could be better.', '2022-01-20 19:00:00'),
(1025, 2, 'Excellent read!', '2022-01-06 19:00:00'),
(1026, 2, 'Could be better.', '2022-07-11 19:00:00'),
(1027, 3, 'Very informative.', '2024-07-02 19:00:00'),
(1028, 4, 'Very informative.', '2024-11-15 19:00:00'),
(1029, 2, 'Enjoyed every page.', '2021-05-11 19:00:00'),
(1030, 1, 'Could be better.', '2021-11-11 19:00:00'),
(1031, 1, 'Excellent read!', '2021-01-26 19:00:00'),
(1032, 4, 'Enjoyed every page.', '2024-02-29 19:00:00'),
(1033, 5, 'Excellent read!', '2021-01-11 19:00:00'),
(1034, 2, 'Not my taste.', '2022-09-03 19:00:00'),
(1035, 5, 'Very informative.', '2022-12-10 19:00:00'),
(1036, 3, 'Very informative.', '2023-12-16 19:00:00'),
(1037, 1, 'Very informative.', '2022-02-06 19:00:00'),
(1038, 3, 'Very informative.', '2022-01-02 19:00:00'),
(1039, 5, 'Could be better.', '2024-05-30 19:00:00'),
(1040, 5, 'Enjoyed every page.', '2023-09-26 19:00:00'),
(1041, 2, 'Excellent read!', '2024-08-16 19:00:00'),
(1042, 5, 'Could be better.', '2022-01-23 19:00:00'),
(1043, 1, 'Excellent read!', '2020-12-22 19:00:00'),
(1044, 5, 'Could be better.', '2023-02-20 19:00:00'),
(1045, 5, 'Could be better.', '2021-07-10 19:00:00'),
(1046, 3, 'Very informative.', '2021-12-27 19:00:00'),
(1047, 4, 'Enjoyed every page.', '2022-09-27 19:00:00'),
(1048, 2, 'Excellent read!', '2022-03-20 19:00:00'),
(1049, 5, 'Could be better.', '2024-02-25 19:00:00'),
(1050, 1, 'Very informative.', '2021-03-17 19:00:00'),
(1051, 4, 'Excellent read!', '2021-04-25 19:00:00'),
(1052, 2, 'Very informative.', '2021-04-18 19:00:00'),
(1053, 5, 'Enjoyed every page.', '2020-11-28 19:00:00'),
(1054, 4, 'Not my taste.', '2022-08-04 19:00:00'),
(1055, 5, 'Not my taste.', '2023-08-08 19:00:00'),
(1056, 1, 'Excellent read!', '2023-01-11 19:00:00'),
(1057, 2, 'Excellent read!', '2021-10-18 19:00:00'),
(1058, 3, 'Not my taste.', '2022-09-02 19:00:00'),
(1059, 5, 'Could be better.', '2021-12-10 19:00:00'),
(1060, 2, 'Enjoyed every page.', '2024-02-09 19:00:00'),
(1061, 5, 'Very informative.', '2020-12-30 19:00:00'),
(1062, 4, 'Could be better.', '2021-09-08 19:00:00'),
(1063, 2, 'Not my taste.', '2024-10-25 19:00:00'),
(1064, 1, 'Not my taste.', '2024-09-11 19:00:00'),
(1065, 3, 'Excellent read!', '2022-07-27 19:00:00'),
(1066, 2, 'Not my taste.', '2023-07-09 19:00:00'),
(1067, 1, 'Enjoyed every page.', '2021-01-28 19:00:00'),
(1068, 4, 'Not my taste.', '2023-09-24 19:00:00'),
(1069, 4, 'Enjoyed every page.', '2022-03-16 19:00:00'),
(1070, 1, 'Very informative.', '2024-07-30 19:00:00'),
(1071, 4, 'Excellent read!', '2023-08-04 19:00:00'),
(1072, 3, 'Very informative.', '2024-07-10 19:00:00'),
(1073, 3, 'Enjoyed every page.', '2021-11-17 19:00:00'),
(1074, 4, 'Not my taste.', '2020-12-24 19:00:00'),
(1075, 5, 'Enjoyed every page.', '2024-06-13 19:00:00'),
(1076, 1, 'Enjoyed every page.', '2022-07-03 19:00:00'),
(1077, 1, 'Enjoyed every page.', '2024-11-14 19:00:00'),
(1078, 1, 'Very informative.', '2023-01-07 19:00:00'),
(1079, 2, 'Very informative.', '2022-09-25 19:00:00'),
(1080, 4, 'Very informative.', '2021-12-15 19:00:00'),
(1081, 1, 'Excellent read!', '2023-07-14 19:00:00'),
(1082, 2, 'Not my taste.', '2022-08-25 19:00:00'),
(1083, 5, 'Excellent read!', '2021-03-13 19:00:00'),
(1084, 1, 'Not my taste.', '2020-12-17 19:00:00'),
(1085, 2, 'Could be better.', '2021-07-05 19:00:00'),
(1086, 3, 'Could be better.', '2023-07-29 19:00:00'),
(1087, 2, 'Not my taste.', '2022-01-22 19:00:00'),
(1088, 4, 'Not my taste.', '2020-12-22 19:00:00'),
(1089, 1, 'Excellent read!', '2023-03-06 19:00:00'),
(1090, 5, 'Excellent read!', '2024-08-17 19:00:00'),
(1091, 5, 'Very informative.', '2021-05-11 19:00:00'),
(1092, 3, 'Enjoyed every page.', '2024-07-22 19:00:00'),
(1093, 2, 'Could be better.', '2024-10-09 19:00:00'),
(1094, 5, 'Enjoyed every page.', '2023-09-22 19:00:00'),
(1095, 3, 'Excellent read!', '2021-11-24 19:00:00'),
(1096, 3, 'Not my taste.', '2023-12-27 19:00:00'),
(1097, 3, 'Could be better.', '2024-07-23 19:00:00'),
(1098, 1, 'Enjoyed every page.', '2021-12-31 19:00:00'),
(1099, 2, 'Not my taste.', '2021-07-16 19:00:00'),
(1100, 4, 'Could be better.', '2021-12-10 19:00:00'),
(1101, 3, 'Not my taste.', '2022-07-25 19:00:00'),
(1102, 5, 'Excellent read!', '2021-07-18 19:00:00'),
(1103, 4, 'Excellent read!', '2023-01-14 19:00:00'),
(1104, 5, 'Very informative.', '2022-03-11 19:00:00'),
(1105, 3, 'Could be better.', '2022-03-01 19:00:00'),
(1106, 1, 'Could be better.', '2022-10-14 19:00:00'),
(1107, 5, 'Not my taste.', '2021-04-15 19:00:00'),
(1108, 4, 'Excellent read!', '2024-07-19 19:00:00'),
(1109, 2, 'Not my taste.', '2021-12-18 19:00:00'),
(1110, 1, 'Not my taste.', '2023-01-02 19:00:00'),
(1111, 4, 'Not my taste.', '2024-04-03 19:00:00'),
(1112, 2, 'Very informative.', '2024-04-03 19:00:00'),
(1113, 1, 'Not my taste.', '2022-04-24 19:00:00'),
(1114, 2, 'Could be better.', '2022-11-22 19:00:00'),
(1115, 1, 'Excellent read!', '2021-11-17 19:00:00'),
(1116, 4, 'Could be better.', '2021-01-17 19:00:00'),
(1117, 3, 'Enjoyed every page.', '2021-09-18 19:00:00'),
(1118, 5, 'Could be better.', '2021-10-04 19:00:00'),
(1119, 2, 'Excellent read!', '2023-03-10 19:00:00'),
(1120, 5, 'Enjoyed every page.', '2024-05-03 19:00:00'),
(1121, 5, 'Not my taste.', '2021-12-05 19:00:00'),
(1122, 1, 'Could be better.', '2021-11-26 19:00:00'),
(1123, 3, 'Excellent read!', '2021-01-20 19:00:00'),
(1124, 4, 'Excellent read!', '2021-08-24 19:00:00'),
(1125, 4, 'Excellent read!', '2024-02-13 19:00:00'),
(1126, 5, 'Could be better.', '2021-12-05 19:00:00'),
(1127, 3, 'Not my taste.', '2023-11-29 19:00:00'),
(1128, 3, 'Not my taste.', '2021-08-20 19:00:00'),
(1129, 3, 'Not my taste.', '2022-01-28 19:00:00'),
(1130, 1, 'Very informative.', '2022-09-23 19:00:00'),
(1131, 4, 'Could be better.', '2022-12-26 19:00:00'),
(1132, 5, 'Could be better.', '2021-12-24 19:00:00'),
(1133, 1, 'Not my taste.', '2022-07-31 19:00:00'),
(1134, 1, 'Not my taste.', '2021-09-05 19:00:00'),
(1135, 3, 'Very informative.', '2021-06-01 19:00:00'),
(1136, 3, 'Enjoyed every page.', '2024-10-25 19:00:00'),
(1137, 1, 'Very informative.', '2024-02-04 19:00:00'),
(1138, 1, 'Very informative.', '2022-04-16 19:00:00'),
(1139, 3, 'Not my taste.', '2021-06-16 19:00:00'),
(1140, 3, 'Very informative.', '2023-06-22 19:00:00'),
(1141, 1, 'Enjoyed every page.', '2023-04-14 19:00:00'),
(1142, 4, 'Excellent read!', '2021-10-19 19:00:00'),
(1143, 3, 'Enjoyed every page.', '2024-01-01 19:00:00'),
(1144, 1, 'Enjoyed every page.', '2024-04-28 19:00:00'),
(1145, 4, 'Excellent read!', '2022-11-16 19:00:00'),
(1146, 1, 'Very informative.', '2022-02-22 19:00:00'),
(1147, 4, 'Enjoyed every page.', '2022-09-08 19:00:00'),
(1148, 3, 'Enjoyed every page.', '2021-10-18 19:00:00'),
(1149, 5, 'Enjoyed every page.', '2024-01-14 19:00:00'),
(1150, 1, 'Excellent read!', '2023-04-08 19:00:00'),
(1151, 3, 'Very informative.', '2021-03-23 19:00:00'),
(1152, 4, 'Not my taste.', '2022-06-24 19:00:00'),
(1153, 1, 'Not my taste.', '2022-02-09 19:00:00'),
(1154, 1, 'Excellent read!', '2022-07-30 19:00:00'),
(1155, 3, 'Enjoyed every page.', '2021-12-28 19:00:00'),
(1156, 4, 'Could be better.', '2022-07-10 19:00:00'),
(1157, 2, 'Could be better.', '2024-10-14 19:00:00'),
(1158, 3, 'Excellent read!', '2023-09-28 19:00:00'),
(1159, 1, 'Could be better.', '2022-12-06 19:00:00'),
(1160, 5, 'Enjoyed every page.', '2022-04-07 19:00:00'),
(1161, 3, 'Excellent read!', '2022-12-09 19:00:00'),
(1162, 5, 'Could be better.', '2022-09-15 19:00:00'),
(1163, 2, 'Could be better.', '2022-01-12 19:00:00'),
(1164, 1, 'Enjoyed every page.', '2022-05-06 19:00:00'),
(1165, 2, 'Enjoyed every page.', '2021-07-18 19:00:00'),
(1166, 5, 'Not my taste.', '2021-01-25 19:00:00'),
(1167, 1, 'Very informative.', '2024-08-06 19:00:00'),
(1168, 4, 'Very informative.', '2023-11-23 19:00:00'),
(1169, 3, 'Could be better.', '2024-04-23 19:00:00'),
(1170, 2, 'Enjoyed every page.', '2024-06-15 19:00:00'),
(1171, 2, 'Not my taste.', '2021-01-23 19:00:00'),
(1172, 5, 'Not my taste.', '2021-06-09 19:00:00'),
(1173, 3, 'Enjoyed every page.', '2023-01-26 19:00:00'),
(1174, 5, 'Could be better.', '2023-09-04 19:00:00'),
(1175, 2, 'Excellent read!', '2023-11-30 19:00:00'),
(1176, 4, 'Enjoyed every page.', '2022-08-17 19:00:00'),
(1177, 4, 'Could be better.', '2021-05-05 19:00:00'),
(1178, 4, 'Excellent read!', '2021-04-24 19:00:00'),
(1179, 3, 'Could be better.', '2021-07-08 19:00:00'),
(1180, 5, 'Very informative.', '2022-11-09 19:00:00'),
(1181, 4, 'Excellent read!', '2024-05-07 19:00:00'),
(1182, 3, 'Excellent read!', '2023-09-02 19:00:00'),
(1183, 1, 'Very informative.', '2021-02-06 19:00:00'),
(1184, 1, 'Not my taste.', '2021-08-22 19:00:00'),
(1185, 3, 'Very informative.', '2022-05-17 19:00:00'),
(1186, 3, 'Excellent read!', '2022-05-18 19:00:00'),
(1187, 4, 'Very informative.', '2022-11-24 19:00:00'),
(1188, 4, 'Not my taste.', '2024-06-22 19:00:00'),
(1189, 1, 'Excellent read!', '2024-08-24 19:00:00'),
(1190, 1, 'Could be better.', '2023-11-26 19:00:00'),
(1191, 4, 'Could be better.', '2023-07-30 19:00:00'),
(1192, 2, 'Could be better.', '2021-08-24 19:00:00'),
(1193, 3, 'Enjoyed every page.', '2023-11-12 19:00:00'),
(1194, 1, 'Excellent read!', '2021-07-09 19:00:00'),
(1195, 1, 'Could be better.', '2022-02-03 19:00:00'),
(1196, 5, 'Very informative.', '2023-03-02 19:00:00'),
(1197, 3, 'Could be better.', '2021-08-21 19:00:00'),
(1198, 3, 'Could be better.', '2022-05-06 19:00:00'),
(1199, 4, 'Not my taste.', '2024-03-13 19:00:00'),
(1200, 2, 'Could be better.', '2021-06-13 19:00:00'),
(1201, 5, 'Could be better.', '2023-04-23 19:00:00'),
(1202, 2, 'Excellent read!', '2022-05-31 19:00:00'),
(1203, 5, 'Could be better.', '2024-07-19 19:00:00'),
(1204, 5, 'Enjoyed every page.', '2023-09-03 19:00:00'),
(1205, 2, 'Enjoyed every page.', '2023-10-11 19:00:00'),
(1206, 3, 'Could be better.', '2023-10-12 19:00:00'),
(1207, 4, 'Excellent read!', '2021-04-01 19:00:00'),
(1208, 3, 'Very informative.', '2022-08-28 19:00:00'),
(1209, 4, 'Not my taste.', '2023-08-30 19:00:00'),
(1210, 5, 'Could be better.', '2022-02-25 19:00:00'),
(1211, 1, 'Excellent read!', '2022-01-19 19:00:00'),
(1212, 1, 'Excellent read!', '2022-10-06 19:00:00'),
(1213, 2, 'Enjoyed every page.', '2022-07-16 19:00:00'),
(1214, 5, 'Not my taste.', '2021-03-26 19:00:00'),
(1215, 4, 'Not my taste.', '2022-10-14 19:00:00'),
(1216, 4, 'Could be better.', '2022-05-08 19:00:00'),
(1217, 5, 'Not my taste.', '2021-08-13 19:00:00'),
(1218, 2, 'Not my taste.', '2022-09-03 19:00:00'),
(1219, 1, 'Excellent read!', '2023-02-08 19:00:00'),
(1220, 4, 'Not my taste.', '2021-01-30 19:00:00'),
(1221, 5, 'Excellent read!', '2023-07-07 19:00:00'),
(1222, 2, 'Very informative.', '2024-10-21 19:00:00'),
(1223, 5, 'Not my taste.', '2022-07-22 19:00:00'),
(1224, 1, 'Excellent read!', '2023-06-19 19:00:00'),
(1225, 2, 'Excellent read!', '2020-12-23 19:00:00'),
(1226, 3, 'Could be better.', '2021-05-16 19:00:00'),
(1227, 1, 'Could be better.', '2024-04-03 19:00:00'),
(1228, 3, 'Not my taste.', '2024-05-26 19:00:00'),
(1229, 5, 'Excellent read!', '2022-01-31 19:00:00'),
(1230, 2, 'Very informative.', '2024-09-20 19:00:00'),
(1231, 1, 'Excellent read!', '2022-05-16 19:00:00'),
(1232, 4, 'Could be better.', '2023-02-14 19:00:00'),
(1233, 4, 'Very informative.', '2022-08-11 19:00:00'),
(1234, 4, 'Very informative.', '2021-04-24 19:00:00'),
(1235, 4, 'Not my taste.', '2023-02-25 19:00:00'),
(1236, 3, 'Not my taste.', '2021-08-30 19:00:00'),
(1237, 4, 'Could be better.', '2024-10-01 19:00:00'),
(1238, 3, 'Very informative.', '2024-01-15 19:00:00'),
(1239, 1, 'Enjoyed every page.', '2023-10-07 19:00:00'),
(1240, 2, 'Enjoyed every page.', '2021-01-26 19:00:00'),
(1241, 3, 'Very informative.', '2024-09-05 19:00:00'),
(1242, 3, 'Very informative.', '2022-05-27 19:00:00'),
(1243, 3, 'Enjoyed every page.', '2022-08-04 19:00:00'),
(1244, 1, 'Could be better.', '2023-03-03 19:00:00'),
(1245, 4, 'Enjoyed every page.', '2024-06-17 19:00:00'),
(1246, 1, 'Could be better.', '2024-03-02 19:00:00'),
(1247, 2, 'Not my taste.', '2021-11-03 19:00:00'),
(1248, 1, 'Not my taste.', '2023-06-25 19:00:00'),
(1249, 1, 'Could be better.', '2021-09-06 19:00:00'),
(1250, 4, 'Could be better.', '2021-04-21 19:00:00'),
(1251, 1, 'Excellent read!', '2023-08-09 19:00:00'),
(1252, 1, 'Enjoyed every page.', '2022-02-02 19:00:00'),
(1253, 4, 'Very informative.', '2022-08-06 19:00:00'),
(1254, 5, 'Enjoyed every page.', '2024-01-16 19:00:00'),
(1255, 4, 'Not my taste.', '2022-02-20 19:00:00'),
(1256, 3, 'Enjoyed every page.', '2022-09-10 19:00:00'),
(1257, 5, 'Enjoyed every page.', '2022-05-24 19:00:00'),
(1258, 2, 'Excellent read!', '2023-08-12 19:00:00'),
(1259, 1, 'Excellent read!', '2021-04-28 19:00:00'),
(1260, 5, 'Enjoyed every page.', '2020-12-20 19:00:00'),
(1261, 4, 'Enjoyed every page.', '2022-09-19 19:00:00'),
(1262, 3, 'Enjoyed every page.', '2023-12-07 19:00:00'),
(1263, 1, 'Very informative.', '2022-02-28 19:00:00'),
(1264, 2, 'Not my taste.', '2023-05-24 19:00:00'),
(1265, 1, 'Enjoyed every page.', '2021-12-01 19:00:00'),
(1266, 5, 'Enjoyed every page.', '2022-08-12 19:00:00'),
(1267, 3, 'Enjoyed every page.', '2022-01-09 19:00:00'),
(1268, 4, 'Could be better.', '2024-02-19 19:00:00'),
(1269, 3, 'Excellent read!', '2021-01-26 19:00:00'),
(1270, 3, 'Very informative.', '2022-09-27 19:00:00'),
(1271, 3, 'Very informative.', '2023-01-19 19:00:00'),
(1272, 4, 'Enjoyed every page.', '2022-11-27 19:00:00'),
(1273, 3, 'Not my taste.', '2023-01-07 19:00:00'),
(1274, 2, 'Could be better.', '2023-10-05 19:00:00'),
(1275, 5, 'Excellent read!', '2024-03-08 19:00:00'),
(1276, 5, 'Enjoyed every page.', '2022-03-09 19:00:00'),
(1277, 3, 'Could be better.', '2022-08-16 19:00:00'),
(1278, 4, 'Could be better.', '2023-10-05 19:00:00'),
(1279, 1, 'Enjoyed every page.', '2022-10-31 19:00:00'),
(1280, 2, 'Enjoyed every page.', '2021-11-23 19:00:00'),
(1281, 4, 'Excellent read!', '2023-11-25 19:00:00'),
(1282, 1, 'Not my taste.', '2021-09-05 19:00:00'),
(1283, 3, 'Very informative.', '2021-09-15 19:00:00'),
(1284, 1, 'Very informative.', '2023-11-28 19:00:00'),
(1285, 2, 'Could be better.', '2023-07-12 19:00:00'),
(1286, 3, 'Could be better.', '2021-06-01 19:00:00'),
(1287, 5, 'Excellent read!', '2022-10-05 19:00:00'),
(1288, 3, 'Enjoyed every page.', '2023-07-10 19:00:00'),
(1289, 3, 'Very informative.', '2024-01-16 19:00:00'),
(1290, 1, 'Not my taste.', '2021-03-18 19:00:00'),
(1291, 1, 'Enjoyed every page.', '2024-06-03 19:00:00'),
(1292, 3, 'Could be better.', '2022-02-14 19:00:00'),
(1293, 1, 'Excellent read!', '2023-02-25 19:00:00'),
(1294, 5, 'Not my taste.', '2023-08-15 19:00:00'),
(1295, 4, 'Very informative.', '2021-05-02 19:00:00'),
(1296, 2, 'Not my taste.', '2021-08-23 19:00:00'),
(1297, 1, 'Could be better.', '2024-05-14 19:00:00'),
(1298, 1, 'Enjoyed every page.', '2021-12-10 19:00:00'),
(1299, 3, 'Enjoyed every page.', '2022-02-21 19:00:00'),
(1300, 1, 'Could be better.', '2023-08-31 19:00:00'),
(1301, 5, 'Enjoyed every page.', '2024-04-25 19:00:00'),
(1302, 2, 'Very informative.', '2023-04-11 19:00:00'),
(1303, 1, 'Enjoyed every page.', '2022-04-29 19:00:00'),
(1304, 2, 'Enjoyed every page.', '2022-06-07 19:00:00'),
(1305, 5, 'Enjoyed every page.', '2024-08-03 19:00:00'),
(1306, 1, 'Excellent read!', '2022-06-10 19:00:00'),
(1307, 3, 'Not my taste.', '2024-03-02 19:00:00'),
(1308, 5, 'Could be better.', '2024-05-04 19:00:00'),
(1309, 3, 'Enjoyed every page.', '2023-08-17 19:00:00'),
(1310, 3, 'Very informative.', '2021-10-25 19:00:00'),
(1311, 2, 'Enjoyed every page.', '2024-02-02 19:00:00'),
(1312, 4, 'Not my taste.', '2022-12-23 19:00:00'),
(1313, 4, 'Not my taste.', '2024-07-12 19:00:00'),
(1314, 1, 'Not my taste.', '2022-11-23 19:00:00'),
(1315, 4, 'Excellent read!', '2021-12-27 19:00:00'),
(1316, 1, 'Very informative.', '2021-09-08 19:00:00'),
(1317, 2, 'Could be better.', '2022-01-15 19:00:00'),
(1318, 5, 'Excellent read!', '2022-07-12 19:00:00'),
(1319, 5, 'Enjoyed every page.', '2024-01-01 19:00:00'),
(1320, 4, 'Excellent read!', '2024-09-02 19:00:00'),
(1321, 1, 'Very informative.', '2022-08-08 19:00:00'),
(1322, 4, 'Not my taste.', '2022-11-12 19:00:00'),
(1323, 4, 'Excellent read!', '2023-09-24 19:00:00'),
(1324, 1, 'Excellent read!', '2021-11-06 19:00:00'),
(1325, 4, 'Not my taste.', '2023-12-31 19:00:00'),
(1326, 4, 'Enjoyed every page.', '2022-10-17 19:00:00'),
(1327, 3, 'Not my taste.', '2024-05-22 19:00:00'),
(1328, 5, 'Not my taste.', '2024-08-22 19:00:00'),
(1329, 3, 'Could be better.', '2021-08-17 19:00:00'),
(1330, 4, 'Enjoyed every page.', '2021-07-13 19:00:00'),
(1331, 5, 'Very informative.', '2023-06-06 19:00:00'),
(1332, 1, 'Could be better.', '2021-10-17 19:00:00'),
(1333, 4, 'Not my taste.', '2023-08-26 19:00:00'),
(1334, 1, 'Very informative.', '2024-07-26 19:00:00'),
(1335, 4, 'Very informative.', '2023-11-03 19:00:00'),
(1336, 3, 'Enjoyed every page.', '2024-08-17 19:00:00'),
(1337, 2, 'Enjoyed every page.', '2023-06-20 19:00:00'),
(1338, 3, 'Excellent read!', '2021-04-06 19:00:00'),
(1339, 3, 'Could be better.', '2024-03-25 19:00:00'),
(1340, 2, 'Excellent read!', '2021-04-05 19:00:00'),
(1341, 1, 'Very informative.', '2023-05-09 19:00:00'),
(1342, 1, 'Very informative.', '2022-12-09 19:00:00'),
(1343, 2, 'Very informative.', '2021-06-02 19:00:00'),
(1344, 1, 'Excellent read!', '2023-01-15 19:00:00'),
(1345, 4, 'Could be better.', '2021-09-22 19:00:00'),
(1346, 4, 'Very informative.', '2024-09-07 19:00:00'),
(1347, 3, 'Could be better.', '2021-03-27 19:00:00'),
(1348, 1, 'Enjoyed every page.', '2020-12-23 19:00:00'),
(1349, 5, 'Not my taste.', '2021-09-24 19:00:00'),
(1350, 1, 'Very informative.', '2024-10-15 19:00:00'),
(1351, 2, 'Very informative.', '2021-05-20 19:00:00'),
(1352, 2, 'Excellent read!', '2022-01-02 19:00:00'),
(1353, 1, 'Could be better.', '2023-11-17 19:00:00'),
(1354, 4, 'Enjoyed every page.', '2020-12-30 19:00:00'),
(1355, 1, 'Could be better.', '2023-09-17 19:00:00'),
(1356, 5, 'Not my taste.', '2022-12-01 19:00:00'),
(1357, 5, 'Not my taste.', '2022-01-17 19:00:00'),
(1358, 5, 'Enjoyed every page.', '2021-09-07 19:00:00'),
(1359, 4, 'Could be better.', '2024-04-05 19:00:00'),
(1360, 2, 'Excellent read!', '2024-04-29 19:00:00'),
(1361, 4, 'Excellent read!', '2024-01-19 19:00:00'),
(1362, 5, 'Enjoyed every page.', '2023-12-14 19:00:00'),
(1363, 5, 'Could be better.', '2023-09-01 19:00:00'),
(1364, 5, 'Excellent read!', '2023-06-22 19:00:00'),
(1365, 2, 'Could be better.', '2023-09-05 19:00:00'),
(1366, 2, 'Excellent read!', '2021-05-17 19:00:00'),
(1367, 1, 'Not my taste.', '2023-07-05 19:00:00'),
(1368, 5, 'Could be better.', '2024-05-30 19:00:00'),
(1369, 5, 'Excellent read!', '2023-01-27 19:00:00'),
(1370, 2, 'Not my taste.', '2023-08-01 19:00:00'),
(1371, 2, 'Excellent read!', '2024-05-23 19:00:00'),
(1372, 1, 'Very informative.', '2023-07-21 19:00:00'),
(1373, 4, 'Excellent read!', '2022-06-07 19:00:00'),
(1374, 5, 'Excellent read!', '2023-05-13 19:00:00'),
(1375, 3, 'Excellent read!', '2024-04-22 19:00:00'),
(1376, 3, 'Enjoyed every page.', '2022-08-29 19:00:00'),
(1377, 3, 'Enjoyed every page.', '2021-04-29 19:00:00'),
(1378, 3, 'Enjoyed every page.', '2022-11-21 19:00:00'),
(1379, 1, 'Excellent read!', '2024-04-28 19:00:00'),
(1380, 3, 'Enjoyed every page.', '2024-10-14 19:00:00'),
(1381, 1, 'Not my taste.', '2022-12-31 19:00:00'),
(1382, 5, 'Could be better.', '2023-08-09 19:00:00'),
(1383, 2, 'Could be better.', '2024-03-10 19:00:00'),
(1384, 4, 'Not my taste.', '2022-09-12 19:00:00'),
(1385, 5, 'Very informative.', '2023-06-20 19:00:00'),
(1386, 1, 'Not my taste.', '2021-04-23 19:00:00'),
(1387, 3, 'Not my taste.', '2023-11-07 19:00:00'),
(1388, 3, 'Very informative.', '2021-07-06 19:00:00'),
(1389, 4, 'Could be better.', '2021-09-25 19:00:00'),
(1390, 2, 'Could be better.', '2022-09-12 19:00:00'),
(1391, 1, 'Excellent read!', '2021-09-29 19:00:00'),
(1392, 5, 'Enjoyed every page.', '2023-08-07 19:00:00'),
(1393, 2, 'Enjoyed every page.', '2021-08-21 19:00:00'),
(1394, 4, 'Very informative.', '2022-09-25 19:00:00'),
(1395, 4, 'Could be better.', '2023-03-11 19:00:00'),
(1396, 4, 'Could be better.', '2022-04-07 19:00:00'),
(1397, 3, 'Could be better.', '2023-10-12 19:00:00'),
(1398, 4, 'Enjoyed every page.', '2022-01-16 19:00:00'),
(1399, 2, 'Excellent read!', '2022-03-30 19:00:00'),
(1400, 1, 'Could be better.', '2021-01-15 19:00:00'),
(1401, 3, 'Could be better.', '2023-07-23 19:00:00'),
(1402, 5, 'Not my taste.', '2021-05-24 19:00:00'),
(1403, 3, 'Enjoyed every page.', '2024-04-11 19:00:00'),
(1404, 4, 'Enjoyed every page.', '2021-05-30 19:00:00'),
(1405, 1, 'Enjoyed every page.', '2022-03-23 19:00:00'),
(1406, 1, 'Excellent read!', '2024-08-17 19:00:00'),
(1407, 2, 'Very informative.', '2023-01-15 19:00:00'),
(1408, 3, 'Very informative.', '2023-01-09 19:00:00'),
(1409, 4, 'Very informative.', '2024-08-02 19:00:00'),
(1410, 4, 'Not my taste.', '2022-02-28 19:00:00'),
(1411, 4, 'Very informative.', '2021-11-08 19:00:00'),
(1412, 4, 'Very informative.', '2022-09-26 19:00:00'),
(1413, 4, 'Enjoyed every page.', '2021-07-26 19:00:00'),
(1414, 5, 'Enjoyed every page.', '2024-05-05 19:00:00'),
(1415, 3, 'Excellent read!', '2021-12-20 19:00:00'),
(1416, 3, 'Could be better.', '2020-12-19 19:00:00'),
(1417, 2, 'Not my taste.', '2024-11-20 19:00:00'),
(1418, 3, 'Not my taste.', '2021-12-18 19:00:00'),
(1419, 5, 'Enjoyed every page.', '2021-10-11 19:00:00'),
(1420, 4, 'Not my taste.', '2021-12-03 19:00:00'),
(1421, 5, 'Very informative.', '2022-08-20 19:00:00'),
(1422, 1, 'Enjoyed every page.', '2023-10-06 19:00:00'),
(1423, 2, 'Enjoyed every page.', '2022-10-14 19:00:00'),
(1424, 3, 'Very informative.', '2021-12-11 19:00:00'),
(1425, 5, 'Not my taste.', '2021-03-08 19:00:00'),
(1426, 1, 'Very informative.', '2022-11-07 19:00:00'),
(1427, 4, 'Could be better.', '2020-12-05 19:00:00'),
(1428, 2, 'Very informative.', '2022-01-04 19:00:00'),
(1429, 4, 'Could be better.', '2024-07-10 19:00:00'),
(1430, 1, 'Very informative.', '2024-09-05 19:00:00'),
(1431, 3, 'Excellent read!', '2021-01-28 19:00:00'),
(1432, 4, 'Excellent read!', '2024-05-25 19:00:00'),
(1433, 1, 'Not my taste.', '2023-08-30 19:00:00'),
(1434, 5, 'Could be better.', '2022-12-24 19:00:00'),
(1435, 1, 'Very informative.', '2024-04-26 19:00:00'),
(1436, 4, 'Could be better.', '2021-12-20 19:00:00'),
(1437, 3, 'Excellent read!', '2021-09-17 19:00:00'),
(1438, 5, 'Excellent read!', '2024-07-08 19:00:00'),
(1439, 5, 'Enjoyed every page.', '2024-03-03 19:00:00'),
(1440, 1, 'Enjoyed every page.', '2024-08-18 19:00:00'),
(1441, 3, 'Not my taste.', '2022-08-14 19:00:00'),
(1442, 5, 'Not my taste.', '2021-04-01 19:00:00'),
(1443, 4, 'Not my taste.', '2022-01-06 19:00:00'),
(1444, 4, 'Excellent read!', '2024-05-25 19:00:00'),
(1445, 4, 'Enjoyed every page.', '2022-04-21 19:00:00'),
(1446, 1, 'Not my taste.', '2022-03-24 19:00:00'),
(1447, 5, 'Very informative.', '2024-11-12 19:00:00'),
(1448, 1, 'Very informative.', '2022-01-03 19:00:00'),
(1449, 3, 'Excellent read!', '2021-11-24 19:00:00'),
(1450, 4, 'Very informative.', '2022-06-22 19:00:00'),
(1451, 5, 'Excellent read!', '2023-06-18 19:00:00'),
(1452, 4, 'Excellent read!', '2023-01-31 19:00:00'),
(1453, 1, 'Not my taste.', '2022-01-12 19:00:00'),
(1454, 4, 'Excellent read!', '2024-02-16 19:00:00'),
(1455, 5, 'Not my taste.', '2024-03-01 19:00:00'),
(1456, 5, 'Very informative.', '2022-08-24 19:00:00'),
(1457, 5, 'Excellent read!', '2024-01-27 19:00:00'),
(1458, 1, 'Could be better.', '2023-02-14 19:00:00'),
(1459, 4, 'Very informative.', '2024-09-12 19:00:00'),
(1460, 3, 'Could be better.', '2024-06-26 19:00:00'),
(1461, 5, 'Excellent read!', '2020-12-17 19:00:00'),
(1462, 3, 'Enjoyed every page.', '2024-07-21 19:00:00'),
(1463, 2, 'Not my taste.', '2023-04-12 19:00:00'),
(1464, 4, 'Not my taste.', '2024-01-26 19:00:00'),
(1465, 4, 'Could be better.', '2022-01-18 19:00:00'),
(1466, 1, 'Not my taste.', '2022-09-29 19:00:00'),
(1467, 5, 'Excellent read!', '2021-01-11 19:00:00'),
(1468, 2, 'Enjoyed every page.', '2021-02-24 19:00:00'),
(1469, 2, 'Enjoyed every page.', '2021-01-01 19:00:00'),
(1470, 3, 'Enjoyed every page.', '2021-12-06 19:00:00'),
(1471, 4, 'Could be better.', '2024-02-20 19:00:00'),
(1472, 3, 'Not my taste.', '2023-10-30 19:00:00'),
(1473, 3, 'Could be better.', '2023-06-01 19:00:00'),
(1474, 1, 'Not my taste.', '2022-09-18 19:00:00'),
(1475, 2, 'Enjoyed every page.', '2021-10-28 19:00:00'),
(1476, 4, 'Excellent read!', '2021-05-13 19:00:00'),
(1477, 5, 'Could be better.', '2024-09-02 19:00:00'),
(1478, 4, 'Enjoyed every page.', '2021-11-14 19:00:00'),
(1479, 5, 'Enjoyed every page.', '2024-04-21 19:00:00'),
(1480, 5, 'Excellent read!', '2022-10-28 19:00:00'),
(1481, 3, 'Not my taste.', '2022-07-01 19:00:00'),
(1482, 3, 'Excellent read!', '2024-05-19 19:00:00'),
(1483, 1, 'Excellent read!', '2024-01-12 19:00:00'),
(1484, 4, 'Very informative.', '2020-12-19 19:00:00'),
(1485, 1, 'Enjoyed every page.', '2021-04-07 19:00:00'),
(1486, 3, 'Very informative.', '2023-11-15 19:00:00'),
(1487, 4, 'Enjoyed every page.', '2024-08-06 19:00:00'),
(1488, 3, 'Very informative.', '2024-03-02 19:00:00'),
(1489, 5, 'Not my taste.', '2022-03-17 19:00:00'),
(1490, 4, 'Not my taste.', '2024-10-05 19:00:00'),
(1491, 3, 'Enjoyed every page.', '2022-06-06 19:00:00'),
(1492, 1, 'Enjoyed every page.', '2022-07-23 19:00:00'),
(1493, 3, 'Not my taste.', '2023-10-02 19:00:00'),
(1494, 3, 'Could be better.', '2024-01-03 19:00:00'),
(1495, 3, 'Not my taste.', '2024-01-05 19:00:00'),
(1496, 2, 'Could be better.', '2021-09-06 19:00:00'),
(1497, 3, 'Very informative.', '2022-11-16 19:00:00'),
(1498, 5, 'Not my taste.', '2021-06-28 19:00:00'),
(1499, 3, 'Very informative.', '2022-05-11 19:00:00'),
(1500, 2, 'Excellent read!', '2021-04-07 19:00:00'),
(1501, 3, 'Not my taste.', '2022-03-29 19:00:00'),
(1502, 5, 'Excellent read!', '2021-11-24 19:00:00'),
(1503, 4, 'Excellent read!', '2024-02-18 19:00:00'),
(1504, 5, 'Enjoyed every page.', '2024-04-17 19:00:00'),
(1505, 3, 'Excellent read!', '2024-11-24 19:00:00'),
(1506, 4, 'Could be better.', '2020-12-18 19:00:00'),
(1507, 4, 'Could be better.', '2021-07-21 19:00:00'),
(1508, 3, 'Could be better.', '2022-11-26 19:00:00'),
(1509, 5, 'Enjoyed every page.', '2023-04-17 19:00:00'),
(1510, 4, 'Not my taste.', '2021-09-09 19:00:00'),
(1511, 2, 'Enjoyed every page.', '2023-03-16 19:00:00'),
(1512, 2, 'Very informative.', '2023-07-20 19:00:00'),
(1513, 5, 'Enjoyed every page.', '2022-03-03 19:00:00'),
(1514, 2, 'Could be better.', '2022-06-30 19:00:00'),
(1515, 3, 'Enjoyed every page.', '2021-10-11 19:00:00'),
(1516, 5, 'Could be better.', '2023-10-06 19:00:00'),
(1517, 1, 'Not my taste.', '2021-11-09 19:00:00'),
(1518, 2, 'Very informative.', '2023-08-24 19:00:00'),
(1519, 5, 'Very informative.', '2022-06-07 19:00:00'),
(1520, 3, 'Very informative.', '2020-11-30 19:00:00'),
(1521, 2, 'Excellent read!', '2024-03-29 19:00:00'),
(1522, 2, 'Excellent read!', '2023-08-06 19:00:00'),
(1523, 3, 'Could be better.', '2021-12-12 19:00:00'),
(1524, 2, 'Enjoyed every page.', '2023-06-06 19:00:00'),
(1525, 4, 'Could be better.', '2022-07-14 19:00:00'),
(1526, 2, 'Enjoyed every page.', '2023-01-02 19:00:00'),
(1527, 2, 'Could be better.', '2024-10-08 19:00:00'),
(1528, 5, 'Very informative.', '2021-07-08 19:00:00'),
(1529, 2, 'Excellent read!', '2021-05-19 19:00:00'),
(1530, 5, 'Enjoyed every page.', '2022-03-11 19:00:00'),
(1531, 3, 'Excellent read!', '2022-10-07 19:00:00'),
(1532, 1, 'Excellent read!', '2022-12-14 19:00:00'),
(1533, 5, 'Not my taste.', '2022-06-05 19:00:00'),
(1534, 3, 'Excellent read!', '2023-02-24 19:00:00'),
(1535, 1, 'Excellent read!', '2023-05-17 19:00:00'),
(1536, 3, 'Could be better.', '2021-09-08 19:00:00'),
(1537, 3, 'Could be better.', '2024-09-04 19:00:00'),
(1538, 3, 'Enjoyed every page.', '2021-08-01 19:00:00'),
(1539, 1, 'Enjoyed every page.', '2021-02-02 19:00:00'),
(1540, 5, 'Not my taste.', '2021-05-02 19:00:00'),
(1541, 3, 'Very informative.', '2022-01-25 19:00:00'),
(1542, 4, 'Excellent read!', '2022-04-22 19:00:00'),
(1543, 5, 'Could be better.', '2021-05-22 19:00:00'),
(1544, 5, 'Enjoyed every page.', '2021-09-19 19:00:00'),
(1545, 5, 'Very informative.', '2024-07-30 19:00:00'),
(1546, 2, 'Not my taste.', '2024-10-27 19:00:00'),
(1547, 2, 'Very informative.', '2023-02-04 19:00:00'),
(1548, 3, 'Very informative.', '2022-03-21 19:00:00'),
(1549, 4, 'Excellent read!', '2022-08-31 19:00:00'),
(1550, 3, 'Excellent read!', '2022-02-22 19:00:00'),
(1551, 2, 'Excellent read!', '2024-05-18 19:00:00'),
(1552, 1, 'Very informative.', '2021-04-29 19:00:00'),
(1553, 4, 'Not my taste.', '2024-07-07 19:00:00'),
(1554, 5, 'Could be better.', '2022-06-29 19:00:00'),
(1555, 3, 'Not my taste.', '2022-02-27 19:00:00'),
(1556, 5, 'Very informative.', '2022-03-08 19:00:00'),
(1557, 4, 'Excellent read!', '2021-03-10 19:00:00'),
(1558, 1, 'Not my taste.', '2020-12-02 19:00:00'),
(1559, 2, 'Enjoyed every page.', '2022-05-23 19:00:00'),
(1560, 5, 'Not my taste.', '2023-04-11 19:00:00'),
(1561, 3, 'Very informative.', '2022-03-27 19:00:00'),
(1562, 4, 'Very informative.', '2023-04-03 19:00:00'),
(1563, 2, 'Not my taste.', '2024-09-20 19:00:00'),
(1564, 2, 'Enjoyed every page.', '2022-10-24 19:00:00'),
(1565, 3, 'Could be better.', '2022-04-03 19:00:00'),
(1566, 3, 'Enjoyed every page.', '2021-04-10 19:00:00'),
(1567, 3, 'Could be better.', '2021-11-09 19:00:00'),
(1568, 3, 'Enjoyed every page.', '2023-01-05 19:00:00'),
(1569, 3, 'Enjoyed every page.', '2023-09-19 19:00:00'),
(1570, 2, 'Not my taste.', '2024-11-12 19:00:00'),
(1571, 4, 'Excellent read!', '2021-11-21 19:00:00'),
(1572, 2, 'Enjoyed every page.', '2024-08-02 19:00:00'),
(1573, 3, 'Excellent read!', '2024-11-01 19:00:00'),
(1574, 5, 'Excellent read!', '2023-11-24 19:00:00'),
(1575, 4, 'Very informative.', '2022-02-09 19:00:00'),
(1576, 5, 'Excellent read!', '2024-03-11 19:00:00'),
(1577, 3, 'Enjoyed every page.', '2023-04-20 19:00:00'),
(1578, 4, 'Could be better.', '2023-08-24 19:00:00'),
(1579, 1, 'Very informative.', '2023-04-04 19:00:00'),
(1580, 1, 'Very informative.', '2023-01-05 19:00:00'),
(1581, 2, 'Not my taste.', '2021-11-24 19:00:00'),
(1582, 1, 'Not my taste.', '2023-04-24 19:00:00'),
(1583, 2, 'Very informative.', '2022-06-27 19:00:00'),
(1584, 1, 'Not my taste.', '2022-04-12 19:00:00'),
(1585, 5, 'Very informative.', '2023-12-28 19:00:00'),
(1586, 1, 'Could be better.', '2022-07-07 19:00:00'),
(1587, 2, 'Not my taste.', '2022-03-10 19:00:00'),
(1588, 3, 'Enjoyed every page.', '2024-01-31 19:00:00'),
(1589, 4, 'Not my taste.', '2024-05-08 19:00:00'),
(1590, 1, 'Could be better.', '2022-09-26 19:00:00'),
(1591, 3, 'Not my taste.', '2022-04-24 19:00:00'),
(1592, 4, 'Not my taste.', '2023-10-27 19:00:00'),
(1593, 4, 'Very informative.', '2024-02-20 19:00:00'),
(1594, 2, 'Very informative.', '2024-11-03 19:00:00'),
(1595, 3, 'Excellent read!', '2024-05-15 19:00:00'),
(1596, 3, 'Enjoyed every page.', '2023-10-19 19:00:00'),
(1597, 2, 'Could be better.', '2022-10-02 19:00:00'),
(1598, 2, 'Not my taste.', '2022-06-16 19:00:00'),
(1599, 2, 'Not my taste.', '2023-01-30 19:00:00'),
(1600, 3, 'Could be better.', '2021-01-06 19:00:00'),
(1601, 2, 'Very informative.', '2022-10-05 19:00:00'),
(1602, 5, 'Excellent read!', '2022-05-14 19:00:00'),
(1603, 5, 'Enjoyed every page.', '2023-08-26 19:00:00'),
(1604, 4, 'Not my taste.', '2020-12-11 19:00:00'),
(1605, 2, 'Not my taste.', '2021-11-13 19:00:00'),
(1606, 5, 'Not my taste.', '2024-09-29 19:00:00'),
(1607, 3, 'Very informative.', '2022-01-20 19:00:00'),
(1608, 5, 'Very informative.', '2021-01-02 19:00:00'),
(1609, 5, 'Could be better.', '2021-09-05 19:00:00'),
(1610, 3, 'Very informative.', '2023-12-05 19:00:00'),
(1611, 1, 'Enjoyed every page.', '2021-09-08 19:00:00'),
(1612, 2, 'Enjoyed every page.', '2021-09-23 19:00:00'),
(1613, 5, 'Excellent read!', '2021-08-02 19:00:00'),
(1614, 5, 'Enjoyed every page.', '2021-01-04 19:00:00'),
(1615, 4, 'Not my taste.', '2022-09-18 19:00:00'),
(1616, 5, 'Very informative.', '2022-09-15 19:00:00'),
(1617, 3, 'Excellent read!', '2024-01-22 19:00:00'),
(1618, 3, 'Not my taste.', '2024-06-10 19:00:00'),
(1619, 4, 'Could be better.', '2022-08-15 19:00:00'),
(1620, 1, 'Enjoyed every page.', '2022-08-17 19:00:00'),
(1621, 3, 'Not my taste.', '2024-03-26 19:00:00'),
(1622, 5, 'Could be better.', '2024-08-12 19:00:00'),
(1623, 1, 'Could be better.', '2023-10-09 19:00:00'),
(1624, 4, 'Excellent read!', '2021-11-24 19:00:00'),
(1625, 4, 'Very informative.', '2022-11-17 19:00:00'),
(1626, 3, 'Excellent read!', '2023-09-30 19:00:00'),
(1627, 5, 'Enjoyed every page.', '2022-10-19 19:00:00'),
(1628, 4, 'Not my taste.', '2023-08-21 19:00:00'),
(1629, 5, 'Enjoyed every page.', '2024-05-03 19:00:00'),
(1630, 2, 'Excellent read!', '2021-09-06 19:00:00'),
(1631, 3, 'Could be better.', '2022-03-12 19:00:00'),
(1632, 5, 'Enjoyed every page.', '2022-10-19 19:00:00'),
(1633, 4, 'Could be better.', '2021-07-05 19:00:00'),
(1634, 4, 'Could be better.', '2021-11-10 19:00:00'),
(1635, 2, 'Not my taste.', '2024-10-07 19:00:00'),
(1636, 2, 'Could be better.', '2024-03-09 19:00:00'),
(1637, 4, 'Enjoyed every page.', '2023-01-06 19:00:00'),
(1638, 2, 'Excellent read!', '2020-12-15 19:00:00'),
(1639, 2, 'Not my taste.', '2023-12-12 19:00:00'),
(1640, 3, 'Very informative.', '2022-10-18 19:00:00'),
(1641, 5, 'Enjoyed every page.', '2021-12-03 19:00:00'),
(1642, 4, 'Could be better.', '2023-01-31 19:00:00'),
(1643, 4, 'Not my taste.', '2023-08-05 19:00:00'),
(1644, 1, 'Could be better.', '2020-12-22 19:00:00'),
(1645, 3, 'Not my taste.', '2021-09-14 19:00:00'),
(1646, 2, 'Excellent read!', '2022-11-20 19:00:00'),
(1647, 2, 'Not my taste.', '2021-09-14 19:00:00'),
(1648, 2, 'Enjoyed every page.', '2023-01-22 19:00:00'),
(1649, 3, 'Not my taste.', '2023-07-24 19:00:00'),
(1650, 5, 'Excellent read!', '2023-02-16 19:00:00'),
(1651, 4, 'Not my taste.', '2022-11-28 19:00:00'),
(1652, 5, 'Enjoyed every page.', '2021-01-21 19:00:00'),
(1653, 4, 'Enjoyed every page.', '2022-11-27 19:00:00'),
(1654, 2, 'Not my taste.', '2024-09-23 19:00:00'),
(1655, 2, 'Excellent read!', '2024-09-23 19:00:00'),
(1656, 4, 'Could be better.', '2023-07-24 19:00:00'),
(1657, 1, 'Not my taste.', '2021-12-05 19:00:00'),
(1658, 1, 'Could be better.', '2022-12-20 19:00:00'),
(1659, 4, 'Enjoyed every page.', '2022-03-07 19:00:00'),
(1660, 2, 'Very informative.', '2023-01-26 19:00:00'),
(1661, 3, 'Very informative.', '2023-09-13 19:00:00'),
(1662, 2, 'Enjoyed every page.', '2021-11-14 19:00:00'),
(1663, 3, 'Could be better.', '2022-07-24 19:00:00'),
(1664, 4, 'Very informative.', '2023-02-22 19:00:00'),
(1665, 3, 'Not my taste.', '2023-02-27 19:00:00'),
(1666, 2, 'Excellent read!', '2024-07-24 19:00:00'),
(1667, 5, 'Not my taste.', '2024-08-11 19:00:00'),
(1668, 4, 'Not my taste.', '2022-09-30 19:00:00'),
(1669, 1, 'Enjoyed every page.', '2023-12-20 19:00:00'),
(1670, 1, 'Not my taste.', '2024-03-24 19:00:00'),
(1671, 1, 'Excellent read!', '2024-01-15 19:00:00'),
(1672, 4, 'Not my taste.', '2021-11-10 19:00:00'),
(1673, 5, 'Not my taste.', '2024-07-05 19:00:00'),
(1674, 4, 'Very informative.', '2023-07-25 19:00:00'),
(1675, 4, 'Not my taste.', '2024-02-24 19:00:00'),
(1676, 2, 'Could be better.', '2024-08-24 19:00:00'),
(1677, 4, 'Very informative.', '2024-07-17 19:00:00'),
(1678, 4, 'Could be better.', '2022-11-05 19:00:00'),
(1679, 5, 'Not my taste.', '2021-09-08 19:00:00'),
(1680, 2, 'Very informative.', '2022-11-16 19:00:00'),
(1681, 4, 'Could be better.', '2021-06-14 19:00:00'),
(1682, 4, 'Not my taste.', '2023-04-20 19:00:00'),
(1683, 2, 'Very informative.', '2021-09-21 19:00:00'),
(1684, 5, 'Very informative.', '2021-05-31 19:00:00'),
(1685, 2, 'Excellent read!', '2023-05-14 19:00:00'),
(1686, 4, 'Very informative.', '2023-11-25 19:00:00'),
(1687, 3, 'Enjoyed every page.', '2021-12-06 19:00:00'),
(1688, 5, 'Not my taste.', '2021-11-17 19:00:00'),
(1689, 2, 'Excellent read!', '2022-12-26 19:00:00'),
(1690, 2, 'Enjoyed every page.', '2021-01-18 19:00:00'),
(1691, 4, 'Very informative.', '2023-12-14 19:00:00'),
(1692, 3, 'Not my taste.', '2024-08-23 19:00:00'),
(1693, 3, 'Could be better.', '2021-11-18 19:00:00'),
(1694, 2, 'Could be better.', '2021-12-01 19:00:00'),
(1695, 1, 'Not my taste.', '2023-06-04 19:00:00'),
(1696, 1, 'Not my taste.', '2022-11-04 19:00:00'),
(1697, 1, 'Excellent read!', '2023-10-15 19:00:00'),
(1698, 5, 'Excellent read!', '2023-02-20 19:00:00'),
(1699, 5, 'Could be better.', '2021-07-22 19:00:00'),
(1700, 3, 'Excellent read!', '2024-07-17 19:00:00'),
(1701, 1, 'Not my taste.', '2022-06-14 19:00:00'),
(1702, 2, 'Very informative.', '2022-03-05 19:00:00'),
(1703, 4, 'Not my taste.', '2024-09-08 19:00:00'),
(1704, 2, 'Could be better.', '2021-03-28 19:00:00'),
(1705, 5, 'Very informative.', '2021-02-11 19:00:00'),
(1706, 5, 'Enjoyed every page.', '2024-06-19 19:00:00'),
(1707, 2, 'Enjoyed every page.', '2024-04-06 19:00:00'),
(1708, 3, 'Excellent read!', '2021-06-10 19:00:00'),
(1709, 1, 'Not my taste.', '2024-11-15 19:00:00'),
(1710, 3, 'Very informative.', '2023-12-29 19:00:00'),
(1711, 1, 'Excellent read!', '2024-09-05 19:00:00'),
(1712, 5, 'Enjoyed every page.', '2023-07-03 19:00:00'),
(1713, 5, 'Not my taste.', '2022-09-01 19:00:00'),
(1714, 5, 'Very informative.', '2023-07-23 19:00:00'),
(1715, 4, 'Excellent read!', '2021-07-03 19:00:00'),
(1716, 5, 'Could be better.', '2021-01-06 19:00:00'),
(1717, 3, 'Very informative.', '2021-06-27 19:00:00'),
(1718, 3, 'Very informative.', '2024-03-28 19:00:00'),
(1719, 4, 'Not my taste.', '2023-10-31 19:00:00'),
(1720, 4, 'Excellent read!', '2024-10-30 19:00:00'),
(1721, 5, 'Very informative.', '2023-12-19 19:00:00'),
(1722, 1, 'Could be better.', '2023-09-05 19:00:00'),
(1723, 1, 'Could be better.', '2023-12-12 19:00:00'),
(1724, 4, 'Not my taste.', '2021-04-10 19:00:00'),
(1725, 1, 'Not my taste.', '2024-03-04 19:00:00'),
(1726, 1, 'Very informative.', '2024-05-19 19:00:00'),
(1727, 4, 'Not my taste.', '2022-09-24 19:00:00'),
(1728, 1, 'Could be better.', '2020-12-25 19:00:00'),
(1729, 4, 'Could be better.', '2021-10-12 19:00:00'),
(1730, 1, 'Could be better.', '2024-07-19 19:00:00'),
(1731, 5, 'Excellent read!', '2024-11-15 19:00:00'),
(1732, 4, 'Very informative.', '2023-11-26 19:00:00'),
(1733, 3, 'Not my taste.', '2021-07-26 19:00:00'),
(1734, 3, 'Excellent read!', '2024-08-19 19:00:00'),
(1735, 5, 'Could be better.', '2021-05-03 19:00:00'),
(1736, 5, 'Could be better.', '2022-06-23 19:00:00'),
(1737, 5, 'Excellent read!', '2022-10-24 19:00:00'),
(1738, 1, 'Enjoyed every page.', '2023-01-06 19:00:00'),
(1739, 1, 'Could be better.', '2022-03-15 19:00:00'),
(1740, 1, 'Very informative.', '2023-06-28 19:00:00'),
(1741, 5, 'Excellent read!', '2024-08-22 19:00:00'),
(1742, 5, 'Enjoyed every page.', '2021-12-25 19:00:00'),
(1743, 3, 'Excellent read!', '2022-02-03 19:00:00'),
(1744, 3, 'Could be better.', '2022-08-26 19:00:00'),
(1745, 3, 'Excellent read!', '2024-05-07 19:00:00'),
(1746, 1, 'Could be better.', '2021-04-27 19:00:00'),
(1747, 1, 'Could be better.', '2020-11-28 19:00:00'),
(1748, 4, 'Not my taste.', '2021-10-17 19:00:00'),
(1749, 3, 'Not my taste.', '2023-11-02 19:00:00'),
(1750, 3, 'Excellent read!', '2023-05-16 19:00:00'),
(1751, 5, 'Very informative.', '2022-11-09 19:00:00'),
(1752, 5, 'Not my taste.', '2022-04-29 19:00:00'),
(1753, 4, 'Very informative.', '2021-09-21 19:00:00'),
(1754, 5, 'Very informative.', '2023-09-27 19:00:00'),
(1755, 5, 'Very informative.', '2021-06-23 19:00:00'),
(1756, 3, 'Not my taste.', '2021-10-27 19:00:00'),
(1757, 2, 'Very informative.', '2022-08-14 19:00:00'),
(1758, 5, 'Not my taste.', '2021-01-28 19:00:00'),
(1759, 5, 'Enjoyed every page.', '2024-03-21 19:00:00'),
(1760, 3, 'Not my taste.', '2021-07-09 19:00:00'),
(1761, 4, 'Not my taste.', '2024-06-23 19:00:00'),
(1762, 1, 'Not my taste.', '2022-01-04 19:00:00'),
(1763, 4, 'Very informative.', '2024-10-08 19:00:00'),
(1764, 3, 'Could be better.', '2024-03-23 19:00:00'),
(1765, 1, 'Could be better.', '2022-01-06 19:00:00'),
(1766, 2, 'Not my taste.', '2024-01-16 19:00:00'),
(1767, 1, 'Excellent read!', '2021-10-22 19:00:00'),
(1768, 4, 'Could be better.', '2024-03-29 19:00:00'),
(1769, 2, 'Very informative.', '2023-05-21 19:00:00'),
(1770, 1, 'Excellent read!', '2021-02-16 19:00:00'),
(1771, 4, 'Enjoyed every page.', '2023-08-20 19:00:00'),
(1772, 3, 'Enjoyed every page.', '2021-02-13 19:00:00'),
(1773, 4, 'Excellent read!', '2024-03-28 19:00:00'),
(1774, 2, 'Enjoyed every page.', '2021-11-19 19:00:00'),
(1775, 4, 'Very informative.', '2021-02-12 19:00:00'),
(1776, 1, 'Enjoyed every page.', '2023-03-19 19:00:00'),
(1777, 5, 'Not my taste.', '2023-09-30 19:00:00'),
(1778, 3, 'Not my taste.', '2021-09-23 19:00:00'),
(1779, 2, 'Excellent read!', '2021-11-30 19:00:00'),
(1780, 2, 'Could be better.', '2023-03-14 19:00:00'),
(1781, 4, 'Not my taste.', '2021-02-07 19:00:00'),
(1782, 5, 'Excellent read!', '2022-09-03 19:00:00'),
(1783, 1, 'Very informative.', '2024-11-04 19:00:00'),
(1784, 1, 'Could be better.', '2024-05-29 19:00:00'),
(1785, 1, 'Could be better.', '2022-09-25 19:00:00'),
(1786, 3, 'Not my taste.', '2024-06-09 19:00:00'),
(1787, 4, 'Enjoyed every page.', '2022-04-07 19:00:00'),
(1788, 3, 'Could be better.', '2022-02-16 19:00:00'),
(1789, 1, 'Not my taste.', '2021-11-24 19:00:00'),
(1790, 1, 'Could be better.', '2023-03-24 19:00:00'),
(1791, 2, 'Could be better.', '2023-08-03 19:00:00'),
(1792, 2, 'Excellent read!', '2024-11-03 19:00:00'),
(1793, 4, 'Very informative.', '2023-06-07 19:00:00'),
(1794, 1, 'Excellent read!', '2024-07-08 19:00:00'),
(1795, 2, 'Could be better.', '2021-10-12 19:00:00'),
(1796, 1, 'Could be better.', '2021-04-13 19:00:00'),
(1797, 1, 'Enjoyed every page.', '2023-02-17 19:00:00'),
(1798, 5, 'Enjoyed every page.', '2024-08-28 19:00:00'),
(1799, 3, 'Very informative.', '2021-02-11 19:00:00'),
(1800, 5, 'Could be better.', '2024-01-24 19:00:00'),
(1801, 2, 'Excellent read!', '2023-12-11 19:00:00'),
(1802, 1, 'Could be better.', '2022-07-26 19:00:00'),
(1803, 2, 'Enjoyed every page.', '2023-07-26 19:00:00'),
(1804, 4, 'Not my taste.', '2024-11-22 19:00:00'),
(1805, 3, 'Excellent read!', '2024-01-04 19:00:00'),
(1806, 5, 'Could be better.', '2021-06-07 19:00:00'),
(1807, 5, 'Excellent read!', '2023-03-15 19:00:00'),
(1808, 1, 'Enjoyed every page.', '2022-05-03 19:00:00'),
(1809, 1, 'Very informative.', '2021-03-01 19:00:00'),
(1810, 1, 'Could be better.', '2022-10-17 19:00:00'),
(1811, 5, 'Very informative.', '2020-12-30 19:00:00'),
(1812, 4, 'Enjoyed every page.', '2021-01-22 19:00:00'),
(1813, 5, 'Not my taste.', '2022-08-13 19:00:00'),
(1814, 2, 'Very informative.', '2021-05-26 19:00:00'),
(1815, 3, 'Not my taste.', '2022-03-09 19:00:00'),
(1816, 5, 'Could be better.', '2021-10-28 19:00:00'),
(1817, 2, 'Could be better.', '2023-10-13 19:00:00'),
(1818, 5, 'Excellent read!', '2022-03-10 19:00:00'),
(1819, 5, 'Not my taste.', '2021-10-13 19:00:00'),
(1820, 1, 'Not my taste.', '2024-04-13 19:00:00'),
(1821, 2, 'Could be better.', '2023-07-04 19:00:00'),
(1822, 5, 'Enjoyed every page.', '2021-07-02 19:00:00'),
(1823, 1, 'Could be better.', '2022-03-04 19:00:00'),
(1824, 4, 'Not my taste.', '2022-02-21 19:00:00'),
(1825, 1, 'Very informative.', '2021-06-29 19:00:00'),
(1826, 4, 'Enjoyed every page.', '2022-06-02 19:00:00'),
(1827, 5, 'Not my taste.', '2021-11-13 19:00:00'),
(1828, 1, 'Not my taste.', '2021-01-06 19:00:00'),
(1829, 3, 'Very informative.', '2023-08-11 19:00:00'),
(1830, 4, 'Excellent read!', '2022-04-21 19:00:00'),
(1831, 5, 'Not my taste.', '2023-08-30 19:00:00'),
(1832, 1, 'Very informative.', '2023-07-15 19:00:00'),
(1833, 5, 'Excellent read!', '2024-10-02 19:00:00'),
(1834, 5, 'Very informative.', '2021-09-29 19:00:00'),
(1835, 1, 'Excellent read!', '2024-01-20 19:00:00'),
(1836, 4, 'Very informative.', '2021-11-27 19:00:00'),
(1837, 1, 'Very informative.', '2023-10-18 19:00:00'),
(1838, 3, 'Very informative.', '2021-03-12 19:00:00'),
(1839, 5, 'Not my taste.', '2021-09-13 19:00:00'),
(1840, 2, 'Enjoyed every page.', '2024-09-05 19:00:00'),
(1841, 1, 'Not my taste.', '2021-06-26 19:00:00'),
(1842, 2, 'Not my taste.', '2021-01-24 19:00:00'),
(1843, 5, 'Could be better.', '2021-11-10 19:00:00'),
(1844, 2, 'Enjoyed every page.', '2024-11-04 19:00:00'),
(1845, 1, 'Not my taste.', '2022-04-16 19:00:00'),
(1846, 4, 'Not my taste.', '2021-02-20 19:00:00'),
(1847, 1, 'Excellent read!', '2022-02-06 19:00:00'),
(1848, 2, 'Enjoyed every page.', '2022-01-11 19:00:00'),
(1849, 2, 'Very informative.', '2022-05-30 19:00:00'),
(1850, 2, 'Very informative.', '2022-10-13 19:00:00'),
(1851, 5, 'Excellent read!', '2022-06-27 19:00:00'),
(1852, 4, 'Excellent read!', '2024-09-01 19:00:00'),
(1853, 1, 'Excellent read!', '2023-05-21 19:00:00'),
(1854, 3, 'Enjoyed every page.', '2021-08-08 19:00:00'),
(1855, 1, 'Could be better.', '2021-07-19 19:00:00'),
(1856, 3, 'Not my taste.', '2021-04-16 19:00:00'),
(1857, 5, 'Not my taste.', '2022-02-28 19:00:00'),
(1858, 4, 'Enjoyed every page.', '2022-11-17 19:00:00'),
(1859, 2, 'Enjoyed every page.', '2024-09-19 19:00:00'),
(1860, 5, 'Could be better.', '2024-08-22 19:00:00'),
(1861, 3, 'Enjoyed every page.', '2024-10-27 19:00:00'),
(1862, 5, 'Excellent read!', '2021-06-15 19:00:00'),
(1863, 1, 'Not my taste.', '2022-10-17 19:00:00'),
(1864, 4, 'Excellent read!', '2021-01-17 19:00:00'),
(1865, 4, 'Not my taste.', '2020-12-13 19:00:00'),
(1866, 3, 'Excellent read!', '2024-07-18 19:00:00'),
(1867, 2, 'Excellent read!', '2022-12-27 19:00:00'),
(1868, 2, 'Enjoyed every page.', '2021-01-24 19:00:00'),
(1869, 4, 'Excellent read!', '2021-05-30 19:00:00'),
(1870, 5, 'Excellent read!', '2024-11-18 19:00:00'),
(1871, 3, 'Could be better.', '2021-06-29 19:00:00'),
(1872, 5, 'Enjoyed every page.', '2024-04-02 19:00:00'),
(1873, 3, 'Very informative.', '2020-12-09 19:00:00'),
(1874, 5, 'Enjoyed every page.', '2020-12-16 19:00:00'),
(1875, 4, 'Very informative.', '2024-02-22 19:00:00'),
(1876, 2, 'Not my taste.', '2022-07-28 19:00:00'),
(1877, 2, 'Could be better.', '2022-08-17 19:00:00'),
(1878, 3, 'Enjoyed every page.', '2021-07-22 19:00:00'),
(1879, 2, 'Enjoyed every page.', '2022-03-18 19:00:00'),
(1880, 2, 'Enjoyed every page.', '2023-09-21 19:00:00'),
(1881, 3, 'Enjoyed every page.', '2022-11-09 19:00:00'),
(1882, 4, 'Very informative.', '2020-12-06 19:00:00'),
(1883, 2, 'Excellent read!', '2022-01-25 19:00:00'),
(1884, 2, 'Enjoyed every page.', '2021-01-10 19:00:00'),
(1885, 1, 'Very informative.', '2023-03-02 19:00:00'),
(1886, 2, 'Not my taste.', '2022-05-23 19:00:00'),
(1887, 3, 'Not my taste.', '2022-07-29 19:00:00'),
(1888, 2, 'Excellent read!', '2022-03-28 19:00:00'),
(1889, 5, 'Very informative.', '2022-04-23 19:00:00'),
(1890, 3, 'Enjoyed every page.', '2021-01-30 19:00:00'),
(1891, 4, 'Very informative.', '2020-12-19 19:00:00'),
(1892, 4, 'Not my taste.', '2020-12-04 19:00:00'),
(1893, 3, 'Excellent read!', '2024-09-02 19:00:00'),
(1894, 1, 'Could be better.', '2021-10-10 19:00:00'),
(1895, 4, 'Enjoyed every page.', '2024-08-15 19:00:00'),
(1896, 5, 'Enjoyed every page.', '2022-09-29 19:00:00'),
(1897, 4, 'Could be better.', '2023-08-20 19:00:00'),
(1898, 2, 'Could be better.', '2021-05-30 19:00:00'),
(1899, 4, 'Not my taste.', '2023-07-05 19:00:00'),
(1900, 1, 'Very informative.', '2023-07-20 19:00:00'),
(1901, 4, 'Not my taste.', '2021-12-19 19:00:00'),
(1902, 2, 'Excellent read!', '2022-04-17 19:00:00'),
(1903, 1, 'Excellent read!', '2023-01-03 19:00:00'),
(1904, 1, 'Not my taste.', '2023-07-22 19:00:00'),
(1905, 5, 'Not my taste.', '2024-02-03 19:00:00'),
(1906, 3, 'Excellent read!', '2024-02-01 19:00:00'),
(1907, 3, 'Not my taste.', '2021-05-21 19:00:00'),
(1908, 4, 'Very informative.', '2021-04-13 19:00:00'),
(1909, 4, 'Very informative.', '2021-10-28 19:00:00'),
(1910, 1, 'Could be better.', '2024-02-01 19:00:00'),
(1911, 2, 'Very informative.', '2022-07-01 19:00:00'),
(1912, 5, 'Not my taste.', '2022-04-28 19:00:00'),
(1913, 3, 'Not my taste.', '2023-03-19 19:00:00'),
(1914, 4, 'Excellent read!', '2023-03-04 19:00:00'),
(1915, 5, 'Excellent read!', '2023-10-09 19:00:00'),
(1916, 5, 'Very informative.', '2021-01-02 19:00:00'),
(1917, 1, 'Excellent read!', '2023-05-29 19:00:00'),
(1918, 4, 'Excellent read!', '2022-03-19 19:00:00'),
(1919, 5, 'Not my taste.', '2021-10-26 19:00:00'),
(1920, 1, 'Enjoyed every page.', '2022-08-19 19:00:00'),
(1921, 4, 'Enjoyed every page.', '2022-04-17 19:00:00'),
(1922, 1, 'Very informative.', '2021-03-10 19:00:00'),
(1923, 1, 'Very informative.', '2021-11-23 19:00:00'),
(1924, 4, 'Excellent read!', '2024-04-14 19:00:00'),
(1925, 4, 'Excellent read!', '2024-09-20 19:00:00'),
(1926, 1, 'Could be better.', '2022-11-30 19:00:00'),
(1927, 4, 'Excellent read!', '2022-06-10 19:00:00'),
(1928, 3, 'Excellent read!', '2021-05-18 19:00:00'),
(1929, 1, 'Very informative.', '2021-03-04 19:00:00'),
(1930, 3, 'Enjoyed every page.', '2021-05-24 19:00:00'),
(1931, 2, 'Very informative.', '2024-09-03 19:00:00'),
(1932, 3, 'Enjoyed every page.', '2021-04-11 19:00:00'),
(1933, 2, 'Excellent read!', '2024-08-05 19:00:00'),
(1934, 2, 'Very informative.', '2022-02-08 19:00:00'),
(1935, 3, 'Could be better.', '2021-02-18 19:00:00'),
(1936, 2, 'Very informative.', '2022-08-17 19:00:00'),
(1937, 1, 'Not my taste.', '2024-04-02 19:00:00'),
(1938, 1, 'Not my taste.', '2022-03-25 19:00:00'),
(1939, 2, 'Not my taste.', '2024-05-07 19:00:00');
INSERT INTO `reviews` (`review_id`, `rating`, `comment`, `created_at`) VALUES
(1940, 1, 'Very informative.', '2024-08-14 19:00:00'),
(1941, 3, 'Excellent read!', '2021-02-14 19:00:00'),
(1942, 3, 'Not my taste.', '2021-10-18 19:00:00'),
(1943, 2, 'Not my taste.', '2022-04-10 19:00:00'),
(1944, 4, 'Very informative.', '2022-03-09 19:00:00'),
(1945, 3, 'Not my taste.', '2022-04-12 19:00:00'),
(1946, 2, 'Not my taste.', '2024-01-30 19:00:00'),
(1947, 3, 'Enjoyed every page.', '2021-10-23 19:00:00'),
(1948, 5, 'Enjoyed every page.', '2023-06-05 19:00:00'),
(1949, 5, 'Excellent read!', '2022-02-20 19:00:00'),
(1950, 2, 'Enjoyed every page.', '2023-04-24 19:00:00'),
(1951, 5, 'Very informative.', '2023-12-14 19:00:00'),
(1952, 5, 'Very informative.', '2023-09-16 19:00:00'),
(1953, 4, 'Enjoyed every page.', '2022-10-17 19:00:00'),
(1954, 3, 'Could be better.', '2024-04-03 19:00:00'),
(1955, 2, 'Very informative.', '2021-12-20 19:00:00'),
(1956, 3, 'Enjoyed every page.', '2023-06-23 19:00:00'),
(1957, 5, 'Enjoyed every page.', '2021-09-21 19:00:00'),
(1958, 4, 'Could be better.', '2024-10-23 19:00:00'),
(1959, 4, 'Could be better.', '2023-05-24 19:00:00'),
(1960, 2, 'Enjoyed every page.', '2022-06-09 19:00:00'),
(1961, 5, 'Very informative.', '2024-03-11 19:00:00'),
(1962, 5, 'Not my taste.', '2022-06-29 19:00:00'),
(1963, 3, 'Could be better.', '2022-12-26 19:00:00'),
(1964, 4, 'Not my taste.', '2024-06-05 19:00:00'),
(1965, 1, 'Could be better.', '2022-06-19 19:00:00'),
(1966, 5, 'Very informative.', '2022-07-03 19:00:00'),
(1967, 2, 'Excellent read!', '2022-07-13 19:00:00'),
(1968, 3, 'Enjoyed every page.', '2023-10-12 19:00:00'),
(1969, 1, 'Enjoyed every page.', '2022-09-29 19:00:00'),
(1970, 2, 'Excellent read!', '2022-06-09 19:00:00'),
(1971, 4, 'Could be better.', '2021-09-19 19:00:00'),
(1972, 2, 'Not my taste.', '2024-05-16 19:00:00'),
(1973, 4, 'Excellent read!', '2024-04-25 19:00:00'),
(1974, 4, 'Enjoyed every page.', '2024-01-13 19:00:00'),
(1975, 2, 'Enjoyed every page.', '2023-01-25 19:00:00'),
(1976, 2, 'Very informative.', '2021-03-17 19:00:00'),
(1977, 3, 'Very informative.', '2022-08-20 19:00:00'),
(1978, 4, 'Not my taste.', '2023-01-17 19:00:00'),
(1979, 3, 'Very informative.', '2021-03-19 19:00:00'),
(1980, 4, 'Enjoyed every page.', '2023-09-28 19:00:00'),
(1981, 3, 'Very informative.', '2023-05-09 19:00:00'),
(1982, 5, 'Very informative.', '2023-12-23 19:00:00'),
(1983, 5, 'Very informative.', '2024-06-07 19:00:00'),
(1984, 5, 'Could be better.', '2024-02-14 19:00:00'),
(1985, 4, 'Excellent read!', '2022-11-09 19:00:00'),
(1986, 1, 'Excellent read!', '2021-12-23 19:00:00'),
(1987, 4, 'Not my taste.', '2021-12-14 19:00:00'),
(1988, 5, 'Could be better.', '2023-09-10 19:00:00'),
(1989, 2, 'Could be better.', '2023-06-19 19:00:00'),
(1990, 3, 'Could be better.', '2022-05-24 19:00:00'),
(1991, 5, 'Could be better.', '2022-08-16 19:00:00'),
(1992, 3, 'Excellent read!', '2022-02-22 19:00:00'),
(1993, 2, 'Excellent read!', '2021-05-29 19:00:00'),
(1994, 1, 'Could be better.', '2023-08-16 19:00:00'),
(1995, 1, 'Not my taste.', '2024-08-04 19:00:00'),
(1996, 4, 'Not my taste.', '2022-07-02 19:00:00'),
(1997, 2, 'Not my taste.', '2024-09-20 19:00:00'),
(1998, 5, 'Not my taste.', '2023-03-16 19:00:00'),
(1999, 1, 'Enjoyed every page.', '2021-08-03 19:00:00'),
(2000, 1, 'Excellent read!', '2021-05-13 19:00:00');

-- --------------------------------------------------------

--
-- Table structure for table `series`
--

CREATE TABLE `series` (
  `Series_id` int(3) NOT NULL,
  `Series_name` varchar(255) NOT NULL,
  `Description` varchar(500) DEFAULT NULL
) ENGINE=InnoDB DEFAULT CHARSET=utf8 COLLATE=utf8_general_ci;

--
-- Dumping data for table `series`
--

INSERT INTO `series` (`Series_id`, `Series_name`, `Description`) VALUES
(1, 'The Series in United States -- History -- Revolution, 1775-1783 -- Sources', 'Books categorized under The Series in United States -- History -- Revolution, 1775-1783 -- Sources'),
(2, 'The Series in United States. Declaration of Independence', 'Books categorized under The Series in United States. Declaration of Independence'),
(3, 'The Series in E201', 'Books categorized under The Series in E201'),
(4, 'The Series in JK', 'Books categorized under The Series in JK'),
(5, 'The Series in Bible', 'Books categorized under The Series in Bible'),
(6, 'The Series in BS', 'Books categorized under The Series in BS'),
(7, 'The Series in English drama -- Early modern and Elizabethan, 1500-1600', 'Books categorized under The Series in English drama -- Early modern and Elizabethan, 1500-1600'),
(8, 'The Series in PR', 'Books categorized under The Series in PR'),
(9, 'La Series in Italian poetry -- To 1400', 'Books categorized under La Series in Italian poetry -- To 1400'),
(10, 'La Series in Epic poetry, Italian', 'Books categorized under La Series in Epic poetry, Italian'),
(11, 'La Series in PQ', 'Books categorized under La Series in PQ'),
(12, 'The Series in Magna Carta', 'Books categorized under The Series in Magna Carta'),
(13, 'The Series in Constitutional history -- England -- Sources', 'Books categorized under The Series in Constitutional history -- England -- Sources'),
(14, 'The Series in JN', 'Books categorized under The Series in JN'),
(15, 'The Series in KD', 'Books categorized under The Series in KD'),
(16, 'Apocolocyntosis Series in Claudius, Emperor of Rome, 10 B.C.-54 A.D. -- Humor', 'Books categorized under Apocolocyntosis Series in Claudius, Emperor of Rome, 10 B.C.-54 A.D. -- Humor'),
(17, 'Apocolocyntosis Series in PA', 'Books categorized under Apocolocyntosis Series in PA'),
(18, 'The Series in Science fiction', 'Books categorized under The Series in Science fiction'),
(19, 'My Series in France -- Social life and customs', 'Books categorized under My Series in France -- Social life and customs'),
(20, 'My Series in France -- History -- Third Republic, 1870-1940', 'Books categorized under My Series in France -- History -- Third Republic, 1870-1940'),
(21, 'My Series in DC', 'Books categorized under My Series in DC'),
(22, 'The Series in Christianity', 'Books categorized under The Series in Christianity'),
(23, 'The Series in BR', 'Books categorized under The Series in BR'),
(24, 'A Series in Science fiction', 'Books categorized under A Series in Science fiction'),
(25, 'A Series in Space flight to the moon -- Fiction', 'Books categorized under A Series in Space flight to the moon -- Fiction'),
(26, 'A Series in PS', 'Books categorized under A Series in PS'),
(27, 'La Series in Fiction', 'Books categorized under La Series in Fiction'),
(28, 'Carmilla Series in Young women -- Fiction', 'Books categorized under Carmilla Series in Young women -- Fiction'),
(29, 'Carmilla Series in Vampires -- Fiction', 'Books categorized under Carmilla Series in Vampires -- Fiction'),
(30, 'Carmilla Series in PR', 'Books categorized under Carmilla Series in PR'),
(31, 'The Series in PS', 'Books categorized under The Series in PS'),
(32, 'Wild Series in Fishing -- New York (State)', 'Books categorized under Wild Series in Fishing -- New York (State)'),
(33, 'Wild Series in Hunting -- New York (State)', 'Books categorized under Wild Series in Hunting -- New York (State)'),
(34, 'Wild Series in SK', 'Books categorized under Wild Series in SK'),
(35, 'Divine Series in Hell -- Poetry', 'Books categorized under Divine Series in Hell -- Poetry'),
(36, 'Divine Series in Epic poetry, Italian -- Translations into English', 'Books categorized under Divine Series in Epic poetry, Italian -- Translations into English'),
(37, 'Divine Series in Italian poetry -- To 1400 -- Translations into English', 'Books categorized under Divine Series in Italian poetry -- To 1400 -- Translations into English'),
(38, 'Divine Series in PQ', 'Books categorized under Divine Series in PQ'),
(39, 'The Series in Howard, John, 1726-1790', 'Books categorized under The Series in Howard, John, 1726-1790'),
(40, 'The Series in HV', 'Books categorized under The Series in HV'),
(41, '365 Series in Cooking', 'Books categorized under 365 Series in Cooking'),
(42, '365 Series in TX', 'Books categorized under 365 Series in TX'),
(43, 'The Series in Natural history -- California', 'Books categorized under The Series in Natural history -- California'),
(44, 'The Series in California -- Description and travel', 'Books categorized under The Series in California -- Description and travel'),
(45, 'The Series in Naturalists -- United States -- Biography', 'Books categorized under The Series in Naturalists -- United States -- Biography'),
(46, 'The Series in Muir, John, 1838-1914 -- Travel -- Sierra Nevada (Calif. and Nev.)', 'Books categorized under The Series in Muir, John, 1838-1914 -- Travel -- Sierra Nevada (Calif. and Nev.)'),
(47, 'The Series in Natural history -- Sierra Nevada (Calif. and Nev.)', 'Books categorized under The Series in Natural history -- Sierra Nevada (Calif. and Nev.)'),
(48, 'The Series in Mountain ecology -- California', 'Books categorized under The Series in Mountain ecology -- California'),
(49, 'The Series in Mountain ecology -- Sierra Nevada (Calif. and Nev.)', 'Books categorized under The Series in Mountain ecology -- Sierra Nevada (Calif. and Nev.)'),
(50, 'The Series in Sierra Nevada (Calif. and Nev.)', 'Books categorized under The Series in Sierra Nevada (Calif. and Nev.)'),
(51, 'The Series in F850.5', 'Books categorized under The Series in F850.5'),
(52, 'The Series in QH', 'Books categorized under The Series in QH'),
(53, 'Punchinello, Series in American wit and humor -- Periodicals', 'Books categorized under Punchinello, Series in American wit and humor -- Periodicals'),
(54, 'Punchinello, Series in AP', 'Books categorized under Punchinello, Series in AP'),
(55, 'The Series in Short stories, English -- Periodicals', 'Books categorized under The Series in Short stories, English -- Periodicals'),
(56, 'The Series in English literature -- Periodicals', 'Books categorized under The Series in English literature -- Periodicals'),
(57, 'The Series in AP', 'Books categorized under The Series in AP'),
(58, 'Tenterhooks Series in Man-woman relationships -- Fiction', 'Books categorized under Tenterhooks Series in Man-woman relationships -- Fiction'),
(59, 'Tenterhooks Series in London (England) -- Social life and customs -- 20th century -- Fiction', 'Books categorized under Tenterhooks Series in London (England) -- Social life and customs -- 20th century -- Fiction'),
(60, 'Tenterhooks Series in PR', 'Books categorized under Tenterhooks Series in PR'),
(61, 'White Series in Slessor, Mary Mitchell, 1848-1915', 'Books categorized under White Series in Slessor, Mary Mitchell, 1848-1915'),
(62, 'White Series in Missionaries -- Nigeria -- Biography', 'Books categorized under White Series in Missionaries -- Nigeria -- Biography'),
(63, 'White Series in Missions -- Nigeria', 'Books categorized under White Series in Missions -- Nigeria'),
(64, 'White Series in BV', 'Books categorized under White Series in BV'),
(65, 'There\'s Series in Essays', 'Books categorized under There\'s Series in Essays'),
(66, 'There\'s Series in PS', 'Books categorized under There\'s Series in PS'),
(67, 'Beneath Series in Biography -- Juvenile literature', 'Books categorized under Beneath Series in Biography -- Juvenile literature'),
(68, 'Beneath Series in CT', 'Books categorized under Beneath Series in CT'),
(69, 'Gaslight Series in City and town life -- Fiction', 'Books categorized under Gaslight Series in City and town life -- Fiction'),
(70, 'Gaslight Series in Short stories, American', 'Books categorized under Gaslight Series in Short stories, American'),
(71, 'Gaslight Series in Immigrants -- Fiction', 'Books categorized under Gaslight Series in Immigrants -- Fiction'),
(72, 'Gaslight Series in Poor -- Fiction', 'Books categorized under Gaslight Series in Poor -- Fiction'),
(73, 'Gaslight Series in Slums -- Fiction', 'Books categorized under Gaslight Series in Slums -- Fiction'),
(74, 'Gaslight Series in PS', 'Books categorized under Gaslight Series in PS'),
(75, 'The Series in Popular literature -- Great Britain -- Periodicals', 'Books categorized under The Series in Popular literature -- Great Britain -- Periodicals'),
(76, 'The Series in Schools -- Juvenile fiction', 'Books categorized under The Series in Schools -- Juvenile fiction'),
(77, 'The Series in PZ', 'Books categorized under The Series in PZ'),
(78, 'Spalding\'s Series in Baseball', 'Books categorized under Spalding\'s Series in Baseball'),
(79, 'Spalding\'s Series in GV', 'Books categorized under Spalding\'s Series in GV'),
(80, 'The Series in Detective and mystery stories', 'Books categorized under The Series in Detective and mystery stories'),
(81, 'The Series in Buffalo Bill, 1846-1917', 'Books categorized under The Series in Buffalo Bill, 1846-1917'),
(82, 'The Series in Scouts (Reconnaissance) -- West (U.S.) -- Biography', 'Books categorized under The Series in Scouts (Reconnaissance) -- West (U.S.) -- Biography'),
(83, 'The Series in Frontier and pioneer life -- West (U.S.)', 'Books categorized under The Series in Frontier and pioneer life -- West (U.S.)'),
(84, 'The Series in Pioneers -- West (U.S.) -- Biography', 'Books categorized under The Series in Pioneers -- West (U.S.) -- Biography'),
(85, 'The Series in F590.3', 'Books categorized under The Series in F590.3'),
(86, 'The Series in Fantasy poetry, American', 'Books categorized under The Series in Fantasy poetry, American'),
(87, 'A Series in Orphans -- Fiction', 'Books categorized under A Series in Orphans -- Fiction'),
(88, 'A Series in Christian life -- Fiction', 'Books categorized under A Series in Christian life -- Fiction'),
(89, 'The Series in Yukon -- Fiction', 'Books categorized under The Series in Yukon -- Fiction'),
(90, 'The Series in English drama -- 17th century', 'Books categorized under The Series in English drama -- 17th century'),
(91, 'Alaska Series in English language -- Dictionaries -- Aleut', 'Books categorized under Alaska Series in English language -- Dictionaries -- Aleut'),
(92, 'Aleutian Series in English language -- Dictionaries -- Aleut', 'Books categorized under Aleutian Series in English language -- Dictionaries -- Aleut'),
(93, 'Alaska Series in Aleut language -- Dictionaries -- English', 'Books categorized under Alaska Series in Aleut language -- Dictionaries -- English'),
(94, 'Aleutian Series in Aleut language -- Dictionaries -- English', 'Books categorized under Aleutian Series in Aleut language -- Dictionaries -- English'),
(95, 'Alaska Series in PM', 'Books categorized under Alaska Series in PM'),
(96, 'Aleutian Series in PM', 'Books categorized under Aleutian Series in PM'),
(97, 'The Series in Southern States -- Social life and customs -- Fiction', 'Books categorized under The Series in Southern States -- Social life and customs -- Fiction'),
(98, 'The Series in Education', 'Books categorized under The Series in Education'),
(99, 'The Series in Child development', 'Books categorized under The Series in Child development'),
(100, 'The Series in Child psychology', 'Books categorized under The Series in Child psychology'),
(101, 'The Series in LB', 'Books categorized under The Series in LB'),
(102, 'Klondyke Series in Alaska -- Gold discoveries', 'Books categorized under Klondyke Series in Alaska -- Gold discoveries'),
(103, 'Klondyke Series in Klondike River Valley (Yukon) -- Gold discoveries', 'Books categorized under Klondyke Series in Klondike River Valley (Yukon) -- Gold discoveries'),
(104, 'Klondyke Series in E660', 'Books categorized under Klondyke Series in E660'),
(105, 'The Series in Canada -- History -- 1763-1867', 'Books categorized under The Series in Canada -- History -- 1763-1867'),
(106, 'The Series in Dorchester, Guy Carleton, Baron, 1724-1808', 'Books categorized under The Series in Dorchester, Guy Carleton, Baron, 1724-1808'),
(107, 'The Series in Canada -- History -- 1775-1783', 'Books categorized under The Series in Canada -- History -- 1775-1783'),
(108, 'The Series in F1001', 'Books categorized under The Series in F1001'),
(109, 'Dave Series in United States Naval Academy -- Juvenile fiction', 'Books categorized under Dave Series in United States Naval Academy -- Juvenile fiction'),
(110, 'Dave Series in PZ', 'Books categorized under Dave Series in PZ'),
(111, 'Salute Series in Historical fiction', 'Books categorized under Salute Series in Historical fiction'),
(112, 'Salute Series in Virginia -- History -- Colonial period, ca. 1600-1775 -- Fiction', 'Books categorized under Salute Series in Virginia -- History -- Colonial period, ca. 1600-1775 -- Fiction'),
(113, 'Salute Series in Glasgow (Scotland) -- Fiction', 'Books categorized under Salute Series in Glasgow (Scotland) -- Fiction'),
(114, 'Salute Series in Scottish Americans -- Virginia -- Fiction', 'Books categorized under Salute Series in Scottish Americans -- Virginia -- Fiction'),
(115, 'Salute Series in Jamestown (Va.) -- Fiction', 'Books categorized under Salute Series in Jamestown (Va.) -- Fiction'),
(116, 'Salute Series in PR', 'Books categorized under Salute Series in PR'),
(117, 'Billie Series in Girls -- Juvenile fiction', 'Books categorized under Billie Series in Girls -- Juvenile fiction'),
(118, 'Billie Series in Inheritance and succession -- Juvenile fiction', 'Books categorized under Billie Series in Inheritance and succession -- Juvenile fiction'),
(119, 'Billie Series in PZ', 'Books categorized under Billie Series in PZ'),
(120, 'Old Series in Inheritance and succession -- Fiction', 'Books categorized under Old Series in Inheritance and succession -- Fiction'),
(121, 'Old Series in Death -- Fiction', 'Books categorized under Old Series in Death -- Fiction'),
(122, 'Old Series in PR', 'Books categorized under Old Series in PR'),
(123, 'A Series in Death -- Fiction', 'Books categorized under A Series in Death -- Fiction'),
(124, 'A Series in PR', 'Books categorized under A Series in PR'),
(125, 'The Series in Death -- Fiction', 'Books categorized under The Series in Death -- Fiction'),
(126, 'The Series in Manners and customs -- Fiction', 'Books categorized under The Series in Manners and customs -- Fiction'),
(127, 'La Series in Vampires -- Fiction', 'Books categorized under La Series in Vampires -- Fiction'),
(128, 'Nova Series in Mineral waters -- Sweden', 'Books categorized under Nova Series in Mineral waters -- Sweden'),
(129, 'Nova Series in TN', 'Books categorized under Nova Series in TN'),
(130, 'Hamburgische Series in Aristotle, 384 BC-322 BC. Poetics', 'Books categorized under Hamburgische Series in Aristotle, 384 BC-322 BC. Poetics'),
(131, 'Hamburgische Series in Drama -- Technique', 'Books categorized under Hamburgische Series in Drama -- Technique'),
(132, 'Hamburgische Series in PN', 'Books categorized under Hamburgische Series in PN'),
(133, 'Chinese Series in Chinese literature -- Translations into English', 'Books categorized under Chinese Series in Chinese literature -- Translations into English'),
(134, 'Chinese Series in Chinese literature', 'Books categorized under Chinese Series in Chinese literature'),
(135, 'Chinese Series in China -- Literary collections', 'Books categorized under Chinese Series in China -- Literary collections'),
(136, 'Chinese Series in PJ', 'Books categorized under Chinese Series in PJ'),
(137, 'The Series in England -- Social life and customs -- 20th century -- Fiction', 'Books categorized under The Series in England -- Social life and customs -- 20th century -- Fiction'),
(138, 'The Series in World War, 1914-1918 -- Veterans -- Fiction', 'Books categorized under The Series in World War, 1914-1918 -- Veterans -- Fiction'),
(139, 'The Series in Mystery fiction', 'Books categorized under The Series in Mystery fiction'),
(140, 'The Series in Women physicians -- Fiction', 'Books categorized under The Series in Women physicians -- Fiction'),
(141, 'The Series in Catholic Church. Breviary', 'Books categorized under The Series in Catholic Church. Breviary'),
(142, 'The Series in Divine office', 'Books categorized under The Series in Divine office'),
(143, 'The Series in BX', 'Books categorized under The Series in BX'),
(144, 'Aunt Series in Family -- Juvenile fiction', 'Books categorized under Aunt Series in Family -- Juvenile fiction'),
(145, 'Aunt Series in Mystery and detective stories', 'Books categorized under Aunt Series in Mystery and detective stories'),
(146, 'Aunt Series in Uncles -- Juvenile fiction', 'Books categorized under Aunt Series in Uncles -- Juvenile fiction'),
(147, 'Aunt Series in Cousins -- Juvenile fiction', 'Books categorized under Aunt Series in Cousins -- Juvenile fiction'),
(148, 'Aunt Series in Farm life -- Juvenile fiction', 'Books categorized under Aunt Series in Farm life -- Juvenile fiction'),
(149, 'Aunt Series in Young women -- Social life and customs -- Juvenile fiction', 'Books categorized under Aunt Series in Young women -- Social life and customs -- Juvenile fiction'),
(150, 'Aunt Series in Newspaper publishing -- Juvenile fiction', 'Books categorized under Aunt Series in Newspaper publishing -- Juvenile fiction'),
(151, 'Aunt Series in Women authors -- Juvenile fiction', 'Books categorized under Aunt Series in Women authors -- Juvenile fiction'),
(152, 'Aunt Series in PZ', 'Books categorized under Aunt Series in PZ'),
(153, 'Discourses: Series in Geology', 'Books categorized under Discourses: Series in Geology'),
(154, 'Discourses: Series in Biology', 'Books categorized under Discourses: Series in Biology'),
(155, 'Discourses: Series in Q', 'Books categorized under Discourses: Series in Q'),
(156, 'Les Series in Belgian poetry (French)', 'Books categorized under Les Series in Belgian poetry (French)'),
(157, 'Les Series in PQ', 'Books categorized under Les Series in PQ'),
(158, 'The Series in United States -- History -- Civil War, 1861-1865 -- Fiction', 'Books categorized under The Series in United States -- History -- Civil War, 1861-1865 -- Fiction'),
(159, 'Happiness Series in Marriage', 'Books categorized under Happiness Series in Marriage'),
(160, 'Happiness Series in HQ', 'Books categorized under Happiness Series in HQ'),
(161, 'Beltane Series in Blacksmiths -- Fiction', 'Books categorized under Beltane Series in Blacksmiths -- Fiction'),
(162, 'Beltane Series in PR', 'Books categorized under Beltane Series in PR'),
(163, 'The Series in Constitutional law -- United States', 'Books categorized under The Series in Constitutional law -- United States'),
(164, 'The Series in United States. Constitution', 'Books categorized under The Series in United States. Constitution'),
(165, 'The Series in KF', 'Books categorized under The Series in KF'),
(166, 'Gunman\'s Series in Western stories', 'Books categorized under Gunman\'s Series in Western stories'),
(167, 'Gunman\'s Series in Frontier and pioneer life -- West (U.S.) -- Fiction', 'Books categorized under Gunman\'s Series in Frontier and pioneer life -- West (U.S.) -- Fiction'),
(168, 'Gunman\'s Series in Man-woman relationships -- Fiction', 'Books categorized under Gunman\'s Series in Man-woman relationships -- Fiction'),
(169, 'Gunman\'s Series in Outlaws -- Fiction', 'Books categorized under Gunman\'s Series in Outlaws -- Fiction'),
(170, 'Gunman\'s Series in PS', 'Books categorized under Gunman\'s Series in PS'),
(171, 'The Series in Fiction', 'Books categorized under The Series in Fiction'),
(172, 'The Series in Psychological fiction', 'Books categorized under The Series in Psychological fiction'),
(173, 'The Series in Domestic fiction', 'Books categorized under The Series in Domestic fiction'),
(174, 'The Series in Social problems -- Fiction', 'Books categorized under The Series in Social problems -- Fiction'),
(175, 'The Series in Social classes -- Fiction', 'Books categorized under The Series in Social classes -- Fiction'),
(176, 'The Series in Working class women -- Fiction', 'Books categorized under The Series in Working class women -- Fiction'),
(177, 'The Series in Women -- Appalachian Region -- Fiction', 'Books categorized under The Series in Women -- Appalachian Region -- Fiction'),
(178, 'The Series in Mills and mill-work -- Fiction', 'Books categorized under The Series in Mills and mill-work -- Fiction'),
(179, 'The Series in Appalachian Region -- Fiction', 'Books categorized under The Series in Appalachian Region -- Fiction'),
(180, 'Account Series in Raeto-Romance language -- Early works to 1800', 'Books categorized under Account Series in Raeto-Romance language -- Early works to 1800'),
(181, 'Account Series in PC', 'Books categorized under Account Series in PC'),
(182, 'Stories Series in United States -- Biography -- Juvenile literature', 'Books categorized under Stories Series in United States -- Biography -- Juvenile literature'),
(183, 'Stories Series in E151', 'Books categorized under Stories Series in E151'),
(184, 'By-Ways Series in Bombay (India) -- Social life and customs', 'Books categorized under By-Ways Series in Bombay (India) -- Social life and customs'),
(185, 'By-Ways Series in DS', 'Books categorized under By-Ways Series in DS'),
(186, 'English Series in Cooking, English -- Early works to 1800', 'Books categorized under English Series in Cooking, English -- Early works to 1800'),
(187, 'English Series in Menus -- Early works to 1800', 'Books categorized under English Series in Menus -- Early works to 1800'),
(188, 'English Series in TX', 'Books categorized under English Series in TX'),
(189, 'The Series in Vocabulary', 'Books categorized under The Series in Vocabulary'),
(190, 'The Series in PE', 'Books categorized under The Series in PE'),
(191, 'A Series in Slavery -- Connecticut', 'Books categorized under A Series in Slavery -- Connecticut'),
(192, 'A Series in E300', 'Books categorized under A Series in E300'),
(193, 'Lister\'s Series in Africa -- Fiction', 'Books categorized under Lister\'s Series in Africa -- Fiction'),
(194, 'Lister\'s Series in Love stories', 'Books categorized under Lister\'s Series in Love stories'),
(195, 'Lister\'s Series in Shipwrecks -- Fiction', 'Books categorized under Lister\'s Series in Shipwrecks -- Fiction'),
(196, 'Lister\'s Series in Salvage -- Fiction', 'Books categorized under Lister\'s Series in Salvage -- Fiction'),
(197, 'Lister\'s Series in PR', 'Books categorized under Lister\'s Series in PR'),
(198, 'The Series in American periodicals', 'Books categorized under The Series in American periodicals'),
(199, 'Plain Series in World War, 1914-1918 -- Public opinion', 'Books categorized under Plain Series in World War, 1914-1918 -- Public opinion'),
(200, 'Plain Series in D501', 'Books categorized under Plain Series in D501'),
(201, 'Mobilizing Series in World War, 1914-1918 -- Women', 'Books categorized under Mobilizing Series in World War, 1914-1918 -- Women'),
(202, 'Mobilizing Series in D501', 'Books categorized under Mobilizing Series in D501'),
(203, 'The Series in World War, 1914-1918 -- Naval operations -- Juvenile fiction', 'Books categorized under The Series in World War, 1914-1918 -- Naval operations -- Juvenile fiction'),
(204, 'The Series in Jutland, Battle of, 1916 -- Juvenile fiction', 'Books categorized under The Series in Jutland, Battle of, 1916 -- Juvenile fiction'),
(205, 'The Series in England -- Fiction', 'Books categorized under The Series in England -- Fiction'),
(206, 'Kazan Series in Dogs -- Fiction', 'Books categorized under Kazan Series in Dogs -- Fiction'),
(207, 'Kazan Series in Wolfdogs -- Fiction', 'Books categorized under Kazan Series in Wolfdogs -- Fiction'),
(208, 'Kazan Series in PS', 'Books categorized under Kazan Series in PS'),
(209, 'Moorish Series in Spanish literature -- Translations into English', 'Books categorized under Moorish Series in Spanish literature -- Translations into English'),
(210, 'Moorish Series in PQ', 'Books categorized under Moorish Series in PQ'),
(211, 'The Series in United States -- History -- Revolution, 1775-1783 -- Juvenile fiction', 'Books categorized under The Series in United States -- History -- Revolution, 1775-1783 -- Juvenile fiction'),
(212, 'Old Series in Long Island (N.Y.) -- Fiction', 'Books categorized under Old Series in Long Island (N.Y.) -- Fiction'),
(213, 'Old Series in Poor -- Fiction', 'Books categorized under Old Series in Poor -- Fiction'),
(214, 'Old Series in Older people -- Fiction', 'Books categorized under Old Series in Older people -- Fiction'),
(215, 'Old Series in PS', 'Books categorized under Old Series in PS'),
(216, 'Thaumaturgia; Series in Occultism', 'Books categorized under Thaumaturgia; Series in Occultism'),
(217, 'Thaumaturgia; Series in BF', 'Books categorized under Thaumaturgia; Series in BF'),
(218, 'Elves Series in Fairy poetry', 'Books categorized under Elves Series in Fairy poetry'),
(219, 'Elves Series in Scottish poetry', 'Books categorized under Elves Series in Scottish poetry'),
(220, 'Elves Series in Ossian, active 3rd century', 'Books categorized under Elves Series in Ossian, active 3rd century'),
(221, 'Elves Series in PR', 'Books categorized under Elves Series in PR'),
(222, 'La Series in Hell -- Poetry', 'Books categorized under La Series in Hell -- Poetry'),
(223, 'Peaceless Series in World War, 1914-1918 -- Reparations', 'Books categorized under Peaceless Series in World War, 1914-1918 -- Reparations'),
(224, 'Peaceless Series in World War, 1914-1918 -- Treaties', 'Books categorized under Peaceless Series in World War, 1914-1918 -- Treaties'),
(225, 'Peaceless Series in D501', 'Books categorized under Peaceless Series in D501'),
(226, 'Gutta-Percha Series in Physicians -- Juvenile fiction', 'Books categorized under Gutta-Percha Series in Physicians -- Juvenile fiction'),
(227, 'The Series in Physicians -- Juvenile fiction', 'Books categorized under The Series in Physicians -- Juvenile fiction'),
(228, 'Gutta-Percha Series in Water -- Juvenile fiction', 'Books categorized under Gutta-Percha Series in Water -- Juvenile fiction'),
(229, 'The Series in Water -- Juvenile fiction', 'Books categorized under The Series in Water -- Juvenile fiction'),
(230, 'Gutta-Percha Series in Reading -- Juvenile fiction', 'Books categorized under Gutta-Percha Series in Reading -- Juvenile fiction'),
(231, 'The Series in Reading -- Juvenile fiction', 'Books categorized under The Series in Reading -- Juvenile fiction'),
(232, 'Gutta-Percha Series in Gifted persons -- Juvenile fiction', 'Books categorized under Gutta-Percha Series in Gifted persons -- Juvenile fiction'),
(233, 'The Series in Gifted persons -- Juvenile fiction', 'Books categorized under The Series in Gifted persons -- Juvenile fiction'),
(234, 'Gutta-Percha Series in PZ', 'Books categorized under Gutta-Percha Series in PZ'),
(235, 'A Series in Historical fiction', 'Books categorized under A Series in Historical fiction'),
(236, 'A Series in Biographical fiction', 'Books categorized under A Series in Biographical fiction'),
(237, 'A Series in Virginia -- History -- Colonial period, ca. 1600-1775 -- Fiction', 'Books categorized under A Series in Virginia -- History -- Colonial period, ca. 1600-1775 -- Fiction'),
(238, 'A Series in Soldiers -- Fiction', 'Books categorized under A Series in Soldiers -- Fiction'),
(239, 'A Series in Washington, George, 1732-1799 -- Fiction', 'Books categorized under A Series in Washington, George, 1732-1799 -- Fiction'),
(240, 'A Series in Braddock\'s Campaign, 1755 -- Fiction', 'Books categorized under A Series in Braddock\'s Campaign, 1755 -- Fiction'),
(241, 'The Series in Satire', 'Books categorized under The Series in Satire'),
(242, 'The Series in Short stories, English', 'Books categorized under The Series in Short stories, English'),
(243, 'The Series in Mythology -- Fiction', 'Books categorized under The Series in Mythology -- Fiction'),
(244, 'The Series in Legends -- Fiction', 'Books categorized under The Series in Legends -- Fiction'),
(245, 'The Series in Trojan War -- Drama', 'Books categorized under The Series in Trojan War -- Drama'),
(246, 'The Series in Andromache (Legendary character) -- Drama', 'Books categorized under The Series in Andromache (Legendary character) -- Drama'),
(247, 'The Series in Hecuba, Queen of Troy -- Drama', 'Books categorized under The Series in Hecuba, Queen of Troy -- Drama'),
(248, 'The Series in Cassandra (Legendary character) -- Drama', 'Books categorized under The Series in Cassandra (Legendary character) -- Drama'),
(249, 'The Series in Helen, of Troy, Queen of Sparta -- Drama', 'Books categorized under The Series in Helen, of Troy, Queen of Sparta -- Drama'),
(250, 'The Series in PA', 'Books categorized under The Series in PA'),
(251, 'The Series in World War, 1914-1918', 'Books categorized under The Series in World War, 1914-1918'),
(252, 'The Series in D501', 'Books categorized under The Series in D501'),
(253, 'How Series in World War, 1914-1918 -- Campaigns -- Palestine', 'Books categorized under How Series in World War, 1914-1918 -- Campaigns -- Palestine'),
(254, 'How Series in D501', 'Books categorized under How Series in D501'),
(255, 'Towards Series in World War, 1914-1918 -- Personal narratives', 'Books categorized under Towards Series in World War, 1914-1918 -- Personal narratives'),
(256, 'Towards Series in World War, 1914-1918 -- Campaigns -- Western Front', 'Books categorized under Towards Series in World War, 1914-1918 -- Campaigns -- Western Front'),
(257, 'Towards Series in D501', 'Books categorized under Towards Series in D501'),
(258, 'The Series in Computer crimes -- United States', 'Books categorized under The Series in Computer crimes -- United States'),
(259, 'The Series in Telephone -- Corrupt practices -- United States', 'Books categorized under The Series in Telephone -- Corrupt practices -- United States'),
(260, 'The Series in Computer programming -- Corrupt practices -- United States', 'Books categorized under The Series in Computer programming -- Corrupt practices -- United States'),
(261, 'Byron Series in Byron, George Gordon Byron, Baron, 1788-1824', 'Books categorized under Byron Series in Byron, George Gordon Byron, Baron, 1788-1824'),
(262, 'Byron Series in PR', 'Books categorized under Byron Series in PR'),
(263, 'A Series in Fantasy literature', 'Books categorized under A Series in Fantasy literature'),
(264, 'A Series in Boys -- Juvenile fiction', 'Books categorized under A Series in Boys -- Juvenile fiction'),
(265, 'A Series in Self-reliance -- Juvenile fiction', 'Books categorized under A Series in Self-reliance -- Juvenile fiction'),
(266, 'A Series in Nature -- Juvenile fiction', 'Books categorized under A Series in Nature -- Juvenile fiction'),
(267, 'A Series in PZ', 'Books categorized under A Series in PZ'),
(268, 'The Series in Spy stories', 'Books categorized under The Series in Spy stories'),
(269, 'The Series in World history', 'Books categorized under The Series in World history'),
(270, 'The Series in D', 'Books categorized under The Series in D'),
(271, 'With Series in World War, 1914-1918 -- Italy', 'Books categorized under With Series in World War, 1914-1918 -- Italy'),
(272, 'With Series in D501', 'Books categorized under With Series in D501'),
(273, 'A Series in Theater -- Moral and ethical aspects -- Early works to 1800', 'Books categorized under A Series in Theater -- Moral and ethical aspects -- Early works to 1800'),
(274, 'Treatise Series in Theater -- Moral and ethical aspects -- Early works to 1800', 'Books categorized under Treatise Series in Theater -- Moral and ethical aspects -- Early works to 1800'),
(275, 'A Series in Dance -- Moral and ethical aspects -- Early works to 1800', 'Books categorized under A Series in Dance -- Moral and ethical aspects -- Early works to 1800'),
(276, 'Treatise Series in Dance -- Moral and ethical aspects -- Early works to 1800', 'Books categorized under Treatise Series in Dance -- Moral and ethical aspects -- Early works to 1800'),
(277, 'A Series in PN', 'Books categorized under A Series in PN'),
(278, 'Treatise Series in PN', 'Books categorized under Treatise Series in PN'),
(279, 'The Series in Napoleon I, Emperor of the French, 1769-1821 -- Fiction', 'Books categorized under The Series in Napoleon I, Emperor of the French, 1769-1821 -- Fiction'),
(280, 'The Series in Fathers and sons -- Fiction', 'Books categorized under The Series in Fathers and sons -- Fiction'),
(281, 'The Series in Adventure stories', 'Books categorized under The Series in Adventure stories'),
(282, 'The Series in Massachusetts -- Fiction', 'Books categorized under The Series in Massachusetts -- Fiction'),
(283, 'The Series in Villages -- England -- Fiction', 'Books categorized under The Series in Villages -- England -- Fiction'),
(284, 'Boys Series in Thackeray, William Makepeace, 1811-1863 -- Characters', 'Books categorized under Boys Series in Thackeray, William Makepeace, 1811-1863 -- Characters'),
(285, 'Boys Series in PR', 'Books categorized under Boys Series in PR'),
(286, 'American Series in United States -- Politics and government', 'Books categorized under American Series in United States -- Politics and government'),
(287, 'American Series in United States -- History -- Philosophy', 'Books categorized under American Series in United States -- History -- Philosophy'),
(288, 'American Series in JK', 'Books categorized under American Series in JK'),
(289, 'De Series in Dutch literature -- 19th century -- History and criticism', 'Books categorized under De Series in Dutch literature -- 19th century -- History and criticism'),
(290, 'De Series in PT', 'Books categorized under De Series in PT'),
(291, 'Two Series in Clothing and dress -- United States -- History', 'Books categorized under Two Series in Clothing and dress -- United States -- History'),
(292, 'Two Series in GT', 'Books categorized under Two Series in GT'),
(293, 'All Series in Church of England -- Sermons', 'Books categorized under All Series in Church of England -- Sermons'),
(294, 'All Series in Sermons, English -- 19th century', 'Books categorized under All Series in Sermons, English -- 19th century'),
(295, 'All Series in BX', 'Books categorized under All Series in BX'),
(296, 'Den Series in Church history -- Primitive and early church, ca. 30-600 -- Fiction', 'Books categorized under Den Series in Church history -- Primitive and early church, ca. 30-600 -- Fiction'),
(297, 'Den Series in Christian fiction', 'Books categorized under Den Series in Christian fiction'),
(298, 'Den Series in Swedish fiction', 'Books categorized under Den Series in Swedish fiction'),
(299, 'Den Series in PT', 'Books categorized under Den Series in PT'),
(300, 'The Series in Folklore', 'Books categorized under The Series in Folklore'),
(301, 'The Series in Plants -- Folklore', 'Books categorized under The Series in Plants -- Folklore'),
(302, 'The Series in GR', 'Books categorized under The Series in GR'),
(303, 'The Series in QK', 'Books categorized under The Series in QK'),
(304, 'Adonais Series in Keats, John, 1795-1821 -- Poetry', 'Books categorized under Adonais Series in Keats, John, 1795-1821 -- Poetry'),
(305, 'Adonais Series in Shelley, Percy Bysshe, 1792-1822 -- Criticism and interpretation', 'Books categorized under Adonais Series in Shelley, Percy Bysshe, 1792-1822 -- Criticism and interpretation'),
(306, 'Adonais Series in PR', 'Books categorized under Adonais Series in PR'),
(307, 'England Series in England -- Description and travel', 'Books categorized under England Series in England -- Description and travel'),
(308, 'England Series in Cathedrals -- England', 'Books categorized under England Series in Cathedrals -- England'),
(309, 'England Series in DA', 'Books categorized under England Series in DA'),
(310, 'The Series in Arabic literature', 'Books categorized under The Series in Arabic literature'),
(311, 'The Series in PJ', 'Books categorized under The Series in PJ'),
(312, 'Fairies Series in World War, 1914-1918 -- Poetry', 'Books categorized under Fairies Series in World War, 1914-1918 -- Poetry'),
(313, 'Fairies Series in War poetry, English', 'Books categorized under Fairies Series in War poetry, English'),
(314, 'Fairies Series in PR', 'Books categorized under Fairies Series in PR'),
(315, 'Aunt Series in Young women -- Juvenile fiction', 'Books categorized under Aunt Series in Young women -- Juvenile fiction'),
(316, 'Aunt Series in Aunts -- Juvenile fiction', 'Books categorized under Aunt Series in Aunts -- Juvenile fiction'),
(317, 'Aunt Series in Inheritance and succession -- Juvenile fiction', 'Books categorized under Aunt Series in Inheritance and succession -- Juvenile fiction'),
(318, 'Aunt Series in Families -- Economic aspects -- Juvenile fiction', 'Books categorized under Aunt Series in Families -- Economic aspects -- Juvenile fiction'),
(319, 'Aunt Series in Western stories', 'Books categorized under Aunt Series in Western stories'),
(320, 'Aunt Series in Voyages and travels -- Juvenile fiction', 'Books categorized under Aunt Series in Voyages and travels -- Juvenile fiction'),
(321, 'Aunt Series in West (U.S.) -- Juvenile fiction', 'Books categorized under Aunt Series in West (U.S.) -- Juvenile fiction'),
(322, 'Aunt Series in California -- Juvenile fiction', 'Books categorized under Aunt Series in California -- Juvenile fiction'),
(323, 'Aunt Series in Brigands and robbers -- Juvenile fiction', 'Books categorized under Aunt Series in Brigands and robbers -- Juvenile fiction'),
(324, 'Aunt Series in Rocky Mountains -- Description and travel -- Juvenile fiction', 'Books categorized under Aunt Series in Rocky Mountains -- Description and travel -- Juvenile fiction'),
(325, 'The Series in Authors, English -- 19th century -- Correspondence', 'Books categorized under The Series in Authors, English -- 19th century -- Correspondence'),
(326, 'The Series in Lamb, Charles, 1775-1834 -- Correspondence', 'Books categorized under The Series in Lamb, Charles, 1775-1834 -- Correspondence'),
(327, 'Home-Life Series in Cotton famine, 1861-1864', 'Books categorized under Home-Life Series in Cotton famine, 1861-1864'),
(328, 'Home-Life Series in Labor -- England -- Lancashire', 'Books categorized under Home-Life Series in Labor -- England -- Lancashire'),
(329, 'Home-Life Series in Working class -- England -- Lancashire', 'Books categorized under Home-Life Series in Working class -- England -- Lancashire'),
(330, 'Home-Life Series in HD', 'Books categorized under Home-Life Series in HD'),
(331, 'Abducted Series in Oz (Imaginary place) -- Juvenile fiction', 'Books categorized under Abducted Series in Oz (Imaginary place) -- Juvenile fiction'),
(332, 'Abducted Series in Fantasy literature', 'Books categorized under Abducted Series in Fantasy literature'),
(333, 'Abducted Series in PZ', 'Books categorized under Abducted Series in PZ'),
(334, 'Excellent Series in Christian life', 'Books categorized under Excellent Series in Christian life'),
(335, 'Excellent Series in Women -- Biography', 'Books categorized under Excellent Series in Women -- Biography'),
(336, 'Excellent Series in BV', 'Books categorized under Excellent Series in BV'),
(337, 'The Series in Utopias -- Fiction', 'Books categorized under The Series in Utopias -- Fiction'),
(338, 'The Series in Imperialism -- Fiction', 'Books categorized under The Series in Imperialism -- Fiction'),
(339, 'The Series in Utopian fiction', 'Books categorized under The Series in Utopian fiction'),
(340, 'The Series in Space flight to the moon -- Fiction', 'Books categorized under The Series in Space flight to the moon -- Fiction'),
(341, 'The Series in Moon -- Fiction', 'Books categorized under The Series in Moon -- Fiction'),
(342, 'The Series in Children\'s poetry', 'Books categorized under The Series in Children\'s poetry'),
(343, 'The Series in Children\'s stories', 'Books categorized under The Series in Children\'s stories'),
(344, 'Required Series in Children\'s poetry', 'Books categorized under Required Series in Children\'s poetry'),
(345, 'Required Series in PZ', 'Books categorized under Required Series in PZ'),
(346, 'The Series in Russia -- Fiction', 'Books categorized under The Series in Russia -- Fiction'),
(347, 'The Series in Poetry', 'Books categorized under The Series in Poetry'),
(348, 'John Series in Christian fiction', 'Books categorized under John Series in Christian fiction'),
(349, 'John Series in Methodists -- Fiction', 'Books categorized under John Series in Methodists -- Fiction'),
(350, 'John Series in PS', 'Books categorized under John Series in PS'),
(351, 'The Series in Short stories', 'Books categorized under The Series in Short stories'),
(352, 'The Series in PN', 'Books categorized under The Series in PN'),
(353, 'The Series in Home economics', 'Books categorized under The Series in Home economics'),
(354, 'The Series in Cooking, English', 'Books categorized under The Series in Cooking, English'),
(355, 'The Series in TX', 'Books categorized under The Series in TX'),
(356, 'Mary Series in Nursery rhymes, American', 'Books categorized under Mary Series in Nursery rhymes, American'),
(357, 'Mary Series in PS', 'Books categorized under Mary Series in PS'),
(358, 'The Series in Catholic Church', 'Books categorized under The Series in Catholic Church'),
(359, 'The Series in Western stories', 'Books categorized under The Series in Western stories'),
(360, 'The Series in Cowboys -- Fiction', 'Books categorized under The Series in Cowboys -- Fiction'),
(361, 'Rhetoric Series in Renaissance', 'Books categorized under Rhetoric Series in Renaissance'),
(362, 'Rhetoric Series in Poetry -- History and criticism', 'Books categorized under Rhetoric Series in Poetry -- History and criticism'),
(363, 'Rhetoric Series in Rhetoric -- Terminology', 'Books categorized under Rhetoric Series in Rhetoric -- Terminology'),
(364, 'Rhetoric Series in English language -- Early modern, 1500-1700 -- Terms and phrases', 'Books categorized under Rhetoric Series in English language -- Early modern, 1500-1700 -- Terms and phrases');

-- --------------------------------------------------------

--
-- Table structure for table `series_books`
--

CREATE TABLE `series_books` (
  `Series_books_id` int(3) NOT NULL,
  `Series_id` int(11) NOT NULL,
  `Book_id` int(11) NOT NULL
) ENGINE=InnoDB DEFAULT CHARSET=utf8 COLLATE=utf8_general_ci;

--
-- Dumping data for table `series_books`
--

INSERT INTO `series_books` (`Series_books_id`, `Series_id`, `Book_id`) VALUES
(1, 1, 1),
(2, 2, 1),
(3, 3, 1),
(4, 4, 1),
(5, 5, 2),
(6, 6, 2),
(7, 7, 3),
(8, 8, 3),
(9, 9, 4),
(10, 10, 4),
(11, 11, 4),
(12, 12, 5),
(13, 13, 5),
(14, 14, 5),
(15, 15, 5),
(16, 16, 6),
(17, 17, 6),
(18, 18, 7),
(19, 8, 7),
(20, 19, 8),
(21, 20, 8),
(22, 21, 8),
(23, 22, 9),
(24, 23, 9),
(25, 24, 10),
(26, 25, 10),
(27, 26, 10),
(28, 27, 11),
(29, 11, 11),
(30, 28, 12),
(31, 29, 12),
(32, 30, 12),
(33, 18, 13),
(34, 31, 13),
(35, 32, 14),
(36, 33, 14),
(37, 34, 14),
(38, 35, 15),
(39, 36, 15),
(40, 37, 15),
(41, 38, 15),
(42, 39, 16),
(43, 40, 16),
(44, 41, 17),
(45, 42, 17),
(46, 43, 18),
(47, 44, 18),
(48, 45, 18),
(49, 46, 18),
(50, 47, 18),
(51, 48, 18),
(52, 49, 18),
(53, 50, 18),
(54, 51, 18),
(55, 52, 18),
(56, 53, 19),
(57, 54, 19),
(58, 53, 20),
(59, 54, 20),
(60, 53, 21),
(61, 54, 21),
(62, 53, 22),
(63, 54, 22),
(64, 53, 23),
(65, 54, 23),
(66, 53, 24),
(67, 54, 24),
(68, 53, 25),
(69, 54, 25),
(70, 36, 26),
(71, 37, 26),
(72, 38, 26),
(73, 55, 27),
(74, 56, 27),
(75, 57, 27),
(76, 58, 28),
(77, 59, 28),
(78, 60, 28),
(79, 61, 29),
(80, 62, 29),
(81, 63, 29),
(82, 64, 29),
(83, 65, 30),
(84, 66, 30),
(85, 67, 31),
(86, 68, 31),
(87, 69, 32),
(88, 70, 32),
(89, 71, 32),
(90, 72, 32),
(91, 73, 32),
(92, 74, 32),
(93, 75, 33),
(94, 57, 33),
(95, 76, 34),
(96, 77, 34),
(97, 78, 35),
(98, 79, 35),
(99, 80, 36),
(100, 8, 36),
(101, 36, 37),
(102, 37, 37),
(103, 38, 37),
(104, 81, 38),
(105, 82, 38),
(106, 83, 38),
(107, 84, 38),
(108, 85, 38),
(109, 86, 39),
(110, 31, 39),
(111, 53, 40),
(112, 54, 40),
(113, 53, 41),
(114, 54, 41),
(115, 53, 42),
(116, 54, 42),
(117, 53, 43),
(118, 54, 43),
(119, 53, 44),
(120, 54, 44),
(121, 87, 45),
(122, 88, 45),
(123, 26, 45),
(124, 89, 46),
(125, 31, 46),
(126, 90, 47),
(127, 8, 47),
(128, 36, 48),
(129, 37, 48),
(130, 38, 48),
(131, 91, 49),
(132, 92, 49),
(133, 93, 49),
(134, 94, 49),
(135, 95, 49),
(136, 96, 49),
(137, 97, 50),
(138, 31, 50),
(139, 98, 51),
(140, 99, 51),
(141, 100, 51),
(142, 101, 51),
(143, 102, 52),
(144, 103, 52),
(145, 104, 52),
(146, 105, 53),
(147, 106, 53),
(148, 107, 53),
(149, 108, 53),
(150, 109, 54),
(151, 110, 54),
(152, 111, 55),
(153, 112, 55),
(154, 113, 55),
(155, 114, 55),
(156, 115, 55),
(157, 116, 55),
(158, 53, 56),
(159, 54, 56),
(160, 117, 57),
(161, 118, 57),
(162, 119, 57),
(163, 120, 58),
(164, 121, 58),
(165, 122, 58),
(166, 35, 59),
(167, 36, 59),
(168, 37, 59),
(169, 38, 59),
(170, 123, 60),
(171, 124, 60),
(172, 125, 61),
(173, 8, 61),
(174, 126, 62),
(175, 8, 62),
(176, 127, 63),
(177, 11, 63),
(178, 128, 64),
(179, 129, 64),
(180, 130, 65),
(181, 131, 65),
(182, 132, 65),
(183, 133, 66),
(184, 134, 66),
(185, 135, 66),
(186, 136, 66),
(187, 137, 67),
(188, 138, 67),
(189, 139, 67),
(190, 140, 67),
(191, 8, 67),
(192, 141, 68),
(193, 142, 68),
(194, 143, 68),
(195, 144, 69),
(196, 145, 69),
(197, 146, 69),
(198, 147, 69),
(199, 148, 69),
(200, 149, 69),
(201, 150, 69),
(202, 151, 69),
(203, 152, 69),
(204, 36, 70),
(205, 37, 70),
(206, 38, 70),
(207, 153, 71),
(208, 153, 71),
(209, 154, 71),
(210, 154, 71),
(211, 155, 71),
(212, 155, 71),
(213, 156, 72),
(214, 157, 72),
(215, 158, 73),
(216, 31, 73),
(217, 159, 74),
(218, 160, 74),
(219, 161, 75),
(220, 162, 75),
(221, 163, 76),
(222, 164, 76),
(223, 4, 76),
(224, 165, 76),
(225, 166, 77),
(226, 167, 77),
(227, 168, 77),
(228, 169, 77),
(229, 170, 77),
(230, 171, 78),
(231, 80, 78),
(232, 31, 78),
(233, 172, 79),
(234, 173, 79),
(235, 174, 79),
(236, 175, 79),
(237, 176, 79),
(238, 177, 79),
(239, 178, 79),
(240, 179, 79),
(241, 31, 79),
(242, 180, 80),
(243, 181, 80),
(244, 36, 81),
(245, 37, 81),
(246, 38, 81),
(247, 182, 82),
(248, 183, 82),
(249, 184, 83),
(250, 185, 83),
(251, 186, 84),
(252, 186, 84),
(253, 187, 84),
(254, 187, 84),
(255, 188, 84),
(256, 188, 84),
(257, 189, 85),
(258, 190, 85),
(259, 75, 86),
(260, 57, 86),
(261, 191, 87),
(262, 192, 87),
(263, 193, 88),
(264, 194, 88),
(265, 195, 88),
(266, 196, 88),
(267, 197, 88),
(268, 198, 89),
(269, 57, 89),
(270, 199, 90),
(271, 200, 90),
(272, 198, 91),
(273, 57, 91),
(274, 36, 92),
(275, 37, 92),
(276, 38, 92),
(277, 201, 93),
(278, 202, 93),
(279, 203, 94),
(280, 204, 94),
(281, 77, 94),
(282, 80, 95),
(283, 205, 95),
(284, 8, 95),
(285, 80, 96),
(286, 31, 96),
(287, 206, 97),
(288, 207, 97),
(289, 208, 97),
(290, 209, 98),
(291, 210, 98),
(292, 211, 99),
(293, 77, 99),
(294, 212, 100),
(295, 213, 100),
(296, 214, 100),
(297, 215, 100),
(298, 216, 101),
(299, 217, 101),
(300, 218, 102),
(301, 219, 102),
(302, 220, 102),
(303, 221, 102),
(304, 9, 103),
(305, 222, 103),
(306, 10, 103),
(307, 11, 103),
(308, 223, 104),
(309, 224, 104),
(310, 225, 104),
(311, 53, 105),
(312, 54, 105),
(313, 53, 106),
(314, 54, 106),
(315, 226, 107),
(316, 227, 107),
(317, 228, 107),
(318, 229, 107),
(319, 230, 107),
(320, 231, 107),
(321, 232, 107),
(322, 233, 107),
(323, 234, 107),
(324, 77, 107),
(325, 235, 108),
(326, 236, 108),
(327, 237, 108),
(328, 238, 108),
(329, 239, 108),
(330, 240, 108),
(331, 26, 108),
(332, 241, 109),
(333, 242, 109),
(334, 243, 109),
(335, 244, 109),
(336, 8, 109),
(337, 245, 110),
(338, 246, 110),
(339, 247, 110),
(340, 248, 110),
(341, 249, 110),
(342, 250, 110),
(343, 251, 111),
(344, 252, 111),
(345, 253, 112),
(346, 254, 112),
(347, 255, 113),
(348, 256, 113),
(349, 257, 113),
(350, 258, 114),
(351, 259, 114),
(352, 260, 114),
(353, 40, 114),
(354, 9, 115),
(355, 222, 115),
(356, 10, 115),
(357, 11, 115),
(358, 261, 116),
(359, 262, 116),
(360, 263, 117),
(361, 264, 117),
(362, 265, 117),
(363, 266, 117),
(364, 267, 117),
(365, 268, 118),
(366, 8, 118),
(367, 269, 119),
(368, 270, 119),
(369, 53, 120),
(370, 54, 120),
(371, 53, 121),
(372, 54, 121),
(373, 53, 122),
(374, 54, 122),
(375, 271, 123),
(376, 272, 123),
(377, 273, 124),
(378, 274, 124),
(379, 275, 124),
(380, 276, 124),
(381, 277, 124),
(382, 278, 124),
(383, 279, 125),
(384, 280, 125),
(385, 281, 125),
(386, 282, 125),
(387, 31, 125),
(388, 9, 126),
(389, 10, 126),
(390, 11, 126),
(391, 283, 127),
(392, 80, 127),
(393, 8, 127),
(394, 284, 128),
(395, 285, 128),
(396, 286, 129),
(397, 287, 129),
(398, 288, 129),
(399, 289, 130),
(400, 290, 130),
(401, 269, 131),
(402, 270, 131),
(403, 291, 132),
(404, 292, 132),
(405, 293, 133),
(406, 294, 133),
(407, 295, 133),
(408, 296, 134),
(409, 297, 134),
(410, 298, 134),
(411, 299, 134),
(412, 300, 135),
(413, 301, 135),
(414, 302, 135),
(415, 303, 135),
(416, 304, 136),
(417, 305, 136),
(418, 306, 136),
(419, 9, 137),
(420, 10, 137),
(421, 11, 137),
(422, 307, 138),
(423, 308, 138),
(424, 309, 138),
(425, 310, 139),
(426, 311, 139),
(427, 312, 140),
(428, 313, 140),
(429, 314, 140),
(430, 144, 141),
(431, 315, 141),
(432, 147, 141),
(433, 316, 141),
(434, 317, 141),
(435, 318, 141),
(436, 152, 141),
(437, 319, 142),
(438, 144, 142),
(439, 320, 142),
(440, 315, 142),
(441, 146, 142),
(442, 147, 142),
(443, 321, 142),
(444, 322, 142),
(445, 323, 142),
(446, 324, 142),
(447, 152, 142),
(448, 325, 143),
(449, 326, 143),
(450, 8, 143),
(451, 327, 144),
(452, 328, 144),
(453, 329, 144),
(454, 330, 144),
(455, 331, 145),
(456, 332, 145),
(457, 333, 145),
(458, 269, 146),
(459, 270, 146),
(460, 334, 147),
(461, 335, 147),
(462, 336, 147),
(463, 18, 148),
(464, 241, 148),
(465, 337, 148),
(466, 338, 148),
(467, 339, 148),
(468, 340, 148),
(469, 341, 148),
(470, 8, 148),
(471, 342, 149),
(472, 343, 149),
(473, 77, 149),
(474, 344, 150),
(475, 345, 150),
(476, 346, 151),
(477, 8, 151),
(478, 347, 152),
(479, 8, 152),
(480, 348, 153),
(481, 349, 153),
(482, 350, 153),
(483, 351, 154),
(484, 352, 154),
(485, 353, 155),
(486, 354, 155),
(487, 355, 155),
(488, 356, 156),
(489, 357, 156),
(490, 198, 157),
(491, 57, 157),
(492, 358, 158),
(493, 143, 158),
(494, 359, 159),
(495, 360, 159),
(496, 31, 159),
(497, 361, 160),
(498, 362, 160),
(499, 363, 160),
(500, 364, 160);

-- --------------------------------------------------------

--
-- Table structure for table `subjects`
--

CREATE TABLE `subjects` (
  `Subject_id` int(3) NOT NULL,
  `Name` varchar(70) DEFAULT NULL
) ENGINE=InnoDB DEFAULT CHARSET=utf8 COLLATE=utf8_general_ci;

--
-- Dumping data for table `subjects`
--

INSERT INTO `subjects` (`Subject_id`, `Name`) VALUES
(1, 'United States -- History -- Revolution, 1775-1783 -- Sources'),
(2, 'United States. Declaration of Independence'),
(3, 'E201'),
(4, 'JK'),
(5, 'Bible'),
(6, 'BS'),
(7, 'English drama -- Early modern and Elizabethan, 1500-1600'),
(8, 'PR'),
(9, 'Italian poetry -- To 1400'),
(10, 'Epic poetry, Italian'),
(11, 'PQ'),
(12, 'Magna Carta'),
(13, 'Constitutional history -- England -- Sources'),
(14, 'JN'),
(15, 'KD'),
(16, 'Claudius, Emperor of Rome, 10 B.C.-54 A.D. -- Humor'),
(17, 'PA'),
(18, 'Science fiction'),
(19, 'France -- Social life and customs'),
(20, 'France -- History -- Third Republic, 1870-1940'),
(21, 'DC'),
(22, 'Christianity'),
(23, 'BR'),
(24, 'Space flight to the moon -- Fiction'),
(25, 'PS'),
(26, 'Fiction'),
(27, 'Young women -- Fiction'),
(28, 'Vampires -- Fiction'),
(29, 'Fishing -- New York (State)'),
(30, 'Hunting -- New York (State)'),
(31, 'SK'),
(32, 'Hell -- Poetry'),
(33, 'Epic poetry, Italian -- Translations into English'),
(34, 'Italian poetry -- To 1400 -- Translations into English'),
(35, 'Howard, John, 1726-1790'),
(36, 'HV'),
(37, 'Cooking'),
(38, 'TX'),
(39, 'Natural history -- California'),
(40, 'California -- Description and travel'),
(41, 'Naturalists -- United States -- Biography'),
(42, 'Muir, John, 1838-1914 -- Travel -- Sierra Nevada (Calif. and Nev.)'),
(43, 'Natural history -- Sierra Nevada (Calif. and Nev.)'),
(44, 'Mountain ecology -- California'),
(45, 'Mountain ecology -- Sierra Nevada (Calif. and Nev.)'),
(46, 'Sierra Nevada (Calif. and Nev.)'),
(47, 'F850.5'),
(48, 'QH'),
(49, 'American wit and humor -- Periodicals'),
(50, 'AP'),
(51, 'Short stories, English -- Periodicals'),
(52, 'English literature -- Periodicals'),
(53, 'Man-woman relationships -- Fiction'),
(54, 'London (England) -- Social life and customs -- 20th century -- Fiction'),
(55, 'Slessor, Mary Mitchell, 1848-1915'),
(56, 'Missionaries -- Nigeria -- Biography'),
(57, 'Missions -- Nigeria'),
(58, 'BV'),
(59, 'Essays'),
(60, 'Biography -- Juvenile literature'),
(61, 'CT'),
(62, 'City and town life -- Fiction'),
(63, 'Short stories, American'),
(64, 'Immigrants -- Fiction'),
(65, 'Poor -- Fiction'),
(66, 'Slums -- Fiction'),
(67, 'Popular literature -- Great Britain -- Periodicals'),
(68, 'Schools -- Juvenile fiction'),
(69, 'PZ'),
(70, 'Baseball'),
(71, 'GV'),
(72, 'Detective and mystery stories'),
(73, 'Buffalo Bill, 1846-1917'),
(74, 'Scouts (Reconnaissance) -- West (U.S.) -- Biography'),
(75, 'Frontier and pioneer life -- West (U.S.)'),
(76, 'Pioneers -- West (U.S.) -- Biography'),
(77, 'F590.3'),
(78, 'Fantasy poetry, American'),
(79, 'Orphans -- Fiction'),
(80, 'Christian life -- Fiction'),
(81, 'Yukon -- Fiction'),
(82, 'English drama -- 17th century'),
(83, 'English language -- Dictionaries -- Aleut'),
(84, 'Aleut language -- Dictionaries -- English'),
(85, 'PM'),
(86, 'Southern States -- Social life and customs -- Fiction'),
(87, 'Education'),
(88, 'Child development'),
(89, 'Child psychology'),
(90, 'LB'),
(91, 'Alaska -- Gold discoveries'),
(92, 'Klondike River Valley (Yukon) -- Gold discoveries'),
(93, 'E660'),
(94, 'Canada -- History -- 1763-1867'),
(95, 'Dorchester, Guy Carleton, Baron, 1724-1808'),
(96, 'Canada -- History -- 1775-1783'),
(97, 'F1001'),
(98, 'United States Naval Academy -- Juvenile fiction'),
(99, 'Historical fiction'),
(100, 'Virginia -- History -- Colonial period, ca. 1600-1775 -- Fiction'),
(101, 'Glasgow (Scotland) -- Fiction'),
(102, 'Scottish Americans -- Virginia -- Fiction'),
(103, 'Jamestown (Va.) -- Fiction'),
(104, 'Girls -- Juvenile fiction'),
(105, 'Inheritance and succession -- Juvenile fiction'),
(106, 'Inheritance and succession -- Fiction'),
(107, 'Death -- Fiction'),
(108, 'Manners and customs -- Fiction'),
(109, 'Mineral waters -- Sweden'),
(110, 'TN'),
(111, 'Aristotle, 384 BC-322 BC. Poetics'),
(112, 'Drama -- Technique'),
(113, 'PN'),
(114, 'Chinese literature -- Translations into English'),
(115, 'Chinese literature'),
(116, 'China -- Literary collections'),
(117, 'PJ'),
(118, 'England -- Social life and customs -- 20th century -- Fiction'),
(119, 'World War, 1914-1918 -- Veterans -- Fiction'),
(120, 'Mystery fiction'),
(121, 'Women physicians -- Fiction'),
(122, 'Catholic Church. Breviary'),
(123, 'Divine office'),
(124, 'BX'),
(125, 'Family -- Juvenile fiction'),
(126, 'Mystery and detective stories'),
(127, 'Uncles -- Juvenile fiction'),
(128, 'Cousins -- Juvenile fiction'),
(129, 'Farm life -- Juvenile fiction'),
(130, 'Young women -- Social life and customs -- Juvenile fiction'),
(131, 'Newspaper publishing -- Juvenile fiction'),
(132, 'Women authors -- Juvenile fiction'),
(133, 'Geology'),
(134, 'Biology'),
(135, 'Q'),
(136, 'Belgian poetry (French)'),
(137, 'United States -- History -- Civil War, 1861-1865 -- Fiction'),
(138, 'Marriage'),
(139, 'HQ'),
(140, 'Blacksmiths -- Fiction'),
(141, 'Constitutional law -- United States'),
(142, 'United States. Constitution'),
(143, 'KF'),
(144, 'Western stories'),
(145, 'Frontier and pioneer life -- West (U.S.) -- Fiction'),
(146, 'Outlaws -- Fiction'),
(147, 'Psychological fiction'),
(148, 'Domestic fiction'),
(149, 'Social problems -- Fiction'),
(150, 'Social classes -- Fiction'),
(151, 'Working class women -- Fiction'),
(152, 'Women -- Appalachian Region -- Fiction'),
(153, 'Mills and mill-work -- Fiction'),
(154, 'Appalachian Region -- Fiction'),
(155, 'Raeto-Romance language -- Early works to 1800'),
(156, 'PC'),
(157, 'United States -- Biography -- Juvenile literature'),
(158, 'E151'),
(159, 'Bombay (India) -- Social life and customs'),
(160, 'DS'),
(161, 'Cooking, English -- Early works to 1800'),
(162, 'Menus -- Early works to 1800'),
(163, 'Vocabulary'),
(164, 'PE'),
(165, 'Slavery -- Connecticut'),
(166, 'E300'),
(167, 'Africa -- Fiction'),
(168, 'Love stories'),
(169, 'Shipwrecks -- Fiction'),
(170, 'Salvage -- Fiction'),
(171, 'American periodicals'),
(172, 'World War, 1914-1918 -- Public opinion'),
(173, 'D501'),
(174, 'World War, 1914-1918 -- Women'),
(175, 'World War, 1914-1918 -- Naval operations -- Juvenile fiction'),
(176, 'Jutland, Battle of, 1916 -- Juvenile fiction'),
(177, 'England -- Fiction'),
(178, 'Dogs -- Fiction'),
(179, 'Wolfdogs -- Fiction'),
(180, 'Spanish literature -- Translations into English'),
(181, 'United States -- History -- Revolution, 1775-1783 -- Juvenile fiction'),
(182, 'Long Island (N.Y.) -- Fiction'),
(183, 'Older people -- Fiction'),
(184, 'Occultism'),
(185, 'BF'),
(186, 'Fairy poetry'),
(187, 'Scottish poetry'),
(188, 'Ossian, active 3rd century'),
(189, 'World War, 1914-1918 -- Reparations'),
(190, 'World War, 1914-1918 -- Treaties'),
(191, 'Physicians -- Juvenile fiction'),
(192, 'Water -- Juvenile fiction'),
(193, 'Reading -- Juvenile fiction'),
(194, 'Gifted persons -- Juvenile fiction'),
(195, 'Biographical fiction'),
(196, 'Soldiers -- Fiction'),
(197, 'Washington, George, 1732-1799 -- Fiction'),
(198, 'Braddock\'s Campaign, 1755 -- Fiction'),
(199, 'Satire'),
(200, 'Short stories, English');

-- --------------------------------------------------------

--
-- Table structure for table `userpreferences`
--

CREATE TABLE `userpreferences` (
  `preference_id` int(11) NOT NULL,
  `user_id` int(11) DEFAULT NULL,
  `preference_type` varchar(100) DEFAULT NULL,
  `preference_value` varchar(255) DEFAULT NULL
) ENGINE=InnoDB DEFAULT CHARSET=utf8mb4 COLLATE=utf8mb4_general_ci;

-- --------------------------------------------------------

--
-- Table structure for table `users`
--

CREATE TABLE `users` (
  `user_id` int(11) NOT NULL,
  `username` varchar(50) NOT NULL,
  `email` varchar(100) NOT NULL,
  `password` varchar(100) NOT NULL,
  `role` enum('admin','editor','viewer') NOT NULL,
  `created_at` datetime DEFAULT current_timestamp(),
  `updated_at` datetime DEFAULT current_timestamp() ON UPDATE current_timestamp()
) ENGINE=InnoDB DEFAULT CHARSET=utf8mb4 COLLATE=utf8mb4_general_ci;

--
-- Dumping data for table `users`
--

INSERT INTO `users` (`user_id`, `username`, `email`, `password`, `role`, `created_at`, `updated_at`) VALUES
(1, 'user_1', 'user1@example.com', 'password1', 'editor', '2024-03-18 07:20:21', '2024-11-27 07:20:21'),
(2, 'user_2', 'user2@example.com', 'password2', 'viewer', '2024-02-23 07:20:21', '2024-11-27 07:20:21'),
(3, 'user_3', 'user3@example.com', 'password3', 'admin', '2024-03-09 07:20:22', '2024-11-27 07:20:22'),
(4, 'user_4', 'user4@example.com', 'password4', 'editor', '2024-08-01 07:20:22', '2024-11-27 07:20:22'),
(5, 'user_5', 'user5@example.com', 'password5', 'viewer', '2024-06-12 07:20:22', '2024-11-27 07:20:22'),
(6, 'user_6', 'user6@example.com', 'password6', 'admin', '2024-07-31 07:20:22', '2024-11-27 07:20:22'),
(7, 'user_7', 'user7@example.com', 'password7', 'editor', '2024-08-27 07:20:22', '2024-11-27 07:20:22'),
(8, 'user_8', 'user8@example.com', 'password8', 'viewer', '2024-08-16 07:20:22', '2024-11-27 07:20:22'),
(9, 'user_9', 'user9@example.com', 'password9', 'admin', '2024-04-02 07:20:22', '2024-11-27 07:20:22'),
(10, 'user_10', 'user10@example.com', 'password10', 'editor', '2024-06-23 07:20:22', '2024-11-27 07:20:22'),
(11, 'user_11', 'user11@example.com', 'password11', 'viewer', '2024-09-20 07:20:22', '2024-11-27 07:20:22'),
(12, 'user_12', 'user12@example.com', 'password12', 'admin', '2024-04-06 07:20:22', '2024-11-27 07:20:22'),
(13, 'user_13', 'user13@example.com', 'password13', 'editor', '2024-04-01 07:20:22', '2024-11-27 07:20:22'),
(14, 'user_14', 'user14@example.com', 'password14', 'viewer', '2024-07-17 07:20:22', '2024-11-27 07:20:22'),
(15, 'user_15', 'user15@example.com', 'password15', 'admin', '2024-01-23 07:20:22', '2024-11-27 07:20:22'),
(16, 'user_16', 'user16@example.com', 'password16', 'editor', '2024-10-08 07:20:22', '2024-11-27 07:20:22'),
(17, 'user_17', 'user17@example.com', 'password17', 'viewer', '2024-10-04 07:20:22', '2024-11-27 07:20:22'),
(18, 'user_18', 'user18@example.com', 'password18', 'admin', '2024-07-28 07:20:22', '2024-11-27 07:20:22'),
(19, 'user_19', 'user19@example.com', 'password19', 'editor', '2024-09-05 07:20:22', '2024-11-27 07:20:22'),
(20, 'user_20', 'user20@example.com', 'password20', 'viewer', '2024-10-10 07:20:22', '2024-11-27 07:20:22'),
(21, 'user_21', 'user21@example.com', 'password21', 'admin', '2023-12-04 07:20:22', '2024-11-27 07:20:22'),
(22, 'user_22', 'user22@example.com', 'password22', 'editor', '2024-05-20 07:20:22', '2024-11-27 07:20:22'),
(23, 'user_23', 'user23@example.com', 'password23', 'viewer', '2024-03-31 07:20:22', '2024-11-27 07:20:22'),
(24, 'user_24', 'user24@example.com', 'password24', 'admin', '2024-03-02 07:20:22', '2024-11-27 07:20:22'),
(25, 'user_25', 'user25@example.com', 'password25', 'editor', '2024-03-12 07:20:22', '2024-11-27 07:20:22'),
(26, 'user_26', 'user26@example.com', 'password26', 'viewer', '2024-07-21 07:20:22', '2024-11-27 07:20:22'),
(27, 'user_27', 'user27@example.com', 'password27', 'admin', '2024-04-14 07:20:22', '2024-11-27 07:20:22'),
(28, 'user_28', 'user28@example.com', 'password28', 'editor', '2024-11-08 07:20:22', '2024-11-27 07:20:22'),
(29, 'user_29', 'user29@example.com', 'password29', 'viewer', '2024-07-04 07:20:22', '2024-11-27 07:20:22'),
(30, 'user_30', 'user30@example.com', 'password30', 'admin', '2024-01-26 07:20:22', '2024-11-27 07:20:22'),
(31, 'user_31', 'user31@example.com', 'password31', 'editor', '2023-11-30 07:20:22', '2024-11-27 07:20:22'),
(32, 'user_32', 'user32@example.com', 'password32', 'viewer', '2024-06-12 07:20:22', '2024-11-27 07:20:22'),
(33, 'user_33', 'user33@example.com', 'password33', 'admin', '2024-08-04 07:20:22', '2024-11-27 07:20:22'),
(34, 'user_34', 'user34@example.com', 'password34', 'editor', '2024-09-14 07:20:22', '2024-11-27 07:20:22'),
(35, 'user_35', 'user35@example.com', 'password35', 'viewer', '2024-11-02 07:20:22', '2024-11-27 07:20:22'),
(36, 'user_36', 'user36@example.com', 'password36', 'admin', '2024-03-06 07:20:22', '2024-11-27 07:20:22'),
(37, 'user_37', 'user37@example.com', 'password37', 'editor', '2024-06-17 07:20:22', '2024-11-27 07:20:22'),
(38, 'user_38', 'user38@example.com', 'password38', 'viewer', '2024-11-09 07:20:23', '2024-11-27 07:20:23'),
(39, 'user_39', 'user39@example.com', 'password39', 'admin', '2024-01-02 07:20:23', '2024-11-27 07:20:23'),
(40, 'user_40', 'user40@example.com', 'password40', 'editor', '2024-07-15 07:20:23', '2024-11-27 07:20:23'),
(41, 'user_41', 'user41@example.com', 'password41', 'viewer', '2024-10-04 07:20:23', '2024-11-27 07:20:23'),
(42, 'user_42', 'user42@example.com', 'password42', 'admin', '2024-04-12 07:20:23', '2024-11-27 07:20:23'),
(43, 'user_43', 'user43@example.com', 'password43', 'editor', '2024-03-18 07:20:23', '2024-11-27 07:20:23'),
(44, 'user_44', 'user44@example.com', 'password44', 'viewer', '2024-04-24 07:20:23', '2024-11-27 07:20:23'),
(45, 'user_45', 'user45@example.com', 'password45', 'admin', '2024-01-06 07:20:23', '2024-11-27 07:20:23'),
(46, 'user_46', 'user46@example.com', 'password46', 'editor', '2024-03-25 07:20:23', '2024-11-27 07:20:23'),
(47, 'user_47', 'user47@example.com', 'password47', 'viewer', '2024-03-15 07:20:23', '2024-11-27 07:20:23'),
(48, 'user_48', 'user48@example.com', 'password48', 'admin', '2024-05-31 07:20:23', '2024-11-27 07:20:23'),
(49, 'user_49', 'user49@example.com', 'password49', 'editor', '2024-07-18 07:20:23', '2024-11-27 07:20:23'),
(50, 'user_50', 'user50@example.com', 'password50', 'viewer', '2024-08-02 07:20:23', '2024-11-27 07:20:23'),
(51, 'user_51', 'user51@example.com', 'password51', 'admin', '2024-05-19 07:20:23', '2024-11-27 07:20:23'),
(52, 'user_52', 'user52@example.com', 'password52', 'editor', '2024-03-27 07:20:23', '2024-11-27 07:20:23'),
(53, 'user_53', 'user53@example.com', 'password53', 'viewer', '2024-02-17 07:20:23', '2024-11-27 07:20:23'),
(54, 'user_54', 'user54@example.com', 'password54', 'admin', '2024-01-12 07:20:23', '2024-11-27 07:20:23'),
(55, 'user_55', 'user55@example.com', 'password55', 'editor', '2024-11-10 07:20:23', '2024-11-27 07:20:23'),
(56, 'user_56', 'user56@example.com', 'password56', 'viewer', '2024-04-18 07:20:23', '2024-11-27 07:20:23'),
(57, 'user_57', 'user57@example.com', 'password57', 'admin', '2023-12-31 07:20:23', '2024-11-27 07:20:23'),
(58, 'user_58', 'user58@example.com', 'password58', 'editor', '2024-03-08 07:20:23', '2024-11-27 07:20:23'),
(59, 'user_59', 'user59@example.com', 'password59', 'viewer', '2024-01-07 07:20:23', '2024-11-27 07:20:23'),
(60, 'user_60', 'user60@example.com', 'password60', 'admin', '2024-08-18 07:20:23', '2024-11-27 07:20:23'),
(61, 'user_61', 'user61@example.com', 'password61', 'editor', '2024-03-10 07:20:23', '2024-11-27 07:20:23'),
(62, 'user_62', 'user62@example.com', 'password62', 'viewer', '2024-02-25 07:20:23', '2024-11-27 07:20:23'),
(63, 'user_63', 'user63@example.com', 'password63', 'admin', '2024-04-10 07:20:23', '2024-11-27 07:20:23'),
(64, 'user_64', 'user64@example.com', 'password64', 'editor', '2024-01-07 07:20:23', '2024-11-27 07:20:23'),
(65, 'user_65', 'user65@example.com', 'password65', 'viewer', '2024-05-07 07:20:23', '2024-11-27 07:20:23'),
(66, 'user_66', 'user66@example.com', 'password66', 'admin', '2024-10-15 07:20:23', '2024-11-27 07:20:23'),
(67, 'user_67', 'user67@example.com', 'password67', 'editor', '2023-12-27 07:20:23', '2024-11-27 07:20:23'),
(68, 'user_68', 'user68@example.com', 'password68', 'viewer', '2024-08-26 07:20:23', '2024-11-27 07:20:23'),
(69, 'user_69', 'user69@example.com', 'password69', 'admin', '2024-05-25 07:20:23', '2024-11-27 07:20:23'),
(70, 'user_70', 'user70@example.com', 'password70', 'editor', '2024-02-14 07:20:23', '2024-11-27 07:20:23'),
(71, 'user_71', 'user71@example.com', 'password71', 'viewer', '2024-07-01 07:20:23', '2024-11-27 07:20:23'),
(72, 'user_72', 'user72@example.com', 'password72', 'admin', '2024-03-24 07:20:24', '2024-11-27 07:20:24'),
(73, 'user_73', 'user73@example.com', 'password73', 'editor', '2024-09-25 07:20:24', '2024-11-27 07:20:24'),
(74, 'user_74', 'user74@example.com', 'password74', 'viewer', '2024-01-31 07:20:24', '2024-11-27 07:20:24'),
(75, 'user_75', 'user75@example.com', 'password75', 'admin', '2024-04-17 07:20:24', '2024-11-27 07:20:24'),
(76, 'user_76', 'user76@example.com', 'password76', 'editor', '2024-04-24 07:20:24', '2024-11-27 07:20:24'),
(77, 'user_77', 'user77@example.com', 'password77', 'viewer', '2024-10-09 07:20:24', '2024-11-27 07:20:24'),
(78, 'user_78', 'user78@example.com', 'password78', 'admin', '2024-01-07 07:20:24', '2024-11-27 07:20:24'),
(79, 'user_79', 'user79@example.com', 'password79', 'editor', '2024-11-11 07:20:24', '2024-11-27 07:20:24'),
(80, 'user_80', 'user80@example.com', 'password80', 'viewer', '2024-05-11 07:20:24', '2024-11-27 07:20:24'),
(81, 'user_81', 'user81@example.com', 'password81', 'admin', '2024-04-19 07:20:24', '2024-11-27 07:20:24'),
(82, 'user_82', 'user82@example.com', 'password82', 'editor', '2024-07-05 07:20:24', '2024-11-27 07:20:24'),
(83, 'user_83', 'user83@example.com', 'password83', 'viewer', '2024-09-27 07:20:24', '2024-11-27 07:20:24'),
(84, 'user_84', 'user84@example.com', 'password84', 'admin', '2024-04-05 07:20:24', '2024-11-27 07:20:24'),
(85, 'user_85', 'user85@example.com', 'password85', 'editor', '2024-03-03 07:20:24', '2024-11-27 07:20:24'),
(86, 'user_86', 'user86@example.com', 'password86', 'viewer', '2024-02-29 07:20:24', '2024-11-27 07:20:24'),
(87, 'user_87', 'user87@example.com', 'password87', 'admin', '2024-05-25 07:20:24', '2024-11-27 07:20:24'),
(88, 'user_88', 'user88@example.com', 'password88', 'editor', '2024-08-02 07:20:24', '2024-11-27 07:20:24'),
(89, 'user_89', 'user89@example.com', 'password89', 'viewer', '2024-11-02 07:20:24', '2024-11-27 07:20:24'),
(90, 'user_90', 'user90@example.com', 'password90', 'admin', '2024-07-11 07:20:24', '2024-11-27 07:20:24'),
(91, 'user_91', 'user91@example.com', 'password91', 'editor', '2024-03-13 07:20:24', '2024-11-27 07:20:24'),
(92, 'user_92', 'user92@example.com', 'password92', 'viewer', '2024-07-05 07:20:24', '2024-11-27 07:20:24'),
(93, 'user_93', 'user93@example.com', 'password93', 'admin', '2024-01-18 07:20:24', '2024-11-27 07:20:24'),
(94, 'user_94', 'user94@example.com', 'password94', 'editor', '2024-10-15 07:20:24', '2024-11-27 07:20:24'),
(95, 'user_95', 'user95@example.com', 'password95', 'viewer', '2024-11-24 07:20:24', '2024-11-27 07:20:24'),
(96, 'user_96', 'user96@example.com', 'password96', 'admin', '2024-03-22 07:20:24', '2024-11-27 07:20:24'),
(97, 'user_97', 'user97@example.com', 'password97', 'editor', '2024-07-01 07:20:24', '2024-11-27 07:20:24'),
(98, 'user_98', 'user98@example.com', 'password98', 'viewer', '2023-12-05 07:20:24', '2024-11-27 07:20:24'),
(99, 'user_99', 'user99@example.com', 'password99', 'admin', '2024-03-23 07:20:24', '2024-11-27 07:20:24'),
(100, 'user_100', 'user100@example.com', 'password100', 'editor', '2024-06-09 07:20:24', '2024-11-27 07:20:24'),
(101, 'Noman', 'noman@example.com', 'password2', 'viewer', '2024-12-04 18:06:52', '2024-12-04 18:06:52'),
(102, 'maaz', 'maaz@example.com', 'maaz', 'viewer', '2024-12-04 18:33:27', '2024-12-04 18:33:27'),
(103, 'Taha', 'taha@example.com', 'taha', 'viewer', '2024-12-04 19:11:51', '2024-12-04 19:11:51'),
(104, 'moiz', 'moiz@example.com', 'moiz', 'viewer', '2024-12-04 19:31:03', '2024-12-04 19:31:03'),
(105, 'Newuser', 'Newuser@example.com', 'new', 'viewer', '2024-12-04 19:41:31', '2024-12-04 19:41:31'),
(106, 'ERD', 'erd@example.com', 'erd', 'viewer', '2024-12-04 21:21:37', '2024-12-04 21:21:37'),
(107, 'ne1', 'ne1@example.com', 'fast', 'viewer', '2024-12-05 00:26:28', '2024-12-05 00:26:28');

-- --------------------------------------------------------

--
-- Table structure for table `user_bookmarks`
--

CREATE TABLE `user_bookmarks` (
  `bookmark_id` int(11) DEFAULT NULL,
  `user_id` int(11) DEFAULT NULL
) ENGINE=InnoDB DEFAULT CHARSET=utf8mb4 COLLATE=utf8mb4_general_ci;

-- --------------------------------------------------------

--
-- Table structure for table `user_downloads`
--

CREATE TABLE `user_downloads` (
  `user_id` int(11) DEFAULT NULL,
  `download_id` int(11) DEFAULT NULL,
  `timestamp` timestamp NOT NULL DEFAULT current_timestamp() ON UPDATE current_timestamp()
) ENGINE=InnoDB DEFAULT CHARSET=utf8mb4 COLLATE=utf8mb4_general_ci;

-- --------------------------------------------------------

--
-- Table structure for table `user_reviews`
--

CREATE TABLE `user_reviews` (
  `user_id` int(11) DEFAULT NULL,
  `review_id` int(11) DEFAULT NULL
) ENGINE=InnoDB DEFAULT CHARSET=utf8mb4 COLLATE=utf8mb4_general_ci;

--
-- Dumping data for table `user_reviews`
--

INSERT INTO `user_reviews` (`user_id`, `review_id`) VALUES
(4, 955),
(39, 1564),
(46, 339),
(83, 789),
(51, 742),
(50, 1816),
(10, 907),
(93, 218),
(100, 805),
(36, 1253),
(94, 1779),
(57, 1748),
(14, 934),
(92, 146),
(44, 1215),
(14, 416),
(13, 1693),
(37, 1438),
(66, 1479),
(26, 239),
(62, 251),
(44, 198),
(73, 1446),
(5, 1440),
(63, 1080),
(63, 1879),
(52, 1962),
(35, 1403),
(87, 223),
(41, 1137),
(93, 313),
(75, 1779),
(44, 1641),
(29, 1402),
(21, 1118),
(79, 916),
(2, 400),
(64, 136),
(80, 1865),
(7, 867),
(4, 257),
(17, 1365),
(57, 1972),
(89, 1036),
(34, 1200),
(75, 880),
(10, 317),
(51, 1303),
(91, 1904),
(92, 83),
(18, 983),
(22, 419),
(55, 401),
(34, 804),
(14, 208),
(41, 802),
(67, 1226),
(88, 1728),
(58, 561),
(62, 1895),
(18, 1608),
(39, 1120),
(49, 382),
(40, 416),
(13, 778),
(44, 1447),
(22, 1511),
(66, 611),
(99, 1510),
(56, 1942),
(7, 347),
(3, 718),
(63, 770),
(31, 1783),
(18, 791),
(32, 241),
(27, 983),
(58, 1942),
(34, 1330),
(69, 1862),
(91, 219),
(68, 1873),
(54, 31),
(60, 1345),
(92, 1757),
(72, 437),
(49, 532),
(16, 1231),
(13, 23),
(29, 476),
(45, 531),
(96, 951),
(44, 126),
(27, 899),
(63, 818),
(17, 903),
(18, 1800),
(26, 61),
(50, 1147),
(38, 1643),
(78, 1353),
(67, 547),
(30, 1157),
(97, 1944),
(26, 1337),
(83, 1191),
(58, 1003),
(100, 1317),
(20, 1885),
(23, 1805),
(29, 1125),
(18, 1285),
(99, 955),
(41, 129),
(83, 737),
(8, 84),
(13, 1668),
(16, 1852),
(85, 981),
(89, 1094),
(20, 1807),
(49, 651),
(86, 1134),
(57, 326),
(78, 180),
(8, 1184),
(99, 1628),
(69, 79),
(9, 1207),
(25, 1171),
(69, 439),
(58, 419),
(6, 270),
(84, 1863),
(10, 1155),
(64, 506),
(2, 294),
(45, 1986),
(92, 1507),
(33, 165),
(69, 932),
(18, 573),
(92, 244),
(64, 1834),
(47, 800),
(84, 1226),
(52, 1706),
(3, 78),
(1, 103),
(42, 138),
(3, 131),
(32, 1533),
(32, 356),
(10, 1269),
(96, 1554),
(39, 1582),
(65, 1775),
(95, 228),
(26, 1701),
(77, 1045),
(96, 1187),
(8, 259),
(84, 60),
(84, 1884),
(21, 602),
(85, 399),
(77, 1141),
(13, 920),
(96, 1517),
(15, 1459),
(37, 1515),
(60, 1326),
(61, 389),
(13, 1686),
(6, 375),
(32, 1967),
(42, 1849),
(32, 316),
(59, 217),
(51, 966),
(43, 870),
(58, 1113),
(65, 234),
(68, 1414),
(65, 516),
(79, 1239),
(64, 1487),
(31, 374),
(62, 163),
(7, 12),
(1, 1089),
(61, 507),
(51, 1079),
(43, 1069),
(25, 728),
(46, 1128),
(68, 1793),
(86, 399),
(64, 359),
(22, 1799),
(64, 1888),
(90, 739),
(99, 1842),
(56, 903),
(38, 1036),
(53, 735),
(57, 138),
(29, 649),
(25, 1091),
(45, 631),
(52, 672),
(21, 131),
(89, 1852),
(12, 1790),
(62, 444),
(77, 1216),
(57, 1293),
(41, 333),
(96, 1428),
(41, 1405),
(17, 333),
(71, 1699),
(37, 511),
(5, 1352),
(26, 171),
(28, 1680),
(60, 797),
(2, 681),
(86, 123),
(33, 1938),
(84, 800),
(41, 1934),
(5, 994),
(38, 1389),
(25, 1785),
(64, 1184),
(16, 1325),
(44, 474),
(79, 170),
(8, 1440),
(82, 1270),
(82, 358),
(68, 1398),
(36, 581),
(34, 689),
(18, 152),
(86, 607),
(77, 853),
(71, 421),
(71, 1594),
(30, 1972),
(23, 1163),
(77, 1819),
(57, 311),
(31, 71),
(48, 276),
(25, 1087),
(84, 233),
(68, 1355),
(48, 37),
(87, 1706),
(80, 1455),
(31, 928),
(11, 974),
(89, 1860),
(19, 1799),
(86, 36),
(6, 1166),
(97, 196),
(88, 594),
(44, 1369),
(77, 1372),
(65, 203),
(24, 796),
(47, 607),
(58, 391),
(53, 250),
(83, 14),
(31, 482),
(76, 1955),
(39, 743),
(10, 1889),
(82, 521),
(45, 1612),
(17, 1735),
(5, 1928),
(74, 10),
(7, 1233),
(63, 536),
(8, 957),
(11, 577),
(28, 211),
(72, 577),
(42, 412),
(53, 1418),
(45, 590),
(41, 522),
(44, 1072),
(11, 718),
(74, 1169),
(40, 157),
(23, 1918),
(81, 936),
(85, 204),
(10, 434),
(77, 511),
(75, 1619),
(76, 1575),
(50, 1397),
(1, 1990),
(64, 1068),
(37, 660),
(40, 842),
(76, 1315),
(90, 1416),
(19, 197),
(15, 1133),
(56, 1161),
(93, 970),
(62, 429),
(32, 132),
(27, 1870),
(92, 1688),
(90, 253),
(26, 600),
(33, 1709),
(19, 206),
(12, 586),
(89, 425),
(35, 586),
(90, 1652),
(19, 870),
(65, 389),
(58, 1879),
(76, 1488),
(68, 898),
(16, 1983),
(40, 469),
(77, 1513),
(18, 453),
(79, 1131),
(98, 497),
(60, 143),
(59, 1281),
(52, 86),
(65, 1051),
(35, 1288),
(67, 1551),
(53, 560),
(66, 1452),
(11, 249),
(16, 415),
(84, 393),
(75, 990),
(49, 282),
(24, 1341),
(59, 43),
(77, 912),
(49, 1084),
(4, 1355),
(47, 3),
(13, 852),
(34, 562),
(21, 1526),
(76, 748),
(65, 550),
(11, 1885),
(81, 1362),
(71, 92),
(14, 343),
(98, 1659),
(93, 1795),
(9, 1163),
(82, 574),
(75, 512),
(60, 869),
(61, 602),
(75, 833),
(99, 231),
(98, 1139),
(49, 1197),
(65, 1529),
(14, 1842),
(85, 436),
(81, 1689),
(98, 1522),
(75, 369),
(65, 1910),
(95, 259),
(48, 467),
(97, 1066),
(20, 66),
(63, 809),
(18, 1832),
(6, 522),
(62, 527),
(81, 1399),
(12, 1651),
(57, 970),
(21, 893),
(81, 1070),
(85, 1534),
(89, 1329),
(20, 586),
(26, 797),
(17, 1392),
(82, 1439),
(72, 1911),
(45, 796),
(99, 210),
(27, 712),
(79, 1614),
(70, 1454),
(3, 1777),
(5, 601),
(58, 1640),
(67, 497),
(75, 1933),
(9, 1434),
(96, 572),
(1, 1531),
(75, 687),
(68, 1029),
(84, 503),
(30, 955),
(76, 1332),
(95, 1739),
(24, 1204),
(26, 994),
(42, 1229),
(30, 1293),
(3, 716),
(62, 1999),
(28, 1809),
(28, 671),
(17, 1166),
(69, 469),
(17, 417),
(83, 409),
(76, 1143),
(44, 146),
(41, 1808),
(27, 1300),
(10, 495),
(71, 1078),
(18, 1198),
(47, 1767),
(54, 420),
(42, 1503),
(96, 893),
(61, 106),
(28, 1778),
(3, 171),
(65, 969),
(50, 1660),
(82, 1603),
(88, 1978),
(12, 811),
(52, 1841),
(97, 1911),
(76, 1928),
(12, 698),
(28, 553),
(15, 562),
(14, 78),
(88, 1801),
(33, 95),
(91, 1922),
(70, 196),
(64, 148),
(12, 1104),
(13, 590),
(96, 1225),
(64, 874),
(6, 1718),
(49, 482),
(76, 1681),
(74, 1297),
(62, 245),
(47, 1880),
(48, 1705),
(77, 914),
(12, 1746),
(69, 1594),
(76, 808),
(68, 1206),
(16, 1237),
(32, 1056),
(7, 1398),
(7, 584),
(18, 819),
(69, 1748),
(39, 1131),
(44, 1929),
(15, 1322),
(98, 1983),
(65, 1142),
(67, 1212),
(87, 399),
(100, 1067),
(16, 974),
(83, 1585),
(33, 398),
(5, 1786),
(21, 601),
(1, 424),
(75, 1932),
(43, 135),
(9, 1400),
(55, 492),
(26, 184),
(99, 786),
(6, 1636),
(8, 894),
(6, 1325),
(82, 842),
(7, 979),
(99, 322),
(10, 1558),
(58, 294),
(7, 556),
(5, 789),
(11, 1880),
(56, 1830),
(63, 1524),
(11, 191),
(20, 1397),
(85, 1456),
(40, 88),
(6, 1837),
(49, 1942),
(12, 1976),
(74, 408),
(53, 1470),
(72, 791),
(75, 188),
(1, 352),
(61, 960),
(58, 437),
(5, 1612),
(77, 1098),
(95, 737),
(19, 959),
(71, 914),
(100, 1852),
(88, 666),
(7, 646),
(6, 1412),
(75, 677),
(84, 900),
(91, 547),
(62, 634),
(58, 1096),
(14, 1933),
(16, 1964),
(90, 1464),
(91, 1144),
(55, 1394),
(83, 1674),
(51, 329),
(42, 600),
(73, 1396),
(50, 1065),
(4, 1805),
(63, 1886),
(55, 135),
(45, 1028),
(44, 345),
(64, 1864),
(50, 539),
(14, 1133),
(94, 607),
(63, 1556),
(19, 1982),
(61, 484),
(67, 247),
(43, 1823),
(76, 1205),
(17, 1400),
(60, 788),
(89, 577),
(57, 964),
(39, 1774),
(73, 391),
(12, 1413),
(92, 1852),
(58, 418),
(79, 1315),
(44, 557),
(66, 1411),
(82, 1033),
(48, 1689),
(57, 1043),
(31, 274),
(23, 1853),
(89, 868),
(88, 1555),
(47, 1887),
(85, 821),
(82, 255),
(99, 397),
(15, 697),
(32, 49),
(27, 1238),
(30, 455),
(34, 798),
(23, 673),
(33, 451),
(17, 383),
(53, 699),
(74, 272),
(84, 576),
(44, 812),
(7, 1624),
(29, 1053),
(45, 1462),
(65, 1794),
(18, 1574),
(84, 931),
(69, 351),
(72, 1629),
(96, 358),
(22, 1980),
(70, 202),
(75, 143),
(90, 1378),
(34, 1205),
(64, 460),
(78, 84),
(88, 506),
(92, 893),
(76, 547),
(76, 1968),
(8, 1373),
(23, 1315),
(16, 1242),
(82, 26),
(82, 938),
(49, 208),
(44, 931),
(7, 242),
(9, 1655),
(17, 287),
(30, 222),
(6, 1202),
(29, 1462),
(93, 983),
(78, 629),
(45, 469),
(64, 1076),
(89, 834),
(50, 919),
(71, 1216),
(20, 1352),
(7, 1681),
(87, 847),
(84, 997),
(41, 1342),
(21, 524),
(95, 219),
(77, 1120),
(62, 1586),
(26, 401),
(32, 429),
(27, 329),
(67, 178),
(80, 59),
(62, 371),
(72, 1659),
(91, 1743),
(63, 1679),
(77, 455),
(50, 1788),
(48, 1617),
(81, 1511),
(17, 935),
(57, 121),
(68, 369),
(20, 880),
(98, 419),
(10, 218),
(91, 1830),
(32, 84),
(42, 1723),
(55, 617),
(58, 941),
(28, 154),
(13, 391),
(29, 1971),
(74, 635),
(23, 57),
(36, 407),
(45, 534),
(55, 624),
(80, 1796),
(76, 868),
(64, 1536),
(51, 1736),
(50, 1786),
(89, 1836),
(92, 414),
(67, 1580),
(69, 1118),
(67, 631),
(17, 1401),
(73, 1378),
(92, 1414),
(24, 560),
(10, 1123),
(13, 1334),
(84, 1204),
(51, 155),
(68, 858),
(82, 487),
(66, 1753),
(85, 424),
(91, 45),
(64, 1791),
(5, 663),
(28, 1737),
(69, 1407),
(44, 81),
(27, 951),
(8, 1920),
(5, 1218),
(72, 49),
(86, 1656),
(89, 1351),
(67, 940),
(31, 101),
(61, 1599),
(32, 202),
(37, 1144),
(42, 615),
(99, 1710),
(35, 725),
(63, 1274),
(41, 1344),
(81, 473),
(84, 791),
(57, 375),
(26, 987),
(75, 1691),
(58, 469),
(82, 303),
(72, 698),
(45, 282),
(16, 598),
(2, 1738),
(52, 1320),
(52, 1897),
(70, 631),
(76, 1300),
(68, 1200),
(35, 862),
(43, 697),
(10, 1801),
(7, 1847),
(40, 664),
(72, 455),
(62, 129),
(47, 1515),
(90, 1408),
(78, 1273),
(17, 594),
(94, 1141),
(87, 1789),
(3, 711),
(100, 1428),
(56, 934),
(10, 381),
(11, 139),
(13, 132),
(5, 1942),
(86, 533),
(60, 1358),
(32, 1284),
(31, 1545),
(59, 678),
(7, 896),
(18, 1630),
(33, 1073),
(39, 1636),
(91, 776),
(54, 1247),
(75, 956),
(34, 298),
(83, 192),
(38, 429),
(70, 1651),
(29, 613),
(30, 1947),
(93, 1428),
(24, 453),
(76, 894),
(74, 1378),
(37, 1192),
(70, 1080),
(74, 625),
(55, 1371),
(49, 429),
(20, 1358),
(89, 1725),
(87, 1888),
(14, 1334),
(93, 1686),
(78, 33),
(48, 212),
(59, 1638),
(70, 1698),
(47, 711),
(78, 670),
(26, 1601),
(14, 483),
(62, 1100),
(14, 810),
(25, 1056),
(33, 1404),
(57, 1475),
(56, 1839),
(45, 1237),
(83, 591),
(63, 1821),
(12, 912),
(89, 1173),
(23, 696),
(3, 1392),
(17, 1544),
(5, 1830),
(60, 1010),
(36, 977),
(79, 1957),
(41, 1261),
(74, 487),
(26, 469),
(40, 357),
(11, 1849),
(72, 678),
(69, 1257),
(20, 359),
(21, 1475),
(97, 857),
(31, 474),
(40, 1049),
(23, 1612),
(6, 178),
(27, 970),
(51, 854),
(69, 1388),
(15, 1592),
(35, 615),
(91, 147),
(29, 1862),
(8, 1617),
(46, 1821),
(58, 1883),
(85, 530),
(15, 1505),
(96, 600),
(26, 1161),
(8, 1644),
(81, 1446),
(63, 1114),
(27, 1379),
(68, 1406),
(61, 1979),
(86, 1106),
(33, 1890),
(40, 1468),
(66, 117),
(2, 515),
(41, 42),
(19, 1087),
(37, 429),
(34, 1915),
(59, 782),
(22, 281),
(85, 772),
(54, 675),
(7, 727),
(37, 1777),
(64, 1348),
(46, 235),
(56, 1178),
(13, 881),
(52, 1933),
(85, 1788),
(71, 1592),
(11, 1179),
(27, 416),
(90, 377),
(64, 1538),
(92, 471),
(97, 570),
(20, 212),
(26, 633),
(68, 1244),
(92, 1785),
(56, 1214),
(45, 771),
(44, 965),
(32, 29),
(48, 1001),
(2, 753),
(14, 1080),
(48, 133),
(29, 1383),
(92, 1255),
(51, 910),
(31, 1861),
(74, 440),
(61, 721),
(4, 1360),
(4, 448),
(10, 1148),
(88, 1324),
(26, 1342),
(53, 553),
(15, 995),
(88, 237),
(8, 866),
(65, 1046),
(36, 410),
(87, 1017),
(61, 736),
(59, 1053),
(38, 12),
(86, 1516),
(52, 1455),
(72, 213),
(38, 922),
(84, 1184),
(86, 1797),
(57, 457),
(85, 592),
(24, 1871),
(78, 501),
(38, 1413),
(31, 120),
(11, 1893),
(97, 1609),
(24, 1536),
(96, 1714),
(72, 77),
(88, 1116),
(66, 334),
(76, 757),
(65, 1822),
(59, 223),
(80, 1971),
(21, 925),
(11, 300),
(2, 1064),
(54, 616),
(51, 1540),
(100, 1216),
(57, 36),
(2, 1967),
(30, 1965),
(74, 117),
(7, 1088),
(43, 956),
(77, 1541),
(94, 143),
(71, 878),
(21, 1657),
(85, 235),
(46, 1023),
(86, 69),
(90, 308),
(26, 397),
(54, 250),
(67, 130),
(22, 84),
(38, 497),
(45, 1641),
(82, 530),
(93, 803),
(74, 457),
(72, 1032),
(77, 574),
(94, 863),
(74, 209),
(37, 1877),
(96, 1284),
(89, 1421),
(99, 219),
(21, 1396),
(18, 141),
(33, 1100),
(59, 808),
(64, 1802),
(70, 540),
(76, 1903),
(92, 400),
(23, 67),
(58, 1514),
(92, 1044),
(46, 841),
(74, 554),
(86, 475),
(84, 124),
(97, 899),
(97, 1811),
(25, 1469),
(99, 1120),
(41, 1092),
(55, 174),
(91, 576),
(13, 669),
(42, 1557),
(47, 1715),
(41, 897),
(70, 970),
(36, 1261),
(16, 1860),
(88, 1839),
(27, 444),
(35, 1892),
(79, 145),
(51, 557),
(48, 444),
(17, 1434),
(87, 1719),
(52, 1453),
(18, 1714),
(4, 1536),
(65, 1327),
(24, 1261),
(93, 191),
(41, 1052),
(17, 1764),
(56, 1480),
(79, 1909),
(79, 1200),
(23, 951),
(10, 1737),
(65, 142),
(95, 1271),
(40, 435),
(47, 42),
(82, 1733),
(94, 347),
(29, 82),
(47, 876),
(16, 649),
(40, 641),
(82, 1001),
(1, 107),
(53, 858),
(15, 1884),
(1, 909),
(35, 423),
(98, 1764),
(91, 273),
(61, 1568),
(100, 1978),
(27, 23),
(64, 1995),
(89, 1491),
(37, 614),
(34, 753),
(47, 1055),
(42, 654),
(50, 1812),
(44, 1714),
(88, 1132),
(85, 1429),
(78, 347),
(80, 413),
(93, 627),
(13, 883),
(13, 1578),
(66, 435),
(51, 1366),
(97, 769),
(74, 970),
(28, 304),
(78, 1010),
(24, 868),
(62, 1017),
(19, 1361),
(27, 323),
(16, 1910),
(47, 1159),
(5, 243),
(86, 91),
(86, 1230),
(47, 1275),
(95, 1653),
(41, 1759),
(41, 769),
(93, 1238),
(97, 689),
(74, 896),
(70, 232),
(97, 252),
(25, 1805),
(15, 46),
(7, 1034),
(67, 1235),
(37, 569),
(26, 79),
(83, 820),
(90, 706),
(58, 1851),
(67, 1023),
(64, 1688),
(71, 283),
(26, 1625),
(23, 1295),
(1, 204),
(13, 68),
(3, 284),
(62, 277),
(40, 866),
(79, 1086),
(81, 614),
(97, 1793),
(68, 1794),
(9, 937),
(33, 135),
(30, 1622),
(16, 1949),
(52, 1344),
(6, 1201),
(8, 370),
(84, 907),
(64, 1312),
(87, 457),
(27, 753),
(86, 1559),
(67, 570),
(38, 164),
(21, 527),
(53, 1273),
(68, 562),
(33, 382),
(44, 1056),
(12, 141),
(40, 1237),
(1, 941),
(5, 1068),
(61, 858),
(90, 1952),
(95, 1544),
(86, 1841),
(86, 929),
(83, 1813),
(100, 1595),
(54, 1158),
(93, 410),
(5, 572),
(31, 371),
(33, 590),
(69, 1344),
(86, 1224),
(17, 1591),
(99, 1190),
(30, 1720),
(86, 573),
(67, 1857),
(78, 186),
(2, 567),
(87, 1827),
(15, 1104),
(3, 805),
(47, 984),
(5, 350),
(55, 1540),
(62, 1226),
(18, 559),
(27, 1246),
(94, 604),
(67, 1383),
(25, 361),
(21, 684),
(35, 422),
(61, 457),
(3, 1138),
(50, 612),
(5, 1175),
(85, 1445),
(54, 465),
(16, 54),
(7, 577),
(16, 647),
(11, 421),
(29, 396),
(50, 550),
(61, 1511),
(81, 1619),
(87, 1666),
(25, 779),
(91, 1928),
(39, 1438),
(54, 1296),
(46, 724),
(22, 1301),
(66, 754),
(75, 962),
(61, 468),
(26, 644),
(17, 1008),
(29, 839),
(61, 118),
(86, 1500),
(30, 571),
(84, 1872),
(79, 1965),
(96, 1989),
(8, 1795),
(42, 1767),
(73, 1864),
(29, 1625),
(31, 864),
(39, 758),
(35, 1215),
(21, 914),
(72, 445),
(43, 857),
(18, 1074),
(52, 453),
(22, 1284),
(52, 1153),
(24, 1829),
(25, 1899),
(43, 102),
(63, 1442),
(73, 1028),
(75, 486),
(85, 784),
(61, 786),
(28, 1369),
(18, 690),
(85, 437),
(50, 630),
(11, 1907),
(98, 1704),
(72, 943),
(100, 1304),
(100, 392),
(88, 179),
(36, 773),
(72, 450),
(64, 1048),
(46, 301),
(99, 562),
(31, 514),
(66, 1437),
(52, 1863),
(73, 797),
(41, 1821),
(51, 1190),
(8, 33),
(19, 1602),
(86, 1653),
(43, 200),
(5, 864),
(3, 1379),
(19, 531),
(39, 429),
(35, 301),
(64, 894),
(8, 1817),
(17, 1503),
(57, 499),
(96, 353),
(78, 1971),
(40, 1567),
(53, 334),
(33, 635),
(12, 764),
(9, 402),
(76, 60),
(36, 1645),
(56, 1435),
(73, 329),
(51, 62),
(25, 88),
(96, 1383),
(73, 433),
(32, 534),
(32, 45),
(50, 43),
(34, 1083),
(41, 1622),
(89, 1909),
(96, 1421),
(82, 24),
(23, 1693),
(94, 1475),
(54, 1140),
(80, 1166),
(52, 1645),
(69, 1791),
(88, 46),
(31, 677),
(92, 1813),
(14, 926),
(88, 1229),
(7, 1638),
(50, 1295),
(75, 183),
(48, 1853),
(13, 891),
(74, 1673),
(91, 96),
(86, 1051),
(47, 1161),
(44, 43),
(87, 1454),
(98, 1550),
(29, 1365),
(39, 139),
(36, 1397),
(79, 822),
(23, 1773),
(52, 327),
(1, 412),
(79, 293),
(92, 927),
(22, 941),
(69, 1471),
(8, 1328),
(15, 1301),
(59, 996),
(27, 192),
(21, 943),
(47, 1126),
(40, 710),
(25, 1344),
(95, 1390),
(87, 751),
(99, 1526),
(15, 321),
(40, 1185),
(21, 1289),
(60, 538),
(74, 1346),
(51, 1322),
(56, 555),
(57, 728),
(16, 1963),
(93, 433),
(31, 1093),
(76, 1537),
(73, 1249),
(29, 1243),
(36, 723),
(99, 1533),
(51, 121),
(50, 1487),
(67, 1964),
(90, 1900),
(82, 1778),
(27, 117),
(98, 117),
(76, 1442),
(22, 171),
(66, 1375),
(91, 1986),
(32, 73),
(47, 1836),
(23, 1553),
(87, 1905),
(81, 1998),
(60, 1385),
(21, 603),
(46, 1414),
(45, 1745),
(22, 595),
(20, 1919),
(29, 1888),
(65, 970),
(100, 661),
(61, 359),
(4, 206),
(17, 179),
(45, 773),
(15, 444),
(9, 1767),
(14, 872),
(98, 622),
(28, 1198),
(57, 1453),
(38, 1411),
(36, 305),
(39, 852),
(88, 1882),
(64, 1078),
(30, 61),
(29, 1160),
(49, 1837),
(72, 938),
(79, 1983),
(29, 15),
(46, 1109),
(69, 1055),
(40, 1408),
(58, 1221),
(92, 870),
(98, 1081),
(25, 1768),
(89, 582),
(29, 98),
(84, 365),
(83, 656),
(67, 1715),
(21, 417),
(25, 482),
(39, 1688),
(93, 902),
(26, 233),
(41, 352),
(10, 1619),
(66, 1702),
(59, 1989),
(97, 1723),
(93, 1273),
(35, 870),
(62, 552),
(89, 1115),
(51, 1412),
(47, 1144),
(48, 699),
(14, 1639),
(48, 1633),
(37, 480),
(36, 1858),
(87, 646),
(67, 1650),
(100, 633),
(50, 1216),
(37, 323),
(34, 98),
(69, 1209),
(51, 134),
(6, 950),
(13, 926),
(33, 1079),
(15, 1207),
(71, 907),
(20, 1649),
(60, 664),
(91, 1417),
(22, 1444),
(62, 1435),
(45, 1112),
(33, 1321),
(43, 263),
(62, 409),
(52, 268),
(18, 788),
(64, 1768),
(62, 1258),
(79, 1094),
(3, 72),
(13, 1959),
(23, 164),
(70, 496),
(98, 1083),
(12, 1726),
(82, 1940),
(47, 1043),
(96, 713),
(26, 1528),
(73, 599),
(53, 1385),
(4, 749),
(42, 1221),
(23, 293),
(19, 1080),
(28, 805),
(48, 1536),
(26, 1470),
(61, 1635),
(40, 1114),
(53, 1809),
(91, 1887),
(42, 39),
(36, 140),
(49, 660),
(94, 33),
(85, 221),
(54, 698),
(35, 1145),
(39, 779),
(34, 172),
(55, 708),
(1, 1283),
(35, 449),
(35, 510),
(11, 1642),
(75, 837),
(87, 1275),
(71, 140),
(96, 515),
(96, 1001),
(95, 1097),
(6, 309),
(97, 354),
(4, 1826),
(47, 1577),
(91, 192),
(37, 1321),
(63, 31),
(67, 434),
(39, 1625),
(53, 1072),
(3, 1284),
(90, 1451),
(21, 1136),
(70, 165),
(45, 1771),
(54, 1518),
(90, 852),
(82, 649),
(51, 177),
(71, 205),
(66, 1673),
(50, 980),
(9, 1236),
(87, 113),
(8, 55),
(67, 1587),
(83, 1343),
(40, 959),
(28, 1060),
(44, 403),
(92, 415),
(13, 936),
(87, 669),
(77, 1576),
(79, 644),
(46, 819),
(6, 1371),
(54, 1579),
(94, 1341),
(35, 1959),
(57, 1515),
(65, 466),
(55, 1279),
(24, 1748),
(72, 1251),
(89, 1212),
(67, 987),
(57, 1567),
(55, 476),
(98, 75),
(89, 1113),
(75, 739),
(32, 1272),
(2, 374),
(5, 57),
(11, 1341),
(1, 398),
(77, 458),
(62, 911),
(79, 1416),
(80, 1891),
(92, 1879),
(14, 1490),
(43, 1710),
(59, 833),
(75, 974),
(70, 618),
(88, 194),
(39, 132),
(35, 7),
(62, 401),
(85, 167),
(94, 1633),
(33, 982),
(9, 664),
(58, 1492),
(82, 285),
(87, 1199),
(39, 293),
(76, 1447),
(77, 117),
(34, 970),
(44, 1339),
(15, 488),
(37, 753),
(94, 716),
(71, 1431),
(46, 149),
(15, 1765),
(12, 1339),
(6, 1063),
(31, 1668),
(34, 1524),
(75, 1951),
(11, 1235),
(21, 1265),
(20, 1182),
(36, 609),
(88, 399),
(31, 1035),
(12, 194),
(53, 536),
(13, 483),
(3, 1192),
(17, 1854),
(76, 83),
(10, 246),
(1, 68),
(78, 1132),
(23, 1880),
(100, 1327),
(90, 1941),
(53, 1620),
(59, 704),
(94, 1849),
(96, 1982),
(95, 448),
(62, 1521),
(79, 346),
(95, 1828),
(66, 477),
(10, 845),
(20, 1728),
(75, 163),
(85, 1702),
(78, 1024),
(3, 217),
(23, 988),
(7, 677),
(16, 1658),
(88, 1579),
(57, 1207),
(19, 526),
(56, 575),
(74, 313),
(10, 1128),
(14, 1953),
(27, 1476),
(55, 1888),
(15, 941),
(17, 1035),
(17, 123),
(18, 1873),
(21, 800),
(93, 1888),
(89, 1582),
(75, 662),
(94, 697),
(74, 314),
(36, 542),
(47, 1272),
(66, 1761),
(20, 10),
(12, 1369),
(31, 1567),
(69, 1356),
(6, 1261),
(98, 1109),
(53, 26),
(33, 1926),
(68, 799),
(82, 775),
(29, 858),
(3, 1422),
(47, 886),
(73, 1303),
(76, 1696),
(86, 1447),
(73, 1948),
(56, 1248),
(89, 986),
(32, 702),
(27, 110),
(63, 224),
(23, 745),
(17, 1288),
(67, 1221),
(71, 269),
(29, 1330),
(43, 485),
(97, 1880),
(94, 1136),
(8, 544),
(55, 846),
(46, 222),
(6, 1950),
(36, 653),
(13, 1935),
(63, 489),
(27, 376),
(78, 1739),
(94, 1954),
(20, 1611),
(66, 565),
(50, 112),
(33, 1230),
(52, 848),
(24, 1893),
(79, 1896),
(24, 1520),
(90, 1775),
(36, 730),
(3, 56),
(39, 1323),
(88, 647),
(24, 1648),
(52, 1018),
(58, 669),
(13, 839),
(25, 865),
(70, 665),
(98, 1077),
(21, 1566),
(31, 1022),
(31, 1256),
(45, 1697),
(34, 1839),
(52, 1156),
(5, 1409),
(26, 1239),
(50, 1724),
(86, 1216),
(13, 1624),
(38, 1006),
(86, 87),
(47, 1892),
(78, 1348),
(44, 1030),
(14, 745),
(50, 384),
(85, 815),
(10, 1437),
(18, 209),
(46, 107),
(95, 1612),
(94, 1756),
(3, 208),
(9, 440),
(79, 1841),
(93, 328),
(93, 1240),
(11, 625),
(67, 1840),
(22, 394),
(74, 1796),
(91, 863),
(4, 272),
(54, 1583),
(26, 291),
(44, 1731),
(77, 1602),
(23, 855),
(75, 1378),
(5, 1455),
(57, 1463),
(13, 292),
(16, 103),
(16, 1299),
(18, 1073),
(86, 1074),
(91, 1347),
(89, 856),
(51, 365),
(12, 388),
(58, 514),
(57, 1652),
(52, 622),
(28, 1753),
(64, 1337),
(35, 119),
(37, 242),
(55, 156),
(25, 519),
(91, 1900),
(35, 78),
(15, 1334),
(78, 511),
(52, 1408),
(58, 1841),
(22, 1295),
(25, 399),
(42, 1200),
(2, 329),
(98, 1884),
(92, 654),
(9, 799),
(8, 1302),
(46, 672),
(30, 746),
(88, 352),
(8, 1083),
(89, 47),
(55, 79),
(36, 902),
(65, 1172),
(23, 797),
(39, 925),
(71, 53),
(93, 1514),
(96, 64),
(41, 1147),
(81, 9),
(25, 1602),
(9, 783),
(27, 172),
(98, 1101),
(89, 335),
(97, 1238),
(2, 1894),
(21, 1197),
(71, 1255),
(54, 678),
(43, 912),
(60, 412),
(59, 1927),
(45, 1523),
(33, 947),
(18, 240),
(93, 1916),
(54, 1356),
(58, 932),
(89, 1012),
(32, 1575),
(27, 826),
(82, 1181),
(23, 393),
(89, 794),
(6, 1130),
(4, 1706),
(77, 1314),
(72, 387),
(54, 939),
(88, 1474),
(95, 1408),
(59, 945),
(40, 1466),
(71, 344),
(78, 1684),
(93, 1087),
(26, 985),
(39, 687),
(15, 117),
(96, 199),
(63, 822),
(29, 1433),
(27, 219),
(9, 389),
(47, 107),
(37, 468),
(36, 1027),
(47, 9),
(3, 235),
(69, 900),
(60, 683),
(59, 1414),
(37, 1673),
(63, 1376),
(18, 691),
(34, 1384),
(34, 579),
(28, 551),
(27, 79),
(9, 1613),
(50, 920),
(42, 129),
(17, 52),
(79, 1725),
(42, 1470),
(51, 580),
(66, 733),
(10, 1792),
(77, 493),
(32, 1247),
(21, 1331),
(60, 1587),
(22, 846),
(80, 516),
(21, 231),
(95, 1048),
(95, 1020),
(39, 448),
(32, 1916),
(8, 1472),
(15, 459),
(1, 930),
(65, 277),
(53, 1387),
(12, 101),
(52, 1798),
(9, 894),
(68, 786),
(43, 1546),
(88, 1856),
(29, 1688),
(27, 116),
(53, 1896),
(79, 996),
(92, 1706),
(63, 779),
(58, 1920),
(7, 1729),
(66, 1324),
(85, 989),
(36, 1672),
(45, 557),
(64, 1473),
(29, 186),
(8, 933),
(54, 1526),
(44, 632),
(96, 245),
(70, 372),
(59, 603),
(20, 680),
(2, 190),
(12, 906),
(92, 662),
(69, 35),
(20, 1220),
(29, 1827),
(45, 445),
(63, 392),
(88, 939),
(31, 1235),
(46, 347),
(57, 221),
(28, 884),
(25, 1269),
(6, 336),
(40, 935),
(3, 837),
(26, 247),
(55, 1079),
(16, 1082),
(54, 1212),
(28, 285),
(84, 466),
(12, 1084),
(57, 28),
(26, 1464),
(43, 959),
(17, 661),
(40, 1722),
(39, 540),
(89, 875),
(74, 1798),
(48, 582),
(69, 1614),
(90, 110),
(80, 116),
(14, 138),
(3, 450),
(73, 1181),
(34, 1571),
(6, 1362),
(79, 1070),
(60, 1577),
(65, 1917),
(61, 260),
(10, 26),
(6, 840),
(20, 1135),
(52, 976),
(32, 600),
(71, 1834),
(24, 386),
(12, 1711),
(64, 1911),
(5, 770),
(22, 1515),
(43, 470),
(93, 786),
(60, 730),
(33, 933),
(18, 1864),
(79, 603),
(81, 1879),
(40, 1677),
(4, 456),
(36, 946),
(73, 1010),
(69, 779),
(65, 1999),
(32, 1361),
(57, 1159),
(57, 1875),
(59, 458),
(25, 1365),
(81, 169),
(49, 1638),
(81, 898),
(45, 1994),
(81, 98),
(62, 374),
(61, 490),
(79, 546),
(19, 63),
(42, 1319),
(28, 1466),
(40, 1523);

--
-- Indexes for dumped tables
--

--
-- Indexes for table `authorbooks`
--
ALTER TABLE `authorbooks`
  ADD KEY `fk_authorbookau` (`author_id`),
  ADD KEY `fk_authorbookbk` (`book_id`);

--
-- Indexes for table `authors`
--
ALTER TABLE `authors`
  ADD PRIMARY KEY (`Author_id`);

--
-- Indexes for table `bookformat`
--
ALTER TABLE `bookformat`
  ADD PRIMARY KEY (`id`);

--
-- Indexes for table `booklinks`
--
ALTER TABLE `booklinks`
  ADD PRIMARY KEY (`Link_id`),
  ADD KEY `fk_linksbk` (`Book_id`),
  ADD KEY `fk_type` (`type_id`);

--
-- Indexes for table `bookmarks`
--
ALTER TABLE `bookmarks`
  ADD PRIMARY KEY (`bookmark_id`),
  ADD KEY `book_id` (`book_id`);

--
-- Indexes for table `books`
--
ALTER TABLE `books`
  ADD PRIMARY KEY (`Book_id`);

--
-- Indexes for table `booktitles`
--
ALTER TABLE `booktitles`
  ADD PRIMARY KEY (`id`),
  ADD KEY `fk_titlesbk` (`Book_id`);

--
-- Indexes for table `book_genre`
--
ALTER TABLE `book_genre`
  ADD KEY `fk_genrebk` (`Book_id`),
  ADD KEY `fk_genreid` (`genre_id`);

--
-- Indexes for table `book_publisher`
--
ALTER TABLE `book_publisher`
  ADD KEY `fk_pblsh` (`publisher_id`),
  ADD KEY `fk_pblshbk` (`book_id`);

--
-- Indexes for table `book_reviews`
--
ALTER TABLE `book_reviews`
  ADD KEY `book_id` (`book_id`),
  ADD KEY `review_id` (`review_id`);

--
-- Indexes for table `downloaded_books`
--
ALTER TABLE `downloaded_books`
  ADD KEY `download_id` (`download_id`),
  ADD KEY `book_id` (`book_id`);

--
-- Indexes for table `downloads`
--
ALTER TABLE `downloads`
  ADD PRIMARY KEY (`download_id`);

--
-- Indexes for table `genres`
--
ALTER TABLE `genres`
  ADD PRIMARY KEY (`Genre_id`);

--
-- Indexes for table `publishers`
--
ALTER TABLE `publishers`
  ADD PRIMARY KEY (`Publisher_id`);

--
-- Indexes for table `publisher_contacts`
--
ALTER TABLE `publisher_contacts`
  ADD PRIMARY KEY (`Contact_id`),
  ADD KEY `fk_pblshid` (`Publisher_id`);

--
-- Indexes for table `readlater`
--
ALTER TABLE `readlater`
  ADD PRIMARY KEY (`read_later_id`),
  ADD KEY `user_id` (`user_id`),
  ADD KEY `book_id` (`book_id`);

--
-- Indexes for table `reviews`
--
ALTER TABLE `reviews`
  ADD PRIMARY KEY (`review_id`);

--
-- Indexes for table `series`
--
ALTER TABLE `series`
  ADD PRIMARY KEY (`Series_id`);

--
-- Indexes for table `series_books`
--
ALTER TABLE `series_books`
  ADD PRIMARY KEY (`Series_books_id`),
  ADD KEY `fk_seriesbk` (`Book_id`),
  ADD KEY `fk_seriesid` (`Series_id`);

--
-- Indexes for table `subjects`
--
ALTER TABLE `subjects`
  ADD PRIMARY KEY (`Subject_id`);

--
-- Indexes for table `userpreferences`
--
ALTER TABLE `userpreferences`
  ADD PRIMARY KEY (`preference_id`),
  ADD KEY `user_id` (`user_id`);

--
-- Indexes for table `users`
--
ALTER TABLE `users`
  ADD PRIMARY KEY (`user_id`),
  ADD UNIQUE KEY `email` (`email`);

--
-- Indexes for table `user_bookmarks`
--
ALTER TABLE `user_bookmarks`
  ADD KEY `bookmark_id` (`bookmark_id`),
  ADD KEY `user_id` (`user_id`);

--
-- Indexes for table `user_downloads`
--
ALTER TABLE `user_downloads`
  ADD KEY `user_id` (`user_id`),
  ADD KEY `download_id` (`download_id`);

--
-- Indexes for table `user_reviews`
--
ALTER TABLE `user_reviews`
  ADD KEY `user_id` (`user_id`),
  ADD KEY `review_id` (`review_id`);

--
-- AUTO_INCREMENT for dumped tables
--

--
-- AUTO_INCREMENT for table `readlater`
--
ALTER TABLE `readlater`
  MODIFY `read_later_id` int(11) NOT NULL AUTO_INCREMENT, AUTO_INCREMENT=6;

--
-- AUTO_INCREMENT for table `reviews`
--
ALTER TABLE `reviews`
  MODIFY `review_id` int(11) NOT NULL AUTO_INCREMENT, AUTO_INCREMENT=2001;

--
-- AUTO_INCREMENT for table `users`
--
ALTER TABLE `users`
  MODIFY `user_id` int(11) NOT NULL AUTO_INCREMENT, AUTO_INCREMENT=108;

--
-- Constraints for dumped tables
--

--
-- Constraints for table `authorbooks`
--
ALTER TABLE `authorbooks`
  ADD CONSTRAINT `fk_authorbookau` FOREIGN KEY (`author_id`) REFERENCES `authors` (`Author_id`),
  ADD CONSTRAINT `fk_authorbookbk` FOREIGN KEY (`book_id`) REFERENCES `books` (`Book_id`);

--
-- Constraints for table `booklinks`
--
ALTER TABLE `booklinks`
  ADD CONSTRAINT `fk_linksbk` FOREIGN KEY (`Book_id`) REFERENCES `books` (`Book_id`),
  ADD CONSTRAINT `fk_type` FOREIGN KEY (`type_id`) REFERENCES `bookformat` (`id`);

--
-- Constraints for table `bookmarks`
--
ALTER TABLE `bookmarks`
  ADD CONSTRAINT `bookmarks_ibfk_1` FOREIGN KEY (`book_id`) REFERENCES `books` (`Book_id`);

--
-- Constraints for table `booktitles`
--
ALTER TABLE `booktitles`
  ADD CONSTRAINT `fk_titlesbk` FOREIGN KEY (`Book_id`) REFERENCES `books` (`Book_id`);

--
-- Constraints for table `book_genre`
--
ALTER TABLE `book_genre`
  ADD CONSTRAINT `fk_genrebk` FOREIGN KEY (`Book_id`) REFERENCES `books` (`Book_id`),
  ADD CONSTRAINT `fk_genreid` FOREIGN KEY (`genre_id`) REFERENCES `genres` (`Genre_id`);

--
-- Constraints for table `book_publisher`
--
ALTER TABLE `book_publisher`
  ADD CONSTRAINT `fk_pblsh` FOREIGN KEY (`publisher_id`) REFERENCES `publishers` (`Publisher_id`),
  ADD CONSTRAINT `fk_pblshbk` FOREIGN KEY (`book_id`) REFERENCES `books` (`Book_id`);

--
-- Constraints for table `book_reviews`
--
ALTER TABLE `book_reviews`
  ADD CONSTRAINT `book_reviews_ibfk_1` FOREIGN KEY (`book_id`) REFERENCES `books` (`Book_id`),
  ADD CONSTRAINT `book_reviews_ibfk_2` FOREIGN KEY (`review_id`) REFERENCES `reviews` (`review_id`);

--
-- Constraints for table `downloaded_books`
--
ALTER TABLE `downloaded_books`
  ADD CONSTRAINT `downloaded_books_ibfk_1` FOREIGN KEY (`download_id`) REFERENCES `downloads` (`download_id`),
  ADD CONSTRAINT `downloaded_books_ibfk_2` FOREIGN KEY (`book_id`) REFERENCES `books` (`Book_id`);

--
-- Constraints for table `publisher_contacts`
--
ALTER TABLE `publisher_contacts`
  ADD CONSTRAINT `fk_pblshid` FOREIGN KEY (`Publisher_id`) REFERENCES `publishers` (`Publisher_id`);

--
-- Constraints for table `readlater`
--
ALTER TABLE `readlater`
  ADD CONSTRAINT `readlater_ibfk_1` FOREIGN KEY (`user_id`) REFERENCES `users` (`user_id`),
  ADD CONSTRAINT `readlater_ibfk_2` FOREIGN KEY (`book_id`) REFERENCES `books` (`Book_id`);

--
-- Constraints for table `series_books`
--
ALTER TABLE `series_books`
  ADD CONSTRAINT `fk_seriesbk` FOREIGN KEY (`Book_id`) REFERENCES `books` (`Book_id`),
  ADD CONSTRAINT `fk_seriesid` FOREIGN KEY (`Series_id`) REFERENCES `series` (`Series_id`);

--
-- Constraints for table `userpreferences`
--
ALTER TABLE `userpreferences`
  ADD CONSTRAINT `userpreferences_ibfk_1` FOREIGN KEY (`user_id`) REFERENCES `users` (`user_id`);

--
-- Constraints for table `user_bookmarks`
--
ALTER TABLE `user_bookmarks`
  ADD CONSTRAINT `user_bookmarks_ibfk_1` FOREIGN KEY (`bookmark_id`) REFERENCES `bookmarks` (`bookmark_id`),
  ADD CONSTRAINT `user_bookmarks_ibfk_2` FOREIGN KEY (`user_id`) REFERENCES `users` (`user_id`);

--
-- Constraints for table `user_downloads`
--
ALTER TABLE `user_downloads`
  ADD CONSTRAINT `user_downloads_ibfk_1` FOREIGN KEY (`user_id`) REFERENCES `users` (`user_id`),
  ADD CONSTRAINT `user_downloads_ibfk_2` FOREIGN KEY (`download_id`) REFERENCES `downloads` (`download_id`);

--
-- Constraints for table `user_reviews`
--
ALTER TABLE `user_reviews`
  ADD CONSTRAINT `user_reviews_ibfk_1` FOREIGN KEY (`user_id`) REFERENCES `users` (`user_id`) ON DELETE CASCADE,
  ADD CONSTRAINT `user_reviews_ibfk_2` FOREIGN KEY (`review_id`) REFERENCES `reviews` (`review_id`) ON DELETE CASCADE;
COMMIT;

/*!40101 SET CHARACTER_SET_CLIENT=@OLD_CHARACTER_SET_CLIENT */;
/*!40101 SET CHARACTER_SET_RESULTS=@OLD_CHARACTER_SET_RESULTS */;
/*!40101 SET COLLATION_CONNECTION=@OLD_COLLATION_CONNECTION */;
